threshold,rows,reject_count,approved_count,predicted_reject_share,approved_share,tp_caught_defaults,fp_rejected_good,tn_approved_good,fn_approved_defaults,precision_bad_rate_among_rejected,recall_default_capture,approved_bad_rate,rejected_bad_rate,total_portfolio_value,value_per_applicant,calibration_method,default_loss_saved,good_borrower_opportunity_cost,max_reject_share_constraint,economic_break_even_probability,policy_type,model_family,model,dataset,model_dataset_label
0.300875,186920,148227,38693,0.792997,0.207003,42935,105292,35503,3190,0.289657,0.93084,0.082444,0.289657,271412000.0,1452.02,raw,10000.0,1500.0,,0.130435,economic_unconstrained,xgboost,xgboost_05_missingness_challenger,missingness_challenger,XGBoost | missingness challenger
0.306671,186920,146545,40375,0.783999,0.216001,42715,103830,36965,3410,0.29148,0.92607,0.084458,0.29148,271405000.0,1451.98,raw,10000.0,1500.0,,0.130435,economic_unconstrained,xgboost,xgboost_05_missingness_challenger,missingness_challenger,XGBoost | missingness challenger
0.298877,186920,148788,38132,0.795998,0.204002,43004,105784,35011,3121,0.289029,0.932336,0.081847,0.289029,271364000.0,1451.77,raw,10000.0,1500.0,,0.130435,economic_unconstrained,xgboost,xgboost_05_missingness_challenger,missingness_challenger,XGBoost | missingness challenger
0.301576,186920,148040,38880,0.791997,0.208003,42905,105135,35660,3220,0.28982,0.93019,0.082819,0.28982,271347500.0,1451.68,raw,10000.0,1500.0,,0.130435,economic_unconstrained,xgboost,xgboost_05_missingness_challenger,missingness_challenger,XGBoost | missingness challenger
0.291045,186920,151031,35889,0.807998,0.192002,43295,107736,33059,2830,0.286663,0.938645,0.078854,0.286663,271346000.0,1451.67,raw,10000.0,1500.0,,0.130435,economic_unconstrained,xgboost,xgboost_05_missingness_challenger,missingness_challenger,XGBoost | missingness challenger
0.289781,186920,151405,35515,0.809999,0.190001,43342,108063,32732,2783,0.286265,0.939664,0.078361,0.286265,271325500.0,1451.56,raw,10000.0,1500.0,,0.130435,economic_unconstrained,xgboost,xgboost_05_missingness_challenger,missingness_challenger,XGBoost | missingness challenger
0.28841,186920,151779,35141,0.812,0.188,43390,108389,32406,2735,0.285876,0.940705,0.077829,0.285876,271316500.0,1451.51,raw,10000.0,1500.0,,0.130435,economic_unconstrained,xgboost,xgboost_05_missingness_challenger,missingness_challenger,XGBoost | missingness challenger
0.286274,186920,152339,34581,0.814996,0.185004,43463,108876,31919,2662,0.285304,0.942287,0.076979,0.285304,271316000.0,1451.51,raw,10000.0,1500.0,,0.130435,economic_unconstrained,xgboost,xgboost_05_missingness_challenger,missingness_challenger,XGBoost | missingness challenger
0.300228,186920,148414,38506,0.793997,0.206003,42951,105463,35332,3174,0.2894,0.931187,0.082429,0.2894,271315500.0,1451.51,raw,10000.0,1500.0,,0.130435,economic_unconstrained,xgboost,xgboost_05_missingness_challenger,missingness_challenger,XGBoost | missingness challenger
0.30354,186920,147480,39440,0.789001,0.210999,42829,104651,36144,3296,0.290405,0.928542,0.08357,0.290405,271313500.0,1451.5,raw,10000.0,1500.0,,0.130435,economic_unconstrained,xgboost,xgboost_05_missingness_challenger,missingness_challenger,XGBoost | missingness challenger
0.287653,186920,151967,34953,0.813006,0.186994,43414,108553,32242,2711,0.28568,0.941225,0.077561,0.28568,271310500.0,1451.48,raw,10000.0,1500.0,,0.130435,economic_unconstrained,xgboost,xgboost_05_missingness_challenger,missingness_challenger,XGBoost | missingness challenger
0.302872,186920,147667,39253,0.790001,0.209999,42853,104814,35981,3272,0.2902,0.929062,0.083357,0.2902,271309000.0,1451.47,raw,10000.0,1500.0,,0.130435,economic_unconstrained,xgboost,xgboost_05_missingness_challenger,missingness_challenger,XGBoost | missingness challenger
0.304192,186920,147293,39627,0.788,0.212,42804,104489,36306,3321,0.290604,0.928,0.083806,0.290604,271306500.0,1451.46,raw,10000.0,1500.0,,0.130435,economic_unconstrained,xgboost,xgboost_05_missingness_challenger,missingness_challenger,XGBoost | missingness challenger
0.302208,186920,147853,39067,0.790996,0.209004,42877,104976,35819,3248,0.289997,0.929583,0.083139,0.289997,271306000.0,1451.46,raw,10000.0,1500.0,,0.130435,economic_unconstrained,xgboost,xgboost_05_missingness_challenger,missingness_challenger,XGBoost | missingness challenger
0.299517,186920,148601,38319,0.794998,0.205002,42974,105627,35168,3151,0.289191,0.931686,0.082231,0.289191,271299500.0,1451.42,raw,10000.0,1500.0,,0.130435,economic_unconstrained,xgboost,xgboost_05_missingness_challenger,missingness_challenger,XGBoost | missingness challenger
0.306029,186920,146732,40188,0.784999,0.215001,42730,104002,36793,3395,0.291211,0.926396,0.084478,0.291211,271297000.0,1451.41,raw,10000.0,1500.0,,0.130435,economic_unconstrained,xgboost,xgboost_05_missingness_challenger,missingness_challenger,XGBoost | missingness challenger
0.29818,186920,148975,37945,0.796999,0.203001,43021,105954,34841,3104,0.28878,0.932705,0.081803,0.28878,271279000.0,1451.31,raw,10000.0,1500.0,,0.130435,economic_unconstrained,xgboost,xgboost_05_missingness_challenger,missingness_challenger,XGBoost | missingness challenger
0.304824,186920,147106,39814,0.787,0.213,42777,104329,36466,3348,0.29079,0.927415,0.084091,0.29079,271276500.0,1451.3,raw,10000.0,1500.0,,0.130435,economic_unconstrained,xgboost,xgboost_05_missingness_challenger,missingness_challenger,XGBoost | missingness challenger
0.297538,186920,149162,37758,0.797999,0.202001,43045,106117,34678,3080,0.288579,0.933225,0.081572,0.288579,271274500.0,1451.29,raw,10000.0,1500.0,,0.130435,economic_unconstrained,xgboost,xgboost_05_missingness_challenger,missingness_challenger,XGBoost | missingness challenger
0.290427,186920,151218,35702,0.808999,0.191001,43313,107905,32890,2812,0.286428,0.939035,0.078763,0.286428,271272500.0,1451.28,raw,10000.0,1500.0,,0.130435,economic_unconstrained,xgboost,xgboost_05_missingness_challenger,missingness_challenger,XGBoost | missingness challenger
0.291619,186920,150844,36076,0.806998,0.193002,43264,107580,33215,2861,0.286813,0.937973,0.079305,0.286813,271270000.0,1451.26,raw,10000.0,1500.0,,0.130435,economic_unconstrained,xgboost,xgboost_05_missingness_challenger,missingness_challenger,XGBoost | missingness challenger
0.286979,186920,152153,34767,0.814001,0.185999,43434,108719,32076,2691,0.285463,0.941659,0.077401,0.285463,271261500.0,1451.22,raw,10000.0,1500.0,,0.130435,economic_unconstrained,xgboost,xgboost_05_missingness_challenger,missingness_challenger,XGBoost | missingness challenger
0.295688,186920,149723,37197,0.801,0.199,43117,106606,34189,3008,0.287978,0.934786,0.080867,0.287978,271261000.0,1451.21,raw,10000.0,1500.0,,0.130435,economic_unconstrained,xgboost,xgboost_05_missingness_challenger,missingness_challenger,XGBoost | missingness challenger
0.295006,186920,149910,37010,0.802001,0.197999,43141,106769,34026,2984,0.287779,0.935306,0.080627,0.287779,271256500.0,1451.19,raw,10000.0,1500.0,,0.130435,economic_unconstrained,xgboost,xgboost_05_missingness_challenger,missingness_challenger,XGBoost | missingness challenger
0.283546,186920,153087,33833,0.818997,0.181003,43555,109532,31263,2570,0.284511,0.944282,0.075961,0.284511,271252000.0,1451.17,raw,10000.0,1500.0,,0.130435,economic_unconstrained,xgboost,xgboost_05_missingness_challenger,missingness_challenger,XGBoost | missingness challenger
0.315027,186920,144115,42805,0.770998,0.229002,42384,101731,39064,3741,0.294098,0.918894,0.087396,0.294098,271243500.0,1451.12,raw,10000.0,1500.0,,0.130435,economic_unconstrained,xgboost,xgboost_05_missingness_challenger,missingness_challenger,XGBoost | missingness challenger
0.285598,186920,152527,34393,0.816001,0.183999,43481,109046,31749,2644,0.285071,0.942678,0.076876,0.285071,271241000.0,1451.11,raw,10000.0,1500.0,,0.130435,economic_unconstrained,xgboost,xgboost_05_missingness_challenger,missingness_challenger,XGBoost | missingness challenger
0.305441,186920,146919,40001,0.785999,0.214001,42749,104170,36625,3376,0.29097,0.926808,0.084398,0.29097,271235000.0,1451.08,raw,10000.0,1500.0,,0.130435,economic_unconstrained,xgboost,xgboost_05_missingness_challenger,missingness_challenger,XGBoost | missingness challenger
0.311657,186920,145050,41870,0.776,0.224,42505,102545,38250,3620,0.293037,0.921518,0.086458,0.293037,271232500.0,1451.06,raw,10000.0,1500.0,,0.130435,economic_unconstrained,xgboost,xgboost_05_missingness_challenger,missingness_challenger,XGBoost | missingness challenger
0.294345,186920,150096,36824,0.802996,0.197004,43163,106933,33862,2962,0.287569,0.935783,0.080437,0.287569,271230500.0,1451.05,raw,10000.0,1500.0,,0.130435,economic_unconstrained,xgboost,xgboost_05_missingness_challenger,missingness_challenger,XGBoost | missingness challenger
0.289095,186920,151592,35328,0.810999,0.189001,43358,108234,32561,2767,0.286018,0.940011,0.078323,0.286018,271229000.0,1451.04,raw,10000.0,1500.0,,0.130435,economic_unconstrained,xgboost,xgboost_05_missingness_challenger,missingness_challenger,XGBoost | missingness challenger
0.309208,186920,145797,41123,0.779997,0.220003,42602,103195,37600,3523,0.292201,0.923621,0.08567,0.292201,271227500.0,1451.04,raw,10000.0,1500.0,,0.130435,economic_unconstrained,xgboost,xgboost_05_missingness_challenger,missingness_challenger,XGBoost | missingness challenger
0.307264,186920,146358,40562,0.782998,0.217002,42675,103683,37112,3450,0.29158,0.925203,0.085055,0.29158,271225500.0,1451.02,raw,10000.0,1500.0,,0.130435,economic_unconstrained,xgboost,xgboost_05_missingness_challenger,missingness_challenger,XGBoost | missingness challenger
0.28289,186920,153274,33646,0.819998,0.180002,43577,109697,31098,2548,0.284308,0.944759,0.07573,0.284308,271224500.0,1451.02,raw,10000.0,1500.0,,0.130435,economic_unconstrained,xgboost,xgboost_05_missingness_challenger,missingness_challenger,XGBoost | missingness challenger
0.296903,186920,149349,37571,0.799,0.201,43065,106284,34511,3060,0.288351,0.933659,0.081446,0.288351,271224000.0,1451.02,raw,10000.0,1500.0,,0.130435,economic_unconstrained,xgboost,xgboost_05_missingness_challenger,missingness_challenger,XGBoost | missingness challenger
0.296277,186920,149536,37384,0.8,0.2,43089,106447,34348,3036,0.288151,0.934179,0.081211,0.288151,271219500.0,1450.99,raw,10000.0,1500.0,,0.130435,economic_unconstrained,xgboost,xgboost_05_missingness_challenger,missingness_challenger,XGBoost | missingness challenger
0.313042,186920,144676,42244,0.774,0.226,42455,102221,38574,3670,0.293449,0.920434,0.086876,0.293449,271218500.0,1450.99,raw,10000.0,1500.0,,0.130435,economic_unconstrained,xgboost,xgboost_05_missingness_challenger,missingness_challenger,XGBoost | missingness challenger
0.308499,186920,145984,40936,0.780997,0.219003,42625,103359,37436,3500,0.291984,0.924119,0.085499,0.291984,271211500.0,1450.95,raw,10000.0,1500.0,,0.130435,economic_unconstrained,xgboost,xgboost_05_missingness_challenger,missingness_challenger,XGBoost | missingness challenger
0.292328,186920,150657,36263,0.805997,0.194003,43234,107423,33372,2891,0.28697,0.937322,0.079723,0.28697,271205500.0,1450.92,raw,10000.0,1500.0,,0.130435,economic_unconstrained,xgboost,xgboost_05_missingness_challenger,missingness_challenger,XGBoost | missingness challenger
0.314345,186920,144302,42618,0.771999,0.228001,42405,101897,38898,3720,0.293863,0.91935,0.087287,0.293863,271204500.0,1450.91,raw,10000.0,1500.0,,0.130435,economic_unconstrained,xgboost,xgboost_05_missingness_challenger,missingness_challenger,XGBoost | missingness challenger
0.313656,186920,144489,42431,0.772999,0.227001,42429,102060,38735,3696,0.293649,0.91987,0.087106,0.293649,271200000.0,1450.89,raw,10000.0,1500.0,,0.130435,economic_unconstrained,xgboost,xgboost_05_missingness_challenger,missingness_challenger,XGBoost | missingness challenger
0.284322,186920,152900,34020,0.817997,0.182003,43526,109374,31421,2599,0.28467,0.943653,0.076396,0.28467,271199000.0,1450.88,raw,10000.0,1500.0,,0.130435,economic_unconstrained,xgboost,xgboost_05_missingness_challenger,missingness_challenger,XGBoost | missingness challenger
0.312332,186920,144863,42057,0.775,0.225,42477,102386,38409,3648,0.293222,0.920911,0.086739,0.293222,271191000.0,1450.84,raw,10000.0,1500.0,,0.130435,economic_unconstrained,xgboost,xgboost_05_missingness_challenger,missingness_challenger,XGBoost | missingness challenger
0.293009,186920,150470,36450,0.804997,0.195003,43208,107262,33533,2917,0.287154,0.936759,0.080027,0.287154,271187000.0,1450.82,raw,10000.0,1500.0,,0.130435,economic_unconstrained,xgboost,xgboost_05_missingness_challenger,missingness_challenger,XGBoost | missingness challenger
0.310413,186920,145423,41497,0.777996,0.222004,42549,102874,37921,3576,0.292588,0.922472,0.086175,0.292588,271179000.0,1450.78,raw,10000.0,1500.0,,0.130435,economic_unconstrained,xgboost,xgboost_05_missingness_challenger,missingness_challenger,XGBoost | missingness challenger
0.307874,186920,146171,40749,0.781998,0.218002,42646,103525,37270,3479,0.291754,0.924575,0.085376,0.291754,271172500.0,1450.74,raw,10000.0,1500.0,,0.130435,economic_unconstrained,xgboost,xgboost_05_missingness_challenger,missingness_challenger,XGBoost | missingness challenger
0.293652,186920,150283,36637,0.803996,0.196004,43182,107101,33694,2943,0.287338,0.936195,0.080329,0.287338,271168500.0,1450.72,raw,10000.0,1500.0,,0.130435,economic_unconstrained,xgboost,xgboost_05_missingness_challenger,missingness_challenger,XGBoost | missingness challenger
0.309809,186920,145610,41310,0.778996,0.221004,42572,103038,37757,3553,0.29237,0.92297,0.086008,0.29237,271163000.0,1450.69,raw,10000.0,1500.0,,0.130435,economic_unconstrained,xgboost,xgboost_05_missingness_challenger,missingness_challenger,XGBoost | missingness challenger
0.316257,186920,143741,43179,0.768997,0.231003,42328,101413,39382,3797,0.294474,0.91768,0.087936,0.294474,271160500.0,1450.68,raw,10000.0,1500.0,,0.130435,economic_unconstrained,xgboost,xgboost_05_missingness_challenger,missingness_challenger,XGBoost | missingness challenger
0.311068,186920,145237,41683,0.777001,0.222999,42522,102715,38080,3603,0.292777,0.921886,0.086438,0.292777,271147500.0,1450.61,raw,10000.0,1500.0,,0.130435,economic_unconstrained,xgboost,xgboost_05_missingness_challenger,missingness_challenger,XGBoost | missingness challenger
0.315653,186920,143928,42992,0.769998,0.230002,42351,101577,39218,3774,0.294251,0.918179,0.087784,0.294251,271144500.0,1450.59,raw,10000.0,1500.0,,0.130435,economic_unconstrained,xgboost,xgboost_05_missingness_challenger,missingness_challenger,XGBoost | missingness challenger
0.28222,186920,153461,33459,0.820998,0.179002,43594,109867,30928,2531,0.284072,0.945127,0.075645,0.284072,271139500.0,1450.56,raw,10000.0,1500.0,,0.130435,economic_unconstrained,xgboost,xgboost_05_missingness_challenger,missingness_challenger,XGBoost | missingness challenger
0.285,186920,152713,34207,0.816997,0.183003,43495,109218,31577,2630,0.284815,0.942981,0.076885,0.284815,271123000.0,1450.48,raw,10000.0,1500.0,,0.130435,economic_unconstrained,xgboost,xgboost_05_missingness_challenger,missingness_challenger,XGBoost | missingness challenger
0.316867,186920,143554,43366,0.767997,0.232003,42297,101257,39538,3828,0.294642,0.917008,0.088272,0.294642,271084500.0,1450.27,raw,10000.0,1500.0,,0.130435,economic_unconstrained,xgboost,xgboost_05_missingness_challenger,missingness_challenger,XGBoost | missingness challenger
0.281497,186920,153648,33272,0.821999,0.178001,43613,110035,30760,2512,0.28385,0.945539,0.075499,0.28385,271077500.0,1450.23,raw,10000.0,1500.0,,0.130435,economic_unconstrained,xgboost,xgboost_05_missingness_challenger,missingness_challenger,XGBoost | missingness challenger
0.328417,186920,140003,46917,0.749,0.251,41833,98170,42625,4292,0.298801,0.906949,0.091481,0.298801,271075000.0,1450.22,raw,10000.0,1500.0,,0.130435,economic_unconstrained,xgboost,xgboost_05_missingness_challenger,missingness_challenger,XGBoost | missingness challenger
0.317528,186920,143367,43553,0.766997,0.233003,42271,101096,39699,3854,0.294845,0.916444,0.08849,0.294845,271066000.0,1450.17,raw,10000.0,1500.0,,0.130435,economic_unconstrained,xgboost,xgboost_05_missingness_challenger,missingness_challenger,XGBoost | missingness challenger
0.32051,186920,142433,44487,0.762,0.238,42149,100284,40511,3976,0.295922,0.913799,0.089374,0.295922,271064000.0,1450.16,raw,10000.0,1500.0,,0.130435,economic_unconstrained,xgboost,xgboost_05_missingness_challenger,missingness_challenger,XGBoost | missingness challenger
0.327771,186920,140190,46730,0.75,0.25,41856,98334,42461,4269,0.298566,0.907447,0.091355,0.298566,271059000.0,1450.13,raw,10000.0,1500.0,,0.130435,economic_unconstrained,xgboost,xgboost_05_missingness_challenger,missingness_challenger,XGBoost | missingness challenger
0.328994,186920,139816,47104,0.747999,0.252001,41806,98010,42785,4319,0.299007,0.906363,0.091691,0.299007,271045000.0,1450.06,raw,10000.0,1500.0,,0.130435,economic_unconstrained,xgboost,xgboost_05_missingness_challenger,missingness_challenger,XGBoost | missingness challenger
0.327148,186920,140377,46543,0.751,0.249,41879,98498,42297,4246,0.298332,0.907946,0.091227,0.298332,271043000.0,1450.05,raw,10000.0,1500.0,,0.130435,economic_unconstrained,xgboost,xgboost_05_missingness_challenger,missingness_challenger,XGBoost | missingness challenger
0.319843,186920,142620,44300,0.763,0.237,42171,100449,40346,3954,0.295688,0.914276,0.089255,0.295688,271036500.0,1450.01,raw,10000.0,1500.0,,0.130435,economic_unconstrained,xgboost,xgboost_05_missingness_challenger,missingness_challenger,XGBoost | missingness challenger
0.319255,186920,142807,44113,0.764001,0.235999,42195,100612,40183,3930,0.295469,0.914797,0.089089,0.295469,271032000.0,1449.99,raw,10000.0,1500.0,,0.130435,economic_unconstrained,xgboost,xgboost_05_missingness_challenger,missingness_challenger,XGBoost | missingness challenger
0.318678,186920,142994,43926,0.765001,0.234999,42216,100778,40017,3909,0.295229,0.915252,0.088991,0.295229,270993000.0,1449.78,raw,10000.0,1500.0,,0.130435,economic_unconstrained,xgboost,xgboost_05_missingness_challenger,missingness_challenger,XGBoost | missingness challenger
0.326576,186920,140564,46356,0.752001,0.247999,41898,98666,42129,4227,0.298071,0.908358,0.091186,0.298071,270981000.0,1449.72,raw,10000.0,1500.0,,0.130435,economic_unconstrained,xgboost,xgboost_05_missingness_challenger,missingness_challenger,XGBoost | missingness challenger
0.28079,186920,153835,33085,0.822999,0.177001,43629,110206,30589,2496,0.283609,0.945886,0.075442,0.283609,270981000.0,1449.72,raw,10000.0,1500.0,,0.130435,economic_unconstrained,xgboost,xgboost_05_missingness_challenger,missingness_challenger,XGBoost | missingness challenger
0.279341,186920,154209,32711,0.825,0.175,43677,110532,30263,2448,0.283232,0.946927,0.074837,0.283232,270972000.0,1449.67,raw,10000.0,1500.0,,0.130435,economic_unconstrained,xgboost,xgboost_05_missingness_challenger,missingness_challenger,XGBoost | missingness challenger
0.318093,186920,143180,43740,0.765996,0.234004,42238,100942,39853,3887,0.294999,0.915729,0.088866,0.294999,270967000.0,1449.64,raw,10000.0,1500.0,,0.130435,economic_unconstrained,xgboost,xgboost_05_missingness_challenger,missingness_challenger,XGBoost | missingness challenger
0.325941,186920,140751,46169,0.753001,0.246999,41921,98830,41965,4204,0.297838,0.908856,0.091057,0.297838,270965000.0,1449.63,raw,10000.0,1500.0,,0.130435,economic_unconstrained,xgboost,xgboost_05_missingness_challenger,missingness_challenger,XGBoost | missingness challenger
0.329553,186920,139629,47291,0.746999,0.253001,41773,97856,42939,4352,0.299171,0.905648,0.092026,0.299171,270946000.0,1449.53,raw,10000.0,1500.0,,0.130435,economic_unconstrained,xgboost,xgboost_05_missingness_challenger,missingness_challenger,XGBoost | missingness challenger
0.321142,186920,142246,44674,0.760999,0.239001,42114,100132,40663,4011,0.296065,0.913041,0.089784,0.296065,270942000.0,1449.51,raw,10000.0,1500.0,,0.130435,economic_unconstrained,xgboost,xgboost_05_missingness_challenger,missingness_challenger,XGBoost | missingness challenger
0.277915,186920,154583,32337,0.827001,0.172999,43723,110860,29935,2402,0.282845,0.947924,0.07428,0.282845,270940000.0,1449.5,raw,10000.0,1500.0,,0.130435,economic_unconstrained,xgboost,xgboost_05_missingness_challenger,missingness_challenger,XGBoost | missingness challenger
0.33009,186920,139442,47478,0.745998,0.254002,41748,97694,43101,4377,0.299393,0.905106,0.09219,0.299393,270939000.0,1449.49,raw,10000.0,1500.0,,0.130435,economic_unconstrained,xgboost,xgboost_05_missingness_challenger,missingness_challenger,XGBoost | missingness challenger
0.325339,186920,140937,45983,0.753996,0.246004,41943,98994,41801,4182,0.297601,0.909333,0.090947,0.297601,270939000.0,1449.49,raw,10000.0,1500.0,,0.130435,economic_unconstrained,xgboost,xgboost_05_missingness_challenger,missingness_challenger,XGBoost | missingness challenger
0.278693,186920,154396,32524,0.826,0.174,43698,110698,30097,2427,0.283025,0.947382,0.074622,0.283025,270933000.0,1449.46,raw,10000.0,1500.0,,0.130435,economic_unconstrained,xgboost,xgboost_05_missingness_challenger,missingness_challenger,XGBoost | missingness challenger
0.276534,186920,154956,31964,0.828996,0.171004,43770,111186,29609,2355,0.282467,0.948943,0.073677,0.282467,270921000.0,1449.4,raw,10000.0,1500.0,,0.130435,economic_unconstrained,xgboost,xgboost_05_missingness_challenger,missingness_challenger,XGBoost | missingness challenger
0.280101,186920,154022,32898,0.824,0.176,43648,110374,30421,2477,0.283388,0.946298,0.075293,0.283388,270919000.0,1449.38,raw,10000.0,1500.0,,0.130435,economic_unconstrained,xgboost,xgboost_05_missingness_challenger,missingness_challenger,XGBoost | missingness challenger
0.322989,186920,141685,45235,0.757998,0.242002,42038,99647,41148,4087,0.2967,0.911393,0.09035,0.2967,270909500.0,1449.33,raw,10000.0,1500.0,,0.130435,economic_unconstrained,xgboost,xgboost_05_missingness_challenger,missingness_challenger,XGBoost | missingness challenger
0.322394,186920,141872,45048,0.758999,0.241001,42062,99810,40985,4063,0.296479,0.911913,0.090193,0.296479,270905000.0,1449.31,raw,10000.0,1500.0,,0.130435,economic_unconstrained,xgboost,xgboost_05_missingness_challenger,missingness_challenger,XGBoost | missingness challenger
0.277233,186920,154769,32151,0.827996,0.172004,43744,111025,29770,2381,0.282641,0.948379,0.074057,0.282641,270902500.0,1449.3,raw,10000.0,1500.0,,0.130435,economic_unconstrained,xgboost,xgboost_05_missingness_challenger,missingness_challenger,XGBoost | missingness challenger
0.275874,186920,155143,31777,0.829997,0.170003,43790,111353,29442,2335,0.282256,0.949377,0.073481,0.282256,270870500.0,1449.13,raw,10000.0,1500.0,,0.130435,economic_unconstrained,xgboost,xgboost_05_missingness_challenger,missingness_challenger,XGBoost | missingness challenger
0.321843,186920,142059,44861,0.759999,0.240001,42083,99976,40819,4042,0.296236,0.912369,0.090101,0.296236,270866000.0,1449.1,raw,10000.0,1500.0,,0.130435,economic_unconstrained,xgboost,xgboost_05_missingness_challenger,missingness_challenger,XGBoost | missingness challenger
0.323564,186920,141498,45422,0.756998,0.243002,42009,99489,41306,4116,0.296888,0.910764,0.090617,0.296888,270856500.0,1449.05,raw,10000.0,1500.0,,0.130435,economic_unconstrained,xgboost,xgboost_05_missingness_challenger,missingness_challenger,XGBoost | missingness challenger
0.324741,186920,141124,45796,0.754997,0.245003,41960,99164,41631,4165,0.297327,0.909702,0.090947,0.297327,270854000.0,1449.04,raw,10000.0,1500.0,,0.130435,economic_unconstrained,xgboost,xgboost_05_missingness_challenger,missingness_challenger,XGBoost | missingness challenger
0.324119,186920,141311,45609,0.755997,0.244003,41982,99329,41466,4143,0.297089,0.910179,0.090837,0.297089,270826500.0,1448.89,raw,10000.0,1500.0,,0.130435,economic_unconstrained,xgboost,xgboost_05_missingness_challenger,missingness_challenger,XGBoost | missingness challenger
0.275181,186920,155330,31590,0.830997,0.169003,43810,111520,29275,2315,0.282045,0.94981,0.073283,0.282045,270820000.0,1448.86,raw,10000.0,1500.0,,0.130435,economic_unconstrained,xgboost,xgboost_05_missingness_challenger,missingness_challenger,XGBoost | missingness challenger
0.273742,186920,155704,31216,0.832998,0.167002,43858,111846,28949,2267,0.281675,0.950851,0.072623,0.281675,270811000.0,1448.81,raw,10000.0,1500.0,,0.130435,economic_unconstrained,xgboost,xgboost_05_missingness_challenger,missingness_challenger,XGBoost | missingness challenger
0.273021,186920,155891,31029,0.833999,0.166001,43882,112009,28786,2243,0.281492,0.951371,0.072287,0.281492,270806500.0,1448.78,raw,10000.0,1500.0,,0.130435,economic_unconstrained,xgboost,xgboost_05_missingness_challenger,missingness_challenger,XGBoost | missingness challenger
0.330694,186920,139255,47665,0.744998,0.255002,41709,97546,43249,4416,0.299515,0.90426,0.092647,0.299515,270771000.0,1448.59,raw,10000.0,1500.0,,0.130435,economic_unconstrained,xgboost,xgboost_05_missingness_challenger,missingness_challenger,XGBoost | missingness challenger
0.274467,186920,155517,31403,0.831998,0.168002,43830,111687,29108,2295,0.281834,0.950244,0.073082,0.281834,270769500.0,1448.58,raw,10000.0,1500.0,,0.130435,economic_unconstrained,xgboost,xgboost_05_missingness_challenger,missingness_challenger,XGBoost | missingness challenger
0.331348,186920,139068,47852,0.743997,0.256003,41684,97384,43411,4441,0.299738,0.903718,0.092807,0.299738,270764000.0,1448.56,raw,10000.0,1500.0,,0.130435,economic_unconstrained,xgboost,xgboost_05_missingness_challenger,missingness_challenger,XGBoost | missingness challenger
0.331945,186920,138881,48039,0.742997,0.257003,41656,97225,43570,4469,0.29994,0.903111,0.093029,0.29994,270722500.0,1448.33,raw,10000.0,1500.0,,0.130435,economic_unconstrained,xgboost,xgboost_05_missingness_challenger,missingness_challenger,XGBoost | missingness challenger
0.272261,186920,156078,30842,0.834999,0.165001,43899,112179,28616,2226,0.281263,0.95174,0.072174,0.281263,270721500.0,1448.33,raw,10000.0,1500.0,,0.130435,economic_unconstrained,xgboost,xgboost_05_missingness_challenger,missingness_challenger,XGBoost | missingness challenger
0.271557,186920,156266,30654,0.836005,0.163995,43920,112346,28449,2205,0.281059,0.952195,0.071932,0.281059,270681000.0,1448.11,raw,10000.0,1500.0,,0.130435,economic_unconstrained,xgboost,xgboost_05_missingness_challenger,missingness_challenger,XGBoost | missingness challenger
0.333809,186920,138321,48599,0.740001,0.259999,41574,96747,44048,4551,0.300562,0.901333,0.093644,0.300562,270619500.0,1447.78,raw,10000.0,1500.0,,0.130435,economic_unconstrained,xgboost,xgboost_05_missingness_challenger,missingness_challenger,XGBoost | missingness challenger
0.333197,186920,138508,48412,0.741001,0.258999,41598,96910,43885,4527,0.300329,0.901854,0.09351,0.300329,270615000.0,1447.76,raw,10000.0,1500.0,,0.130435,economic_unconstrained,xgboost,xgboost_05_missingness_challenger,missingness_challenger,XGBoost | missingness challenger
0.270851,186920,156452,30468,0.837,0.163,43937,112515,28280,2188,0.280834,0.952564,0.071813,0.280834,270597500.0,1447.66,raw,10000.0,1500.0,,0.130435,economic_unconstrained,xgboost,xgboost_05_missingness_challenger,missingness_challenger,XGBoost | missingness challenger
0.334386,186920,138134,48786,0.739001,0.260999,41546,96588,44207,4579,0.300766,0.900726,0.093859,0.300766,270578000.0,1447.56,raw,10000.0,1500.0,,0.130435,economic_unconstrained,xgboost,xgboost_05_missingness_challenger,missingness_challenger,XGBoost | missingness challenger
0.332524,186920,138694,48226,0.741997,0.258003,41619,97075,43720,4506,0.300078,0.902309,0.093435,0.300078,270577500.0,1447.56,raw,10000.0,1500.0,,0.130435,economic_unconstrained,xgboost,xgboost_05_missingness_challenger,missingness_challenger,XGBoost | missingness challenger
0.336746,186920,137386,49534,0.734999,0.265001,41444,95942,44853,4681,0.301661,0.898515,0.094501,0.301661,270527000.0,1447.29,raw,10000.0,1500.0,,0.130435,economic_unconstrained,xgboost,xgboost_05_missingness_challenger,missingness_challenger,XGBoost | missingness challenger
0.335562,186920,137760,49160,0.737,0.263,41492,96268,44527,4633,0.30119,0.899556,0.094243,0.30119,270518000.0,1447.24,raw,10000.0,1500.0,,0.130435,economic_unconstrained,xgboost,xgboost_05_missingness_challenger,missingness_challenger,XGBoost | missingness challenger
0.335008,186920,137947,48973,0.738,0.262,41516,96431,44364,4609,0.300956,0.900076,0.094113,0.300956,270513500.0,1447.22,raw,10000.0,1500.0,,0.130435,economic_unconstrained,xgboost,xgboost_05_missingness_challenger,missingness_challenger,XGBoost | missingness challenger
0.270117,186920,156639,30281,0.838,0.162,43952,112687,28108,2173,0.280594,0.952889,0.071761,0.280594,270489500.0,1447.09,raw,10000.0,1500.0,,0.130435,economic_unconstrained,xgboost,xgboost_05_missingness_challenger,missingness_challenger,XGBoost | missingness challenger
0.337285,186920,137199,49721,0.733999,0.266001,41416,95783,45012,4709,0.301868,0.897908,0.094708,0.301868,270485500.0,1447.07,raw,10000.0,1500.0,,0.130435,economic_unconstrained,xgboost,xgboost_05_missingness_challenger,missingness_challenger,XGBoost | missingness challenger
0.336123,186920,137573,49347,0.735999,0.264001,41464,96109,44686,4661,0.301396,0.898949,0.094454,0.301396,270476500.0,1447.02,raw,10000.0,1500.0,,0.130435,economic_unconstrained,xgboost,xgboost_05_missingness_challenger,missingness_challenger,XGBoost | missingness challenger
0.269364,186920,156826,30094,0.839001,0.160999,43973,112853,27942,2152,0.280394,0.953344,0.071509,0.280394,270450500.0,1446.88,raw,10000.0,1500.0,,0.130435,economic_unconstrained,xgboost,xgboost_05_missingness_challenger,missingness_challenger,XGBoost | missingness challenger
0.268684,186920,157012,29908,0.839996,0.160004,43997,113015,27780,2128,0.280214,0.953864,0.071152,0.280214,270447500.0,1446.86,raw,10000.0,1500.0,,0.130435,economic_unconstrained,xgboost,xgboost_05_missingness_challenger,missingness_challenger,XGBoost | missingness challenger
0.338558,186920,136825,50095,0.731998,0.268002,41360,95465,45330,4765,0.302284,0.896694,0.095119,0.302284,270402500.0,1446.62,raw,10000.0,1500.0,,0.130435,economic_unconstrained,xgboost,xgboost_05_missingness_challenger,missingness_challenger,XGBoost | missingness challenger
0.337871,186920,137012,49908,0.732998,0.267002,41382,95630,45165,4743,0.302032,0.897171,0.095035,0.302032,270375000.0,1446.47,raw,10000.0,1500.0,,0.130435,economic_unconstrained,xgboost,xgboost_05_missingness_challenger,missingness_challenger,XGBoost | missingness challenger
0.33917,186920,136638,50282,0.730997,0.269003,41331,95307,45488,4794,0.302485,0.896065,0.095342,0.302485,270349500.0,1446.34,raw,10000.0,1500.0,,0.130435,economic_unconstrained,xgboost,xgboost_05_missingness_challenger,missingness_challenger,XGBoost | missingness challenger
0.268021,186920,157199,29721,0.840996,0.159004,44012,113187,27608,2113,0.279976,0.95419,0.071095,0.279976,270339500.0,1446.28,raw,10000.0,1500.0,,0.130435,economic_unconstrained,xgboost,xgboost_05_missingness_challenger,missingness_challenger,XGBoost | missingness challenger
0.339774,186920,136452,50468,0.730002,0.269998,41303,95149,45646,4822,0.302693,0.895458,0.095546,0.302693,270306500.0,1446.11,raw,10000.0,1500.0,,0.130435,economic_unconstrained,xgboost,xgboost_05_missingness_challenger,missingness_challenger,XGBoost | missingness challenger
0.267293,186920,157386,29534,0.841997,0.158003,44033,113353,27442,2092,0.279777,0.954645,0.070834,0.279777,270300500.0,1446.08,raw,10000.0,1500.0,,0.130435,economic_unconstrained,xgboost,xgboost_05_missingness_challenger,missingness_challenger,XGBoost | missingness challenger
0.266566,186920,157573,29347,0.842997,0.157003,44053,113520,27275,2072,0.279572,0.955079,0.070603,0.279572,270250000.0,1445.81,raw,10000.0,1500.0,,0.130435,economic_unconstrained,xgboost,xgboost_05_missingness_challenger,missingness_challenger,XGBoost | missingness challenger
0.342171,186920,135704,51216,0.726,0.274,41199,94505,46290,4926,0.303595,0.893203,0.096181,0.303595,270232500.0,1445.71,raw,10000.0,1500.0,,0.130435,economic_unconstrained,xgboost,xgboost_05_missingness_challenger,missingness_challenger,XGBoost | missingness challenger
0.340417,186920,136264,50656,0.728996,0.271004,41271,94993,45802,4854,0.302875,0.894764,0.095823,0.302875,270220500.0,1445.65,raw,10000.0,1500.0,,0.130435,economic_unconstrained,xgboost,xgboost_05_missingness_challenger,missingness_challenger,XGBoost | missingness challenger
0.340991,186920,136078,50842,0.728001,0.271999,41245,94833,45962,4880,0.303098,0.894201,0.095984,0.303098,270200500.0,1445.54,raw,10000.0,1500.0,,0.130435,economic_unconstrained,xgboost,xgboost_05_missingness_challenger,missingness_challenger,XGBoost | missingness challenger
0.265813,186920,157760,29160,0.843997,0.156003,44072,113688,27107,2053,0.279361,0.955491,0.070405,0.279361,270188000.0,1445.47,raw,10000.0,1500.0,,0.130435,economic_unconstrained,xgboost,xgboost_05_missingness_challenger,missingness_challenger,XGBoost | missingness challenger
0.342746,186920,135517,51403,0.725,0.275,41169,94348,46447,4956,0.303792,0.892553,0.096415,0.303792,270168000.0,1445.37,raw,10000.0,1500.0,,0.130435,economic_unconstrained,xgboost,xgboost_05_missingness_challenger,missingness_challenger,XGBoost | missingness challenger
0.341641,186920,135891,51029,0.727001,0.272999,41217,94674,46121,4908,0.303309,0.893593,0.096181,0.303309,270159000.0,1445.32,raw,10000.0,1500.0,,0.130435,economic_unconstrained,xgboost,xgboost_05_missingness_challenger,missingness_challenger,XGBoost | missingness challenger
0.265145,186920,157947,28973,0.844998,0.155002,44091,113856,26939,2034,0.279151,0.955902,0.070203,0.279151,270126000.0,1445.14,raw,10000.0,1500.0,,0.130435,economic_unconstrained,xgboost,xgboost_05_missingness_challenger,missingness_challenger,XGBoost | missingness challenger
0.26357,186920,158321,28599,0.846999,0.153001,44137,114184,26611,1988,0.278782,0.9569,0.069513,0.278782,270094000.0,1444.97,raw,10000.0,1500.0,,0.130435,economic_unconstrained,xgboost,xgboost_05_missingness_challenger,missingness_challenger,XGBoost | missingness challenger
0.343316,186920,135330,51590,0.724,0.276,41137,94193,46602,4988,0.303975,0.891859,0.096685,0.303975,270080500.0,1444.9,raw,10000.0,1500.0,,0.130435,economic_unconstrained,xgboost,xgboost_05_missingness_challenger,missingness_challenger,XGBoost | missingness challenger
0.264422,186920,158134,28786,0.845998,0.154002,44105,114029,26766,2020,0.278909,0.956206,0.070173,0.278909,270006500.0,1444.5,raw,10000.0,1500.0,,0.130435,economic_unconstrained,xgboost,xgboost_05_missingness_challenger,missingness_challenger,XGBoost | missingness challenger
0.343879,186920,135143,51777,0.722999,0.277001,41103,94040,46755,5022,0.304144,0.891122,0.096993,0.304144,269970000.0,1444.31,raw,10000.0,1500.0,,0.130435,economic_unconstrained,xgboost,xgboost_05_missingness_challenger,missingness_challenger,XGBoost | missingness challenger
0.262751,186920,158508,28412,0.847999,0.152001,44150,114358,26437,1975,0.278535,0.957182,0.069513,0.278535,269963000.0,1444.27,raw,10000.0,1500.0,,0.130435,economic_unconstrained,xgboost,xgboost_05_missingness_challenger,missingness_challenger,XGBoost | missingness challenger
0.345169,186920,134769,52151,0.720998,0.279002,41049,93720,47075,5076,0.304588,0.889951,0.097333,0.304588,269910000.0,1443.99,raw,10000.0,1500.0,,0.130435,economic_unconstrained,xgboost,xgboost_05_missingness_challenger,missingness_challenger,XGBoost | missingness challenger
0.344547,186920,134956,51964,0.721999,0.278001,41073,93883,46912,5052,0.304344,0.890472,0.097221,0.304344,269905500.0,1443.96,raw,10000.0,1500.0,,0.130435,economic_unconstrained,xgboost,xgboost_05_missingness_challenger,missingness_challenger,XGBoost | missingness challenger
0.262006,186920,158695,28225,0.849,0.151,44168,114527,26268,1957,0.27832,0.957572,0.069336,0.27832,269889500.0,1443.88,raw,10000.0,1500.0,,0.130435,economic_unconstrained,xgboost,xgboost_05_missingness_challenger,missingness_challenger,XGBoost | missingness challenger
0.26113,186920,158882,28038,0.85,0.15,44187,114695,26100,1938,0.278112,0.957984,0.06912,0.278112,269827500.0,1443.55,raw,10000.0,1500.0,,0.130435,economic_unconstrained,xgboost,xgboost_05_missingness_challenger,missingness_challenger,XGBoost | missingness challenger
0.349875,186920,133274,53646,0.713,0.287,40842,92432,48363,5283,0.306451,0.885463,0.098479,0.306451,269772000.0,1443.25,raw,10000.0,1500.0,,0.130435,economic_unconstrained,xgboost,xgboost_05_missingness_challenger,missingness_challenger,XGBoost | missingness challenger
0.349236,186920,133461,53459,0.714001,0.285999,40866,92595,48200,5259,0.306202,0.885984,0.098374,0.306202,269767500.0,1443.22,raw,10000.0,1500.0,,0.130435,economic_unconstrained,xgboost,xgboost_05_missingness_challenger,missingness_challenger,XGBoost | missingness challenger
0.348609,186920,133648,53272,0.715001,0.284999,40890,92758,48037,5235,0.305953,0.886504,0.098269,0.305953,269763000.0,1443.2,raw,10000.0,1500.0,,0.130435,economic_unconstrained,xgboost,xgboost_05_missingness_challenger,missingness_challenger,XGBoost | missingness challenger
0.345751,186920,134582,52338,0.719998,0.280002,41010,93572,47223,5115,0.304721,0.889106,0.09773,0.304721,269742000.0,1443.09,raw,10000.0,1500.0,,0.130435,economic_unconstrained,xgboost,xgboost_05_missingness_challenger,missingness_challenger,XGBoost | missingness challenger
0.260359,186920,159069,27851,0.851,0.149,44203,114866,25929,1922,0.277886,0.958331,0.06901,0.277886,269731000.0,1443.03,raw,10000.0,1500.0,,0.130435,economic_unconstrained,xgboost,xgboost_05_missingness_challenger,missingness_challenger,XGBoost | missingness challenger
0.350477,186920,133087,53833,0.712,0.288,40814,92273,48522,5311,0.306672,0.884856,0.098657,0.306672,269730500.0,1443.03,raw,10000.0,1500.0,,0.130435,economic_unconstrained,xgboost,xgboost_05_missingness_challenger,missingness_challenger,XGBoost | missingness challenger
0.346348,186920,134395,52525,0.718997,0.281003,40984,93411,47384,5141,0.304952,0.888542,0.097877,0.304952,269723500.0,1442.99,raw,10000.0,1500.0,,0.130435,economic_unconstrained,xgboost,xgboost_05_missingness_challenger,missingness_challenger,XGBoost | missingness challenger
0.347945,186920,133835,53085,0.716001,0.283999,40909,92926,47869,5216,0.305667,0.886916,0.098258,0.305667,269701000.0,1442.87,raw,10000.0,1500.0,,0.130435,economic_unconstrained,xgboost,xgboost_05_missingness_challenger,missingness_challenger,XGBoost | missingness challenger
0.347373,186920,134021,52899,0.716997,0.283003,40933,93088,47707,5192,0.305422,0.887436,0.098149,0.305422,269698000.0,1442.85,raw,10000.0,1500.0,,0.130435,economic_unconstrained,xgboost,xgboost_05_missingness_challenger,missingness_challenger,XGBoost | missingness challenger
0.346874,186920,134209,52711,0.718002,0.281998,40956,93253,47542,5169,0.305166,0.887935,0.098063,0.305166,269680500.0,1442.76,raw,10000.0,1500.0,,0.130435,economic_unconstrained,xgboost,xgboost_05_missingness_challenger,missingness_challenger,XGBoost | missingness challenger
0.259599,186920,159255,27665,0.851996,0.148004,44222,115033,25762,1903,0.27768,0.958743,0.068787,0.27768,269670500.0,1442.71,raw,10000.0,1500.0,,0.130435,economic_unconstrained,xgboost,xgboost_05_missingness_challenger,missingness_challenger,XGBoost | missingness challenger
0.351099,186920,132900,54020,0.710999,0.289001,40784,92116,48679,5341,0.306877,0.884206,0.098871,0.306877,269666000.0,1442.68,raw,10000.0,1500.0,,0.130435,economic_unconstrained,xgboost,xgboost_05_missingness_challenger,missingness_challenger,XGBoost | missingness challenger
0.258777,186920,159442,27478,0.852996,0.147004,44244,115198,25597,1881,0.277493,0.95922,0.068455,0.277493,269643000.0,1442.56,raw,10000.0,1500.0,,0.130435,economic_unconstrained,xgboost,xgboost_05_missingness_challenger,missingness_challenger,XGBoost | missingness challenger
0.25807,186920,159629,27291,0.853996,0.146004,44266,115363,25432,1859,0.277306,0.959696,0.068118,0.277306,269615500.0,1442.41,raw,10000.0,1500.0,,0.130435,economic_unconstrained,xgboost,xgboost_05_missingness_challenger,missingness_challenger,XGBoost | missingness challenger
0.351656,186920,132713,54207,0.709999,0.290001,40754,91959,48836,5371,0.307084,0.883556,0.099083,0.307084,269601500.0,1442.34,raw,10000.0,1500.0,,0.130435,economic_unconstrained,xgboost,xgboost_05_missingness_challenger,missingness_challenger,XGBoost | missingness challenger
0.352273,186920,132526,54394,0.708999,0.291001,40728,91798,48997,5397,0.307321,0.882992,0.099221,0.307321,269583000.0,1442.24,raw,10000.0,1500.0,,0.130435,economic_unconstrained,xgboost,xgboost_05_missingness_challenger,missingness_challenger,XGBoost | missingness challenger
0.257283,186920,159816,27104,0.854997,0.145003,44284,115532,25263,1841,0.277094,0.960087,0.067924,0.277094,269542000.0,1442.02,raw,10000.0,1500.0,,0.130435,economic_unconstrained,xgboost,xgboost_05_missingness_challenger,missingness_challenger,XGBoost | missingness challenger
0.352827,186920,132339,54581,0.707998,0.292002,40698,91641,49154,5427,0.307528,0.882341,0.09943,0.307528,269518500.0,1441.89,raw,10000.0,1500.0,,0.130435,economic_unconstrained,xgboost,xgboost_05_missingness_challenger,missingness_challenger,XGBoost | missingness challenger
0.256514,186920,160003,26917,0.855997,0.144003,44304,115699,25096,1821,0.276895,0.96052,0.067652,0.276895,269491500.0,1441.75,raw,10000.0,1500.0,,0.130435,economic_unconstrained,xgboost,xgboost_05_missingness_challenger,missingness_challenger,XGBoost | missingness challenger
0.353345,186920,132152,54768,0.706998,0.293002,40671,91481,49314,5454,0.307759,0.881756,0.099584,0.307759,269488500.0,1441.73,raw,10000.0,1500.0,,0.130435,economic_unconstrained,xgboost,xgboost_05_missingness_challenger,missingness_challenger,XGBoost | missingness challenger
0.353934,186920,131965,54955,0.705997,0.294003,40643,91322,49473,5482,0.307983,0.881149,0.099754,0.307983,269447000.0,1441.51,raw,10000.0,1500.0,,0.130435,economic_unconstrained,xgboost,xgboost_05_missingness_challenger,missingness_challenger,XGBoost | missingness challenger
0.255687,186920,160190,26730,0.856998,0.143002,44324,115866,24929,1801,0.276696,0.960954,0.067377,0.276696,269441000.0,1441.48,raw,10000.0,1500.0,,0.130435,economic_unconstrained,xgboost,xgboost_05_missingness_challenger,missingness_challenger,XGBoost | missingness challenger
0.254039,186920,160564,26356,0.858999,0.141001,44371,116193,24602,1754,0.276345,0.961973,0.06655,0.276345,269420500.0,1441.37,raw,10000.0,1500.0,,0.130435,economic_unconstrained,xgboost,xgboost_05_missingness_challenger,missingness_challenger,XGBoost | missingness challenger
0.253138,186920,160751,26169,0.859999,0.140001,44390,116361,24434,1735,0.276141,0.962385,0.0663,0.276141,269358500.0,1441.04,raw,10000.0,1500.0,,0.130435,economic_unconstrained,xgboost,xgboost_05_missingness_challenger,missingness_challenger,XGBoost | missingness challenger
0.25494,186920,160377,26543,0.857998,0.142002,44341,116036,24759,1784,0.27648,0.961322,0.067212,0.27648,269356000.0,1441.02,raw,10000.0,1500.0,,0.130435,economic_unconstrained,xgboost,xgboost_05_missingness_challenger,missingness_challenger,XGBoost | missingness challenger
0.354476,186920,131778,55142,0.704997,0.295003,40609,91169,49626,5516,0.308162,0.880412,0.100033,0.308162,269336500.0,1440.92,raw,10000.0,1500.0,,0.130435,economic_unconstrained,xgboost,xgboost_05_missingness_challenger,missingness_challenger,XGBoost | missingness challenger
0.250728,186920,161312,25608,0.863,0.137,44461,116851,23944,1664,0.275621,0.963924,0.06498,0.275621,269333500.0,1440.9,raw,10000.0,1500.0,,0.130435,economic_unconstrained,xgboost,xgboost_05_missingness_challenger,missingness_challenger,XGBoost | missingness challenger
0.252344,186920,160938,25982,0.860999,0.139001,44412,116526,24269,1713,0.275957,0.962862,0.06593,0.275957,269331000.0,1440.89,raw,10000.0,1500.0,,0.130435,economic_unconstrained,xgboost,xgboost_05_missingness_challenger,missingness_challenger,XGBoost | missingness challenger
0.251438,186920,161125,25795,0.862,0.138,44431,116694,24101,1694,0.275755,0.963274,0.065672,0.275755,269269000.0,1440.56,raw,10000.0,1500.0,,0.130435,economic_unconstrained,xgboost,xgboost_05_missingness_challenger,missingness_challenger,XGBoost | missingness challenger
0.355689,186920,131405,55515,0.703001,0.296999,40553,90852,49943,5572,0.308611,0.879198,0.100369,0.308611,269252000.0,1440.47,raw,10000.0,1500.0,,0.130435,economic_unconstrained,xgboost,xgboost_05_missingness_challenger,missingness_challenger,XGBoost | missingness challenger
0.249954,186920,161499,25421,0.864001,0.135999,44476,117023,23772,1649,0.275395,0.964249,0.064868,0.275395,269225500.0,1440.32,raw,10000.0,1500.0,,0.130435,economic_unconstrained,xgboost,xgboost_05_missingness_challenger,missingness_challenger,XGBoost | missingness challenger
0.355055,186920,131592,55328,0.704002,0.295998,40574,91018,49777,5551,0.308332,0.879653,0.100329,0.308332,269213000.0,1440.26,raw,10000.0,1500.0,,0.130435,economic_unconstrained,xgboost,xgboost_05_missingness_challenger,missingness_challenger,XGBoost | missingness challenger
0.35628,186920,131218,55702,0.702001,0.297999,40524,90694,50101,5601,0.30883,0.878569,0.100553,0.30883,269199000.0,1440.18,raw,10000.0,1500.0,,0.130435,economic_unconstrained,xgboost,xgboost_05_missingness_challenger,missingness_challenger,XGBoost | missingness challenger
0.249152,186920,161685,25235,0.864996,0.135004,44497,117188,23607,1628,0.275208,0.964705,0.064514,0.275208,269188000.0,1440.12,raw,10000.0,1500.0,,0.130435,economic_unconstrained,xgboost,xgboost_05_missingness_challenger,missingness_challenger,XGBoost | missingness challenger
0.248314,186920,161872,25048,0.865996,0.134004,44514,117358,23437,1611,0.274995,0.965073,0.064317,0.274995,269103000.0,1439.67,raw,10000.0,1500.0,,0.130435,economic_unconstrained,xgboost,xgboost_05_missingness_challenger,missingness_challenger,XGBoost | missingness challenger
0.357476,186920,130844,56076,0.7,0.3,40466,90378,50417,5659,0.309269,0.877312,0.100917,0.309269,269093000.0,1439.62,raw,10000.0,1500.0,,0.130435,economic_unconstrained,xgboost,xgboost_05_missingness_challenger,missingness_challenger,XGBoost | missingness challenger
0.247537,186920,162059,24861,0.866997,0.133003,44537,117522,23273,1588,0.27482,0.965572,0.063875,0.27482,269087000.0,1439.58,raw,10000.0,1500.0,,0.130435,economic_unconstrained,xgboost,xgboost_05_missingness_challenger,missingness_challenger,XGBoost | missingness challenger
0.246693,186920,162246,24674,0.867997,0.132003,44560,117686,23109,1565,0.274645,0.96607,0.063427,0.274645,269071000.0,1439.5,raw,10000.0,1500.0,,0.130435,economic_unconstrained,xgboost,xgboost_05_missingness_challenger,missingness_challenger,XGBoost | missingness challenger
0.356884,186920,131031,55889,0.701,0.299,40488,90543,50252,5637,0.308996,0.877789,0.100861,0.308996,269065500.0,1439.47,raw,10000.0,1500.0,,0.130435,economic_unconstrained,xgboost,xgboost_05_missingness_challenger,missingness_challenger,XGBoost | missingness challenger
0.245794,186920,162433,24487,0.868997,0.131003,44575,117858,22937,1550,0.274421,0.966396,0.063299,0.274421,268963000.0,1438.92,raw,10000.0,1500.0,,0.130435,economic_unconstrained,xgboost,xgboost_05_missingness_challenger,missingness_challenger,XGBoost | missingness challenger
0.244898,186920,162620,24300,0.869998,0.130002,44595,118025,22770,1530,0.274228,0.966829,0.062963,0.274228,268912500.0,1438.65,raw,10000.0,1500.0,,0.130435,economic_unconstrained,xgboost,xgboost_05_missingness_challenger,missingness_challenger,XGBoost | missingness challenger
0.35803,186920,130657,56263,0.699,0.301,40423,90234,50561,5702,0.309383,0.876379,0.101345,0.309383,268879000.0,1438.47,raw,10000.0,1500.0,,0.130435,economic_unconstrained,xgboost,xgboost_05_missingness_challenger,missingness_challenger,XGBoost | missingness challenger
0.359139,186920,130283,56637,0.696999,0.303001,40369,89914,50881,5756,0.309856,0.875209,0.10163,0.309856,268819000.0,1438.15,raw,10000.0,1500.0,,0.130435,economic_unconstrained,xgboost,xgboost_05_missingness_challenger,missingness_challenger,XGBoost | missingness challenger
0.358606,186920,130470,56450,0.697999,0.302001,40393,90077,50718,5732,0.309596,0.875729,0.101541,0.309596,268814500.0,1438.13,raw,10000.0,1500.0,,0.130435,economic_unconstrained,xgboost,xgboost_05_missingness_challenger,missingness_challenger,XGBoost | missingness challenger
0.243279,186920,162994,23926,0.871999,0.128001,44632,118362,22433,1493,0.273826,0.967631,0.062401,0.273826,268777000.0,1437.93,raw,10000.0,1500.0,,0.130435,economic_unconstrained,xgboost,xgboost_05_missingness_challenger,missingness_challenger,XGBoost | missingness challenger
0.242261,186920,163181,23739,0.872999,0.127001,44656,118525,22270,1469,0.273659,0.968152,0.061881,0.273659,268772500.0,1437.9,raw,10000.0,1500.0,,0.130435,economic_unconstrained,xgboost,xgboost_05_missingness_challenger,missingness_challenger,XGBoost | missingness challenger
0.244061,186920,162807,24113,0.870998,0.129002,44607,118200,22595,1518,0.273987,0.967089,0.062954,0.273987,268770000.0,1437.89,raw,10000.0,1500.0,,0.130435,economic_unconstrained,xgboost,xgboost_05_missingness_challenger,missingness_challenger,XGBoost | missingness challenger
0.359733,186920,130096,56824,0.695998,0.304002,40336,89760,51035,5789,0.310048,0.874493,0.101876,0.310048,268720000.0,1437.62,raw,10000.0,1500.0,,0.130435,economic_unconstrained,xgboost,xgboost_05_missingness_challenger,missingness_challenger,XGBoost | missingness challenger
0.360723,186920,129722,57198,0.693997,0.306003,40286,89436,51359,5839,0.310556,0.873409,0.102084,0.310556,268706000.0,1437.55,raw,10000.0,1500.0,,0.130435,economic_unconstrained,xgboost,xgboost_05_missingness_challenger,missingness_challenger,XGBoost | missingness challenger
0.241409,186920,163368,23552,0.874,0.126,44674,118694,22101,1451,0.273456,0.968542,0.061608,0.273456,268699000.0,1437.51,raw,10000.0,1500.0,,0.130435,economic_unconstrained,xgboost,xgboost_05_missingness_challenger,missingness_challenger,XGBoost | missingness challenger
0.240494,186920,163555,23365,0.875,0.125,44697,118858,21937,1428,0.273284,0.969041,0.061117,0.273284,268683000.0,1437.42,raw,10000.0,1500.0,,0.130435,economic_unconstrained,xgboost,xgboost_05_missingness_challenger,missingness_challenger,XGBoost | missingness challenger
0.360197,186920,129909,57011,0.694998,0.305002,40305,89604,51191,5820,0.310256,0.873821,0.102086,0.310256,268644000.0,1437.21,raw,10000.0,1500.0,,0.130435,economic_unconstrained,xgboost,xgboost_05_missingness_challenger,missingness_challenger,XGBoost | missingness challenger
0.239511,186920,163742,23178,0.876,0.124,44716,119026,21769,1409,0.273088,0.969453,0.06079,0.273088,268621000.0,1437.09,raw,10000.0,1500.0,,0.130435,economic_unconstrained,xgboost,xgboost_05_missingness_challenger,missingness_challenger,XGBoost | missingness challenger
0.36134,186920,129535,57385,0.692997,0.307003,40247,89288,51507,5878,0.310704,0.872564,0.102431,0.310704,268538000.0,1436.65,raw,10000.0,1500.0,,0.130435,economic_unconstrained,xgboost,xgboost_05_missingness_challenger,missingness_challenger,XGBoost | missingness challenger
0.238673,186920,163928,22992,0.876996,0.123004,44733,119195,21600,1392,0.272882,0.969821,0.060543,0.272882,268537500.0,1436.64,raw,10000.0,1500.0,,0.130435,economic_unconstrained,xgboost,xgboost_05_missingness_challenger,missingness_challenger,XGBoost | missingness challenger
0.361887,186920,129348,57572,0.691997,0.308003,40216,89132,51663,5909,0.310913,0.871892,0.102637,0.310913,268462000.0,1436.24,raw,10000.0,1500.0,,0.130435,economic_unconstrained,xgboost,xgboost_05_missingness_challenger,missingness_challenger,XGBoost | missingness challenger
0.362415,186920,129162,57758,0.691001,0.308999,40191,88971,51824,5934,0.311167,0.87135,0.102739,0.311167,268453500.0,1436.19,raw,10000.0,1500.0,,0.130435,economic_unconstrained,xgboost,xgboost_05_missingness_challenger,missingness_challenger,XGBoost | missingness challenger
0.237782,186920,164115,22805,0.877996,0.122004,44749,119366,21429,1376,0.272669,0.970168,0.060338,0.272669,268441000.0,1436.13,raw,10000.0,1500.0,,0.130435,economic_unconstrained,xgboost,xgboost_05_missingness_challenger,missingness_challenger,XGBoost | missingness challenger
0.362968,186920,128975,57945,0.690001,0.309999,40162,88813,51982,5963,0.311394,0.870721,0.102908,0.311394,268400500.0,1435.91,raw,10000.0,1500.0,,0.130435,economic_unconstrained,xgboost,xgboost_05_missingness_challenger,missingness_challenger,XGBoost | missingness challenger
0.364078,186920,128601,58319,0.688,0.312,40113,88488,52307,6012,0.311918,0.869659,0.103088,0.311918,268398000.0,1435.9,raw,10000.0,1500.0,,0.130435,economic_unconstrained,xgboost,xgboost_05_missingness_challenger,missingness_challenger,XGBoost | missingness challenger
0.363557,186920,128788,58132,0.689001,0.310999,40137,88651,52144,5988,0.311652,0.870179,0.103007,0.311652,268393500.0,1435.87,raw,10000.0,1500.0,,0.130435,economic_unconstrained,xgboost,xgboost_05_missingness_challenger,missingness_challenger,XGBoost | missingness challenger
0.236804,186920,164302,22618,0.878996,0.121004,44767,119535,21260,1358,0.272468,0.970558,0.060041,0.272468,268367500.0,1435.73,raw,10000.0,1500.0,,0.130435,economic_unconstrained,xgboost,xgboost_05_missingness_challenger,missingness_challenger,XGBoost | missingness challenger
0.36454,186920,128414,58506,0.687,0.313,40083,88331,52464,6042,0.312139,0.869008,0.103271,0.312139,268333500.0,1435.55,raw,10000.0,1500.0,,0.130435,economic_unconstrained,xgboost,xgboost_05_missingness_challenger,missingness_challenger,XGBoost | missingness challenger
0.365089,186920,128227,58693,0.685999,0.314001,40058,88169,52626,6067,0.312399,0.868466,0.103368,0.312399,268326500.0,1435.52,raw,10000.0,1500.0,,0.130435,economic_unconstrained,xgboost,xgboost_05_missingness_challenger,missingness_challenger,XGBoost | missingness challenger
0.235833,186920,164489,22431,0.879997,0.120003,44781,119708,21087,1344,0.272243,0.970862,0.059917,0.272243,268248000.0,1435.1,raw,10000.0,1500.0,,0.130435,economic_unconstrained,xgboost,xgboost_05_missingness_challenger,missingness_challenger,XGBoost | missingness challenger
0.234908,186920,164676,22244,0.880997,0.119003,44800,119876,20919,1325,0.272049,0.971274,0.059567,0.272049,268186000.0,1434.76,raw,10000.0,1500.0,,0.130435,economic_unconstrained,xgboost,xgboost_05_missingness_challenger,missingness_challenger,XGBoost | missingness challenger
0.234038,186920,164863,22057,0.881998,0.118002,44822,120041,20754,1303,0.271874,0.971751,0.059074,0.271874,268158500.0,1434.62,raw,10000.0,1500.0,,0.130435,economic_unconstrained,xgboost,xgboost_05_missingness_challenger,missingness_challenger,XGBoost | missingness challenger
0.365605,186920,128040,58880,0.684999,0.315001,40016,88024,52771,6109,0.312527,0.867556,0.103753,0.312527,268124000.0,1434.43,raw,10000.0,1500.0,,0.130435,economic_unconstrained,xgboost,xgboost_05_missingness_challenger,missingness_challenger,XGBoost | missingness challenger
0.23311,186920,165050,21870,0.882998,0.117002,44838,120212,20583,1287,0.271663,0.972098,0.058848,0.271663,268062000.0,1434.1,raw,10000.0,1500.0,,0.130435,economic_unconstrained,xgboost,xgboost_05_missingness_challenger,missingness_challenger,XGBoost | missingness challenger
0.366663,186920,127666,59254,0.682998,0.317002,39959,87707,53088,6166,0.312996,0.86632,0.10406,0.312996,268029500.0,1433.93,raw,10000.0,1500.0,,0.130435,economic_unconstrained,xgboost,xgboost_05_missingness_challenger,missingness_challenger,XGBoost | missingness challenger
0.232245,186920,165237,21683,0.883999,0.116001,44857,120380,20415,1268,0.271471,0.972509,0.058479,0.271471,268000000.0,1433.77,raw,10000.0,1500.0,,0.130435,economic_unconstrained,xgboost,xgboost_05_missingness_challenger,missingness_challenger,XGBoost | missingness challenger
0.366125,186920,127853,59067,0.683999,0.316001,39980,87873,52922,6145,0.312703,0.866775,0.104034,0.312703,267990500.0,1433.72,raw,10000.0,1500.0,,0.130435,economic_unconstrained,xgboost,xgboost_05_missingness_challenger,missingness_challenger,XGBoost | missingness challenger
0.231349,186920,165424,21496,0.884999,0.115001,44876,120548,20247,1249,0.271279,0.972921,0.058104,0.271279,267938000.0,1433.44,raw,10000.0,1500.0,,0.130435,economic_unconstrained,xgboost,xgboost_05_missingness_challenger,missingness_challenger,XGBoost | missingness challenger
0.230344,186920,165611,21309,0.885999,0.114001,44894,120717,20078,1231,0.271081,0.973312,0.057769,0.271081,267864500.0,1433.04,raw,10000.0,1500.0,,0.130435,economic_unconstrained,xgboost,xgboost_05_missingness_challenger,missingness_challenger,XGBoost | missingness challenger
0.367264,186920,127479,59441,0.681998,0.318002,39918,87561,53234,6207,0.313134,0.865431,0.104423,0.313134,267838500.0,1432.9,raw,10000.0,1500.0,,0.130435,economic_unconstrained,xgboost,xgboost_05_missingness_challenger,missingness_challenger,XGBoost | missingness challenger
0.229302,186920,165798,21122,0.887,0.113,44909,120889,19906,1216,0.270866,0.973637,0.05757,0.270866,267756500.0,1432.47,raw,10000.0,1500.0,,0.130435,economic_unconstrained,xgboost,xgboost_05_missingness_challenger,missingness_challenger,XGBoost | missingness challenger
0.367872,186920,127292,59628,0.680997,0.319003,39884,87408,53387,6241,0.313327,0.864694,0.104666,0.313327,267728000.0,1432.31,raw,10000.0,1500.0,,0.130435,economic_unconstrained,xgboost,xgboost_05_missingness_challenger,missingness_challenger,XGBoost | missingness challenger
0.368409,186920,127105,59815,0.679997,0.320003,39854,87251,53544,6271,0.313552,0.864043,0.10484,0.313552,267663500.0,1431.97,raw,10000.0,1500.0,,0.130435,economic_unconstrained,xgboost,xgboost_05_missingness_challenger,missingness_challenger,XGBoost | missingness challenger
0.228413,186920,165985,20935,0.888,0.112,44921,121064,19731,1204,0.270633,0.973897,0.057511,0.270633,267614000.0,1431.7,raw,10000.0,1500.0,,0.130435,economic_unconstrained,xgboost,xgboost_05_missingness_challenger,missingness_challenger,XGBoost | missingness challenger
0.368968,186920,126919,60001,0.679002,0.320998,39820,87099,53696,6305,0.313743,0.863306,0.105082,0.313743,267551500.0,1431.37,raw,10000.0,1500.0,,0.130435,economic_unconstrained,xgboost,xgboost_05_missingness_challenger,missingness_challenger,XGBoost | missingness challenger
0.227376,186920,166171,20749,0.888995,0.111005,44937,121234,19561,1188,0.270426,0.974244,0.057256,0.270426,267519000.0,1431.2,raw,10000.0,1500.0,,0.130435,economic_unconstrained,xgboost,xgboost_05_missingness_challenger,missingness_challenger,XGBoost | missingness challenger
0.226498,186920,166359,20561,0.890001,0.109999,44958,121401,19394,1167,0.270247,0.974699,0.056758,0.270247,267478500.0,1430.98,raw,10000.0,1500.0,,0.130435,economic_unconstrained,xgboost,xgboost_05_missingness_challenger,missingness_challenger,XGBoost | missingness challenger
0.369476,186920,126732,60188,0.678001,0.321999,39788,86944,53851,6337,0.313954,0.862612,0.105287,0.313954,267464000.0,1430.9,raw,10000.0,1500.0,,0.130435,economic_unconstrained,xgboost,xgboost_05_missingness_challenger,missingness_challenger,XGBoost | missingness challenger
0.370002,186920,126545,60375,0.677001,0.322999,39763,86782,54013,6362,0.31422,0.86207,0.105375,0.31422,267457000.0,1430.86,raw,10000.0,1500.0,,0.130435,economic_unconstrained,xgboost,xgboost_05_missingness_challenger,missingness_challenger,XGBoost | missingness challenger
0.225548,186920,166545,20375,0.890996,0.109004,44973,121572,19223,1152,0.270035,0.975024,0.05654,0.270035,267372000.0,1430.41,raw,10000.0,1500.0,,0.130435,economic_unconstrained,xgboost,xgboost_05_missingness_challenger,missingness_challenger,XGBoost | missingness challenger
0.224608,186920,166732,20188,0.891997,0.108003,44994,121738,19057,1131,0.269858,0.97548,0.056023,0.269858,267333000.0,1430.2,raw,10000.0,1500.0,,0.130435,economic_unconstrained,xgboost,xgboost_05_missingness_challenger,missingness_challenger,XGBoost | missingness challenger
0.370533,186920,126358,60562,0.676,0.324,39723,86635,54160,6402,0.314369,0.861203,0.10571,0.314369,267277500.0,1429.9,raw,10000.0,1500.0,,0.130435,economic_unconstrained,xgboost,xgboost_05_missingness_challenger,missingness_challenger,XGBoost | missingness challenger
0.223658,186920,166919,20001,0.892997,0.107003,45008,121911,18884,1117,0.26964,0.975783,0.055847,0.26964,267213500.0,1429.56,raw,10000.0,1500.0,,0.130435,economic_unconstrained,xgboost,xgboost_05_missingness_challenger,missingness_challenger,XGBoost | missingness challenger
0.370995,186920,126171,60749,0.675,0.325,39689,86482,54313,6436,0.314565,0.860466,0.105944,0.314565,267167000.0,1429.31,raw,10000.0,1500.0,,0.130435,economic_unconstrained,xgboost,xgboost_05_missingness_challenger,missingness_challenger,XGBoost | missingness challenger
0.371528,186920,125984,60936,0.674,0.326,39663,86321,54474,6462,0.314826,0.859902,0.106046,0.314826,267148500.0,1429.21,raw,10000.0,1500.0,,0.130435,economic_unconstrained,xgboost,xgboost_05_missingness_challenger,missingness_challenger,XGBoost | missingness challenger
0.222657,186920,167106,19814,0.893997,0.106003,45025,122081,18714,1100,0.26944,0.976152,0.055516,0.26944,267128500.0,1429.11,raw,10000.0,1500.0,,0.130435,economic_unconstrained,xgboost,xgboost_05_missingness_challenger,missingness_challenger,XGBoost | missingness challenger
0.37205,186920,125797,61123,0.672999,0.327001,39629,86168,54627,6496,0.315023,0.859165,0.106278,0.315023,267038000.0,1428.62,raw,10000.0,1500.0,,0.130435,economic_unconstrained,xgboost,xgboost_05_missingness_challenger,missingness_challenger,XGBoost | missingness challenger
0.221692,186920,167293,19627,0.894998,0.105002,45038,122255,18540,1087,0.269216,0.976434,0.055383,0.269216,266997500.0,1428.41,raw,10000.0,1500.0,,0.130435,economic_unconstrained,xgboost,xgboost_05_missingness_challenger,missingness_challenger,XGBoost | missingness challenger
0.372635,186920,125610,61310,0.671999,0.328001,39591,86019,54776,6534,0.31519,0.858341,0.106573,0.31519,266881500.0,1427.78,raw,10000.0,1500.0,,0.130435,economic_unconstrained,xgboost,xgboost_05_missingness_challenger,missingness_challenger,XGBoost | missingness challenger
0.22062,186920,167480,19440,0.895998,0.104002,45049,122431,18364,1076,0.268981,0.976672,0.05535,0.268981,266843500.0,1427.58,raw,10000.0,1500.0,,0.130435,economic_unconstrained,xgboost,xgboost_05_missingness_challenger,missingness_challenger,XGBoost | missingness challenger
0.373157,186920,125423,61497,0.670998,0.329002,39554,85869,54926,6571,0.315365,0.857539,0.106851,0.315365,266736500.0,1427.01,raw,10000.0,1500.0,,0.130435,economic_unconstrained,xgboost,xgboost_05_missingness_challenger,missingness_challenger,XGBoost | missingness challenger
0.373669,186920,125236,61684,0.669998,0.330002,39529,85707,55088,6596,0.315636,0.856997,0.106932,0.315636,266729500.0,1426.97,raw,10000.0,1500.0,,0.130435,economic_unconstrained,xgboost,xgboost_05_missingness_challenger,missingness_challenger,XGBoost | missingness challenger
0.219739,186920,167667,19253,0.896999,0.103001,45061,122606,18189,1064,0.268753,0.976932,0.055264,0.268753,266701000.0,1426.82,raw,10000.0,1500.0,,0.130435,economic_unconstrained,xgboost,xgboost_05_missingness_challenger,missingness_challenger,XGBoost | missingness challenger
0.374215,186920,125050,61870,0.669003,0.330997,39497,85553,55242,6628,0.31585,0.856304,0.107128,0.31585,266640500.0,1426.5,raw,10000.0,1500.0,,0.130435,economic_unconstrained,xgboost,xgboost_05_missingness_challenger,missingness_challenger,XGBoost | missingness challenger
0.218565,186920,167854,19066,0.897999,0.102001,45074,122780,18015,1051,0.268531,0.977214,0.055124,0.268531,266570000.0,1426.12,raw,10000.0,1500.0,,0.130435,economic_unconstrained,xgboost,xgboost_05_missingness_challenger,missingness_challenger,XGBoost | missingness challenger
0.374827,186920,124862,62058,0.667997,0.332003,39463,85399,55396,6662,0.316053,0.855566,0.107351,0.316053,266531500.0,1425.91,raw,10000.0,1500.0,,0.130435,economic_unconstrained,xgboost,xgboost_05_missingness_challenger,missingness_challenger,XGBoost | missingness challenger
0.217701,186920,168041,18879,0.899,0.101,45090,122951,17844,1035,0.268327,0.977561,0.054823,0.268327,266473500.0,1425.6,raw,10000.0,1500.0,,0.130435,economic_unconstrained,xgboost,xgboost_05_missingness_challenger,missingness_challenger,XGBoost | missingness challenger
0.216706,186920,168228,18692,0.9,0.1,45109,123119,17676,1016,0.268142,0.977973,0.054355,0.268142,266411500.0,1425.27,raw,10000.0,1500.0,,0.130435,economic_unconstrained,xgboost,xgboost_05_missingness_challenger,missingness_challenger,XGBoost | missingness challenger
0.2157,186920,168415,18505,0.901,0.099,45129,123286,17509,996,0.267963,0.978407,0.053823,0.267963,266361000.0,1425.0,raw,10000.0,1500.0,,0.130435,economic_unconstrained,xgboost,xgboost_05_missingness_challenger,missingness_challenger,XGBoost | missingness challenger
0.375395,186920,124675,62245,0.666997,0.333003,39419,85256,55539,6706,0.316174,0.854612,0.107736,0.316174,266306000.0,1424.71,raw,10000.0,1500.0,,0.130435,economic_unconstrained,xgboost,xgboost_05_missingness_challenger,missingness_challenger,XGBoost | missingness challenger
0.214598,186920,168601,18319,0.901996,0.098004,45147,123454,17341,978,0.267774,0.978797,0.053387,0.267774,266289000.0,1424.61,raw,10000.0,1500.0,,0.130435,economic_unconstrained,xgboost,xgboost_05_missingness_challenger,missingness_challenger,XGBoost | missingness challenger
0.375879,186920,124489,62431,0.666001,0.333999,39391,85098,55697,6734,0.316422,0.854005,0.107863,0.316422,266263000.0,1424.48,raw,10000.0,1500.0,,0.130435,economic_unconstrained,xgboost,xgboost_05_missingness_challenger,missingness_challenger,XGBoost | missingness challenger
0.37644,186920,124302,62618,0.665001,0.334999,39360,84942,55853,6765,0.316648,0.853333,0.108036,0.316648,266187000.0,1424.07,raw,10000.0,1500.0,,0.130435,economic_unconstrained,xgboost,xgboost_05_missingness_challenger,missingness_challenger,XGBoost | missingness challenger
0.213595,186920,168788,18132,0.902996,0.097004,45162,123626,17169,963,0.267566,0.979122,0.053111,0.267566,266181000.0,1424.04,raw,10000.0,1500.0,,0.130435,economic_unconstrained,xgboost,xgboost_05_missingness_challenger,missingness_challenger,XGBoost | missingness challenger
0.377001,186920,124115,62805,0.664001,0.335999,39331,84784,56011,6794,0.316892,0.852705,0.108176,0.316892,266134000.0,1423.79,raw,10000.0,1500.0,,0.130435,economic_unconstrained,xgboost,xgboost_05_missingness_challenger,missingness_challenger,XGBoost | missingness challenger
0.212648,186920,168975,17945,0.903996,0.096004,45180,123795,17000,945,0.267377,0.979512,0.052661,0.267377,266107500.0,1423.64,raw,10000.0,1500.0,,0.130435,economic_unconstrained,xgboost,xgboost_05_missingness_challenger,missingness_challenger,XGBoost | missingness challenger
0.211638,186920,169162,17758,0.904997,0.095003,45197,123965,16830,928,0.267182,0.979881,0.052258,0.267182,266022500.0,1423.19,raw,10000.0,1500.0,,0.130435,economic_unconstrained,xgboost,xgboost_05_missingness_challenger,missingness_challenger,XGBoost | missingness challenger
0.377492,186920,123928,62992,0.663,0.337,39292,84636,56159,6833,0.317055,0.851859,0.108474,0.317055,265966000.0,1422.89,raw,10000.0,1500.0,,0.130435,economic_unconstrained,xgboost,xgboost_05_missingness_challenger,missingness_challenger,XGBoost | missingness challenger
0.21059,186920,169349,17571,0.905997,0.094003,45210,124139,16656,915,0.266963,0.980163,0.052074,0.266963,265891500.0,1422.49,raw,10000.0,1500.0,,0.130435,economic_unconstrained,xgboost,xgboost_05_missingness_challenger,missingness_challenger,XGBoost | missingness challenger
0.378034,186920,123741,63179,0.662,0.338,39261,84480,56315,6864,0.317284,0.851187,0.108644,0.317284,265890000.0,1422.48,raw,10000.0,1500.0,,0.130435,economic_unconstrained,xgboost,xgboost_05_missingness_challenger,missingness_challenger,XGBoost | missingness challenger
0.209685,186920,169536,17384,0.906998,0.093002,45225,124311,16484,900,0.266758,0.980488,0.051772,0.266758,265783500.0,1421.91,raw,10000.0,1500.0,,0.130435,economic_unconstrained,xgboost,xgboost_05_missingness_challenger,missingness_challenger,XGBoost | missingness challenger
0.378561,186920,123554,63366,0.660999,0.339001,39226,84328,56467,6899,0.317481,0.850428,0.108875,0.317481,265768000.0,1421.83,raw,10000.0,1500.0,,0.130435,economic_unconstrained,xgboost,xgboost_05_missingness_challenger,missingness_challenger,XGBoost | missingness challenger
0.208557,186920,169723,17197,0.907998,0.092002,45242,124481,16314,883,0.266564,0.980856,0.051346,0.266564,265698500.0,1421.46,raw,10000.0,1500.0,,0.130435,economic_unconstrained,xgboost,xgboost_05_missingness_challenger,missingness_challenger,XGBoost | missingness challenger
0.207488,186920,169910,17010,0.908999,0.091001,45261,124649,16146,864,0.266382,0.981268,0.050794,0.266382,265636500.0,1421.12,raw,10000.0,1500.0,,0.130435,economic_unconstrained,xgboost,xgboost_05_missingness_challenger,missingness_challenger,XGBoost | missingness challenger
0.379085,186920,123367,63553,0.659999,0.340001,39189,84178,56617,6936,0.317662,0.849626,0.109137,0.317662,265623000.0,1421.05,raw,10000.0,1500.0,,0.130435,economic_unconstrained,xgboost,xgboost_05_missingness_challenger,missingness_challenger,XGBoost | missingness challenger
0.206375,186920,170097,16823,0.909999,0.090001,45278,124819,15976,847,0.266189,0.981637,0.050348,0.266189,265551500.0,1420.67,raw,10000.0,1500.0,,0.130435,economic_unconstrained,xgboost,xgboost_05_missingness_challenger,missingness_challenger,XGBoost | missingness challenger
0.205289,186920,170284,16636,0.910999,0.089001,45294,124990,15805,831,0.265991,0.981984,0.049952,0.265991,265455000.0,1420.15,raw,10000.0,1500.0,,0.130435,economic_unconstrained,xgboost,xgboost_05_missingness_challenger,missingness_challenger,XGBoost | missingness challenger
0.379611,186920,123180,63740,0.658999,0.341001,39147,84033,56762,6978,0.317803,0.848715,0.109476,0.317803,265420500.0,1419.97,raw,10000.0,1500.0,,0.130435,economic_unconstrained,xgboost,xgboost_05_missingness_challenger,missingness_challenger,XGBoost | missingness challenger
0.380217,186920,122993,63927,0.657998,0.342002,39120,83873,56922,7005,0.318067,0.84813,0.109578,0.318067,265390500.0,1419.81,raw,10000.0,1500.0,,0.130435,economic_unconstrained,xgboost,xgboost_05_missingness_challenger,missingness_challenger,XGBoost | missingness challenger
0.380799,186920,122806,64114,0.656998,0.343002,39088,83718,57077,7037,0.318291,0.847436,0.109758,0.318291,265303000.0,1419.34,raw,10000.0,1500.0,,0.130435,economic_unconstrained,xgboost,xgboost_05_missingness_challenger,missingness_challenger,XGBoost | missingness challenger
0.204169,186920,170471,16449,0.912,0.088,45304,125167,15628,821,0.265758,0.982201,0.049912,0.265758,265289500.0,1419.27,raw,10000.0,1500.0,,0.130435,economic_unconstrained,xgboost,xgboost_05_missingness_challenger,missingness_challenger,XGBoost | missingness challenger
0.381342,186920,122619,64301,0.655997,0.344003,39059,83560,57235,7066,0.31854,0.846808,0.109889,0.31854,265250000.0,1419.06,raw,10000.0,1500.0,,0.130435,economic_unconstrained,xgboost,xgboost_05_missingness_challenger,missingness_challenger,XGBoost | missingness challenger
0.203083,186920,170658,16262,0.913,0.087,45318,125340,15455,807,0.265549,0.982504,0.049625,0.265549,265170000.0,1418.63,raw,10000.0,1500.0,,0.130435,economic_unconstrained,xgboost,xgboost_05_missingness_challenger,missingness_challenger,XGBoost | missingness challenger
0.381939,186920,122433,64487,0.655002,0.344998,39027,83406,57389,7098,0.318762,0.846114,0.110069,0.318762,265161000.0,1418.58,raw,10000.0,1500.0,,0.130435,economic_unconstrained,xgboost,xgboost_05_missingness_challenger,missingness_challenger,XGBoost | missingness challenger
0.38248,186920,122246,64674,0.654002,0.345998,38999,83247,57548,7126,0.319021,0.845507,0.110183,0.319021,265119500.0,1418.36,raw,10000.0,1500.0,,0.130435,economic_unconstrained,xgboost,xgboost_05_missingness_challenger,missingness_challenger,XGBoost | missingness challenger
0.201996,186920,170844,16076,0.913995,0.086005,45335,125509,15286,790,0.265359,0.982873,0.049142,0.265359,265086500.0,1418.18,raw,10000.0,1500.0,,0.130435,economic_unconstrained,xgboost,xgboost_05_missingness_challenger,missingness_challenger,XGBoost | missingness challenger
0.383033,186920,122059,64861,0.653001,0.346999,38963,83096,57699,7162,0.319214,0.844726,0.110421,0.319214,264986000.0,1417.64,raw,10000.0,1500.0,,0.130435,economic_unconstrained,xgboost,xgboost_05_missingness_challenger,missingness_challenger,XGBoost | missingness challenger
0.200896,186920,171031,15889,0.914996,0.085004,45348,125683,15112,777,0.265145,0.983154,0.048902,0.265145,264955500.0,1417.48,raw,10000.0,1500.0,,0.130435,economic_unconstrained,xgboost,xgboost_05_missingness_challenger,missingness_challenger,XGBoost | missingness challenger
0.199684,186920,171218,15702,0.915996,0.084004,45367,125851,14944,758,0.264966,0.983566,0.048274,0.264966,264893500.0,1417.15,raw,10000.0,1500.0,,0.130435,economic_unconstrained,xgboost,xgboost_05_missingness_challenger,missingness_challenger,XGBoost | missingness challenger
0.198539,186920,171405,15515,0.916997,0.083003,45383,126022,14773,742,0.264771,0.983913,0.047825,0.264771,264797000.0,1416.63,raw,10000.0,1500.0,,0.130435,economic_unconstrained,xgboost,xgboost_05_missingness_challenger,missingness_challenger,XGBoost | missingness challenger
0.383575,186920,121872,65048,0.652001,0.347999,38920,82952,57843,7205,0.319351,0.843794,0.110764,0.319351,264772000.0,1416.5,raw,10000.0,1500.0,,0.130435,economic_unconstrained,xgboost,xgboost_05_missingness_challenger,missingness_challenger,XGBoost | missingness challenger
0.384108,186920,121685,65235,0.651,0.349,38891,82794,58001,7234,0.319604,0.843165,0.110891,0.319604,264719000.0,1416.22,raw,10000.0,1500.0,,0.130435,economic_unconstrained,xgboost,xgboost_05_missingness_challenger,missingness_challenger,XGBoost | missingness challenger
0.384682,186920,121498,65422,0.65,0.35,38860,82638,58157,7265,0.319841,0.842493,0.111048,0.319841,264643000.0,1415.81,raw,10000.0,1500.0,,0.130435,economic_unconstrained,xgboost,xgboost_05_missingness_challenger,missingness_challenger,XGBoost | missingness challenger
0.385238,186920,121311,65609,0.649,0.351,38834,82477,58318,7291,0.320119,0.84193,0.111128,0.320119,264624500.0,1415.71,raw,10000.0,1500.0,,0.130435,economic_unconstrained,xgboost,xgboost_05_missingness_challenger,missingness_challenger,XGBoost | missingness challenger
0.197373,186920,171592,15328,0.917997,0.082003,45390,126202,14593,735,0.264523,0.984065,0.047951,0.264523,264597000.0,1415.56,raw,10000.0,1500.0,,0.130435,economic_unconstrained,xgboost,xgboost_05_missingness_challenger,missingness_challenger,XGBoost | missingness challenger
0.385856,186920,121124,65796,0.647999,0.352001,38806,82318,58477,7319,0.320382,0.841322,0.111238,0.320382,264583000.0,1415.49,raw,10000.0,1500.0,,0.130435,economic_unconstrained,xgboost,xgboost_05_missingness_challenger,missingness_challenger,XGBoost | missingness challenger
0.386425,186920,120937,65983,0.646999,0.353001,38772,82165,58630,7353,0.320597,0.840585,0.111438,0.320597,264472500.0,1414.9,raw,10000.0,1500.0,,0.130435,economic_unconstrained,xgboost,xgboost_05_missingness_challenger,missingness_challenger,XGBoost | missingness challenger
0.196213,186920,171779,15141,0.918997,0.081003,45403,126376,14419,722,0.264311,0.984347,0.047685,0.264311,264466000.0,1414.86,raw,10000.0,1500.0,,0.130435,economic_unconstrained,xgboost,xgboost_05_missingness_challenger,missingness_challenger,XGBoost | missingness challenger
0.195041,186920,171966,14954,0.919998,0.080002,45414,126552,14243,711,0.264087,0.984585,0.047546,0.264087,264312000.0,1414.04,raw,10000.0,1500.0,,0.130435,economic_unconstrained,xgboost,xgboost_05_missingness_challenger,missingness_challenger,XGBoost | missingness challenger
0.386913,186920,120750,66170,0.645998,0.354002,38733,82017,58778,7392,0.32077,0.83974,0.111712,0.32077,264304500.0,1414.0,raw,10000.0,1500.0,,0.130435,economic_unconstrained,xgboost,xgboost_05_missingness_challenger,missingness_challenger,XGBoost | missingness challenger
0.387387,186920,120563,66357,0.644998,0.355002,38700,81863,58932,7425,0.320994,0.839024,0.111895,0.320994,264205500.0,1413.47,raw,10000.0,1500.0,,0.130435,economic_unconstrained,xgboost,xgboost_05_missingness_challenger,missingness_challenger,XGBoost | missingness challenger
0.387879,186920,120376,66544,0.643997,0.356003,38672,81704,59091,7453,0.32126,0.838417,0.112001,0.32126,264164000.0,1413.25,raw,10000.0,1500.0,,0.130435,economic_unconstrained,xgboost,xgboost_05_missingness_challenger,missingness_challenger,XGBoost | missingness challenger
0.193779,186920,172153,14767,0.920998,0.079002,45425,126728,14067,700,0.263864,0.984824,0.047403,0.263864,264158000.0,1413.21,raw,10000.0,1500.0,,0.130435,economic_unconstrained,xgboost,xgboost_05_missingness_challenger,missingness_challenger,XGBoost | missingness challenger
0.192492,186920,172340,14580,0.921999,0.078001,45441,126899,13896,684,0.263671,0.985171,0.046914,0.263671,264061500.0,1412.7,raw,10000.0,1500.0,,0.130435,economic_unconstrained,xgboost,xgboost_05_missingness_challenger,missingness_challenger,XGBoost | missingness challenger
0.388433,186920,120189,66731,0.642997,0.357003,38634,81555,59240,7491,0.321444,0.837593,0.112257,0.321444,264007500.0,1412.41,raw,10000.0,1500.0,,0.130435,economic_unconstrained,xgboost,xgboost_05_missingness_challenger,missingness_challenger,XGBoost | missingness challenger
0.191199,186920,172527,14393,0.922999,0.077001,45455,127072,13723,670,0.263466,0.985474,0.04655,0.263466,263942000.0,1412.06,raw,10000.0,1500.0,,0.130435,economic_unconstrained,xgboost,xgboost_05_missingness_challenger,missingness_challenger,XGBoost | missingness challenger
0.388965,186920,120003,66917,0.642002,0.357998,38603,81400,59395,7522,0.321684,0.836921,0.112408,0.321684,263930000.0,1411.99,raw,10000.0,1500.0,,0.130435,economic_unconstrained,xgboost,xgboost_05_missingness_challenger,missingness_challenger,XGBoost | missingness challenger
0.190057,186920,172714,14206,0.924,0.076,45468,127246,13549,657,0.263256,0.985756,0.046248,0.263256,263811000.0,1411.36,raw,10000.0,1500.0,,0.130435,economic_unconstrained,xgboost,xgboost_05_missingness_challenger,missingness_challenger,XGBoost | missingness challenger
0.389543,186920,119816,67104,0.641001,0.358999,38563,81253,59542,7562,0.321852,0.836054,0.112691,0.321852,263750500.0,1411.03,raw,10000.0,1500.0,,0.130435,economic_unconstrained,xgboost,xgboost_05_missingness_challenger,missingness_challenger,XGBoost | missingness challenger
0.188891,186920,172901,14019,0.925,0.075,45483,127418,13377,642,0.263058,0.986081,0.045795,0.263058,263703000.0,1410.78,raw,10000.0,1500.0,,0.130435,economic_unconstrained,xgboost,xgboost_05_missingness_challenger,missingness_challenger,XGBoost | missingness challenger
0.187612,186920,173088,13832,0.926,0.074,45493,127595,13200,632,0.262832,0.986298,0.045691,0.262832,263537500.0,1409.89,raw,10000.0,1500.0,,0.130435,economic_unconstrained,xgboost,xgboost_05_missingness_challenger,missingness_challenger,XGBoost | missingness challenger
0.390036,186920,119629,67291,0.640001,0.359999,38520,81109,59686,7605,0.321996,0.835122,0.113017,0.321996,263536500.0,1409.89,raw,10000.0,1500.0,,0.130435,economic_unconstrained,xgboost,xgboost_05_missingness_challenger,missingness_challenger,XGBoost | missingness challenger
0.186268,186920,173274,13646,0.926996,0.073004,45504,127770,13025,621,0.262613,0.986537,0.045508,0.262613,263385000.0,1409.08,raw,10000.0,1500.0,,0.130435,economic_unconstrained,xgboost,xgboost_05_missingness_challenger,missingness_challenger,XGBoost | missingness challenger
0.390599,186920,119442,67478,0.639001,0.360999,38482,80960,59835,7643,0.322181,0.834298,0.113267,0.322181,263380000.0,1409.05,raw,10000.0,1500.0,,0.130435,economic_unconstrained,xgboost,xgboost_05_missingness_challenger,missingness_challenger,XGBoost | missingness challenger
0.391183,186920,119255,67665,0.638,0.362,38446,80809,59986,7679,0.322385,0.833518,0.113486,0.322385,263246500.0,1408.34,raw,10000.0,1500.0,,0.130435,economic_unconstrained,xgboost,xgboost_05_missingness_challenger,missingness_challenger,XGBoost | missingness challenger
0.185046,186920,173461,13459,0.927996,0.072004,45514,127947,12848,611,0.262388,0.986753,0.045397,0.262388,263219500.0,1408.19,raw,10000.0,1500.0,,0.130435,economic_unconstrained,xgboost,xgboost_05_missingness_challenger,missingness_challenger,XGBoost | missingness challenger
0.391767,186920,119068,67852,0.637,0.363,38417,80651,60144,7708,0.322648,0.832889,0.1136,0.322648,263193500.0,1408.05,raw,10000.0,1500.0,,0.130435,economic_unconstrained,xgboost,xgboost_05_missingness_challenger,missingness_challenger,XGBoost | missingness challenger
0.392299,186920,118881,68039,0.635999,0.364001,38387,80494,60301,7738,0.322903,0.832238,0.113729,0.322903,263129000.0,1407.71,raw,10000.0,1500.0,,0.130435,economic_unconstrained,xgboost,xgboost_05_missingness_challenger,missingness_challenger,XGBoost | missingness challenger
0.183724,186920,173648,13272,0.928996,0.071004,45529,128119,12676,596,0.262191,0.987079,0.044907,0.262191,263111500.0,1407.62,raw,10000.0,1500.0,,0.130435,economic_unconstrained,xgboost,xgboost_05_missingness_challenger,missingness_challenger,XGBoost | missingness challenger
0.1824,186920,173835,13085,0.929997,0.070003,45546,128289,12506,579,0.262007,0.987447,0.044249,0.262007,263026500.0,1407.16,raw,10000.0,1500.0,,0.130435,economic_unconstrained,xgboost,xgboost_05_missingness_challenger,missingness_challenger,XGBoost | missingness challenger
0.392865,186920,118694,68226,0.634999,0.365001,38352,80342,60453,7773,0.323117,0.83148,0.11393,0.323117,263007000.0,1407.06,raw,10000.0,1500.0,,0.130435,economic_unconstrained,xgboost,xgboost_05_missingness_challenger,missingness_challenger,XGBoost | missingness challenger
0.18105,186920,174022,12898,0.930997,0.069003,45564,128458,12337,561,0.261829,0.987837,0.043495,0.261829,262953000.0,1406.77,raw,10000.0,1500.0,,0.130435,economic_unconstrained,xgboost,xgboost_05_missingness_challenger,missingness_challenger,XGBoost | missingness challenger
0.179719,186920,174209,12711,0.931998,0.068002,45581,128628,12167,544,0.261645,0.988206,0.042798,0.261645,262868000.0,1406.31,raw,10000.0,1500.0,,0.130435,economic_unconstrained,xgboost,xgboost_05_missingness_challenger,missingness_challenger,XGBoost | missingness challenger
0.393398,186920,118507,68413,0.633999,0.366001,38315,80192,60603,7810,0.323314,0.830678,0.11416,0.323314,262862000.0,1406.28,raw,10000.0,1500.0,,0.130435,economic_unconstrained,xgboost,xgboost_05_missingness_challenger,missingness_challenger,XGBoost | missingness challenger
0.393961,186920,118320,68600,0.632998,0.367002,38275,80045,60750,7850,0.323487,0.82981,0.114431,0.323487,262682500.0,1405.32,raw,10000.0,1500.0,,0.130435,economic_unconstrained,xgboost,xgboost_05_missingness_challenger,missingness_challenger,XGBoost | missingness challenger
0.178339,186920,174396,12524,0.932998,0.067002,45587,128809,11986,538,0.261399,0.988336,0.042958,0.261399,262656500.0,1405.18,raw,10000.0,1500.0,,0.130435,economic_unconstrained,xgboost,xgboost_05_missingness_challenger,missingness_challenger,XGBoost | missingness challenger
0.394501,186920,118133,68787,0.631998,0.368002,38233,79900,60895,7892,0.323644,0.8289,0.114731,0.323644,262480000.0,1404.24,raw,10000.0,1500.0,,0.130435,economic_unconstrained,xgboost,xgboost_05_missingness_challenger,missingness_challenger,XGBoost | missingness challenger
0.177064,186920,174583,12337,0.933999,0.066001,45596,128987,11808,529,0.261171,0.988531,0.042879,0.261171,262479500.0,1404.23,raw,10000.0,1500.0,,0.130435,economic_unconstrained,xgboost,xgboost_05_missingness_challenger,missingness_challenger,XGBoost | missingness challenger
0.175755,186920,174770,12150,0.934999,0.065001,45611,129159,11636,514,0.260977,0.988856,0.042305,0.260977,262371500.0,1403.66,raw,10000.0,1500.0,,0.130435,economic_unconstrained,xgboost,xgboost_05_missingness_challenger,missingness_challenger,XGBoost | missingness challenger
0.395036,186920,117946,68974,0.630997,0.369003,38193,79753,61042,7932,0.323818,0.828033,0.115,0.323818,262300500.0,1403.28,raw,10000.0,1500.0,,0.130435,economic_unconstrained,xgboost,xgboost_05_missingness_challenger,missingness_challenger,XGBoost | missingness challenger
0.174404,186920,174957,11963,0.935999,0.064001,45625,129332,11463,500,0.260778,0.98916,0.041796,0.260778,262252000.0,1403.02,raw,10000.0,1500.0,,0.130435,economic_unconstrained,xgboost,xgboost_05_missingness_challenger,missingness_challenger,XGBoost | missingness challenger
0.39556,186920,117759,69161,0.629997,0.370003,38157,79602,61193,7968,0.324026,0.827252,0.115209,0.324026,262167000.0,1402.56,raw,10000.0,1500.0,,0.130435,economic_unconstrained,xgboost,xgboost_05_missingness_challenger,missingness_challenger,XGBoost | missingness challenger
0.173061,186920,175144,11776,0.937,0.063,45642,129502,11293,483,0.260597,0.989528,0.041016,0.260597,262167000.0,1402.56,raw,10000.0,1500.0,,0.130435,economic_unconstrained,xgboost,xgboost_05_missingness_challenger,missingness_challenger,XGBoost | missingness challenger
0.396088,186920,117573,69347,0.629002,0.370998,38128,79445,61350,7997,0.324292,0.826623,0.115319,0.324292,262112500.0,1402.27,raw,10000.0,1500.0,,0.130435,economic_unconstrained,xgboost,xgboost_05_missingness_challenger,missingness_challenger,XGBoost | missingness challenger
0.171724,186920,175331,11589,0.938,0.062,45657,129674,11121,468,0.260405,0.989854,0.040383,0.260405,262059000.0,1401.98,raw,10000.0,1500.0,,0.130435,economic_unconstrained,xgboost,xgboost_05_missingness_challenger,missingness_challenger,XGBoost | missingness challenger
0.396594,186920,117386,69534,0.628001,0.371999,38096,79290,61505,8029,0.324536,0.82593,0.115469,0.324536,262025000.0,1401.8,raw,10000.0,1500.0,,0.130435,economic_unconstrained,xgboost,xgboost_05_missingness_challenger,missingness_challenger,XGBoost | missingness challenger
0.170409,186920,175517,11403,0.938995,0.061005,45669,129848,10947,456,0.260197,0.990114,0.039989,0.260197,261918000.0,1401.23,raw,10000.0,1500.0,,0.130435,economic_unconstrained,xgboost,xgboost_05_missingness_challenger,missingness_challenger,XGBoost | missingness challenger
0.397145,186920,117199,69721,0.627001,0.372999,38058,79141,61654,8067,0.32473,0.825106,0.115704,0.32473,261868500.0,1400.97,raw,10000.0,1500.0,,0.130435,economic_unconstrained,xgboost,xgboost_05_missingness_challenger,missingness_challenger,XGBoost | missingness challenger
0.169038,186920,175704,11216,0.939996,0.060004,45684,130020,10775,441,0.260005,0.990439,0.039319,0.260005,261810000.0,1400.65,raw,10000.0,1500.0,,0.130435,economic_unconstrained,xgboost,xgboost_05_missingness_challenger,missingness_challenger,XGBoost | missingness challenger
0.397714,186920,117012,69908,0.626,0.374,38027,78985,61810,8098,0.324984,0.824434,0.115838,0.324984,261792500.0,1400.56,raw,10000.0,1500.0,,0.130435,economic_unconstrained,xgboost,xgboost_05_missingness_challenger,missingness_challenger,XGBoost | missingness challenger
0.398222,186920,116825,70095,0.625,0.375,37999,78826,61969,8126,0.325264,0.823827,0.115928,0.325264,261751000.0,1400.34,raw,10000.0,1500.0,,0.130435,economic_unconstrained,xgboost,xgboost_05_missingness_challenger,missingness_challenger,XGBoost | missingness challenger
0.167636,186920,175891,11029,0.940996,0.059004,45699,130192,10603,426,0.259814,0.990764,0.038625,0.259814,261702000.0,1400.07,raw,10000.0,1500.0,,0.130435,economic_unconstrained,xgboost,xgboost_05_missingness_challenger,missingness_challenger,XGBoost | missingness challenger
0.398714,186920,116638,70282,0.624,0.376,37968,78670,62125,8157,0.32552,0.823154,0.116061,0.32552,261675000.0,1399.93,raw,10000.0,1500.0,,0.130435,economic_unconstrained,xgboost,xgboost_05_missingness_challenger,missingness_challenger,XGBoost | missingness challenger
0.399299,186920,116451,70469,0.622999,0.377001,37927,78524,62271,8198,0.325691,0.822266,0.116335,0.325691,261484000.0,1398.91,raw,10000.0,1500.0,,0.130435,economic_unconstrained,xgboost,xgboost_05_missingness_challenger,missingness_challenger,XGBoost | missingness challenger
0.16637,186920,176078,10842,0.941997,0.058003,45703,130375,10420,422,0.259561,0.990851,0.038923,0.259561,261467500.0,1398.82,raw,10000.0,1500.0,,0.130435,economic_unconstrained,xgboost,xgboost_05_missingness_challenger,missingness_challenger,XGBoost | missingness challenger
0.164824,186920,176265,10655,0.942997,0.057003,45718,130547,10248,407,0.259371,0.991176,0.038198,0.259371,261359500.0,1398.24,raw,10000.0,1500.0,,0.130435,economic_unconstrained,xgboost,xgboost_05_missingness_challenger,missingness_challenger,XGBoost | missingness challenger
0.399797,186920,116264,70656,0.621999,0.378001,37886,78378,62417,8239,0.325862,0.821377,0.116607,0.325862,261293000.0,1397.89,raw,10000.0,1500.0,,0.130435,economic_unconstrained,xgboost,xgboost_05_missingness_challenger,missingness_challenger,XGBoost | missingness challenger
0.400307,186920,116077,70843,0.620998,0.379002,37855,78222,62573,8270,0.32612,0.820705,0.116737,0.32612,261217000.0,1397.48,raw,10000.0,1500.0,,0.130435,economic_unconstrained,xgboost,xgboost_05_missingness_challenger,missingness_challenger,XGBoost | missingness challenger
0.163441,186920,176452,10468,0.943997,0.056003,45729,130723,10072,396,0.259158,0.991415,0.03783,0.259158,261205500.0,1397.42,raw,10000.0,1500.0,,0.130435,economic_unconstrained,xgboost,xgboost_05_missingness_challenger,missingness_challenger,XGBoost | missingness challenger
0.162139,186920,176639,10281,0.944998,0.055002,45742,130897,9898,383,0.258958,0.991696,0.037253,0.258958,261074500.0,1396.72,raw,10000.0,1500.0,,0.130435,economic_unconstrained,xgboost,xgboost_05_missingness_challenger,missingness_challenger,XGBoost | missingness challenger
0.400844,186920,115890,71030,0.619998,0.380002,37816,78074,62721,8309,0.326309,0.819859,0.116979,0.326309,261049000.0,1396.58,raw,10000.0,1500.0,,0.130435,economic_unconstrained,xgboost,xgboost_05_missingness_challenger,missingness_challenger,XGBoost | missingness challenger
0.401389,186920,115703,71217,0.618997,0.381003,37781,77922,62873,8344,0.326534,0.8191,0.117163,0.326534,260927000.0,1395.93,raw,10000.0,1500.0,,0.130435,economic_unconstrained,xgboost,xgboost_05_missingness_challenger,missingness_challenger,XGBoost | missingness challenger
0.160721,186920,176826,10094,0.945998,0.054002,45749,131077,9718,376,0.258723,0.991848,0.03725,0.258723,260874500.0,1395.65,raw,10000.0,1500.0,,0.130435,economic_unconstrained,xgboost,xgboost_05_missingness_challenger,missingness_challenger,XGBoost | missingness challenger
0.401913,186920,115516,71404,0.617997,0.382003,37738,77778,63017,8387,0.326691,0.818168,0.117458,0.326691,260713000.0,1394.78,raw,10000.0,1500.0,,0.130435,economic_unconstrained,xgboost,xgboost_05_missingness_challenger,missingness_challenger,XGBoost | missingness challenger
0.159337,186920,177013,9907,0.946999,0.053001,45759,131254,9541,366,0.258506,0.992065,0.036944,0.258506,260709000.0,1394.76,raw,10000.0,1500.0,,0.130435,economic_unconstrained,xgboost,xgboost_05_missingness_challenger,missingness_challenger,XGBoost | missingness challenger
0.158092,186920,177200,9720,0.947999,0.052001,45774,131426,9369,351,0.258318,0.99239,0.036111,0.258318,260601000.0,1394.18,raw,10000.0,1500.0,,0.130435,economic_unconstrained,xgboost,xgboost_05_missingness_challenger,missingness_challenger,XGBoost | missingness challenger
0.402455,186920,115330,71590,0.617002,0.382998,37697,77633,63162,8428,0.326862,0.817279,0.117726,0.326862,260520500.0,1393.75,raw,10000.0,1500.0,,0.130435,economic_unconstrained,xgboost,xgboost_05_missingness_challenger,missingness_challenger,XGBoost | missingness challenger
0.156697,186920,177387,9533,0.949,0.051,45785,131602,9193,340,0.258108,0.992629,0.035666,0.258108,260447000.0,1393.36,raw,10000.0,1500.0,,0.130435,economic_unconstrained,xgboost,xgboost_05_missingness_challenger,missingness_challenger,XGBoost | missingness challenger
0.40295,186920,115143,71777,0.616001,0.383999,37660,77483,63312,8465,0.327072,0.816477,0.117935,0.327072,260375500.0,1392.98,raw,10000.0,1500.0,,0.130435,economic_unconstrained,xgboost,xgboost_05_missingness_challenger,missingness_challenger,XGBoost | missingness challenger
0.15515,186920,177574,9346,0.95,0.05,45796,131778,9017,329,0.257898,0.992867,0.035202,0.257898,260293000.0,1392.54,raw,10000.0,1500.0,,0.130435,economic_unconstrained,xgboost,xgboost_05_missingness_challenger,missingness_challenger,XGBoost | missingness challenger
0.403436,186920,114956,71964,0.615001,0.384999,37626,77330,63465,8499,0.327308,0.81574,0.118101,0.327308,260265000.0,1392.39,raw,10000.0,1500.0,,0.130435,economic_unconstrained,xgboost,xgboost_05_missingness_challenger,missingness_challenger,XGBoost | missingness challenger
0.403987,186920,114769,72151,0.614001,0.385999,37591,77178,63617,8534,0.327536,0.814981,0.11828,0.327536,260143000.0,1391.73,raw,10000.0,1500.0,,0.130435,economic_unconstrained,xgboost,xgboost_05_missingness_challenger,missingness_challenger,XGBoost | missingness challenger
0.153752,186920,177760,9160,0.950995,0.049005,45801,131959,8836,324,0.257656,0.992976,0.035371,0.257656,260071500.0,1391.35,raw,10000.0,1500.0,,0.130435,economic_unconstrained,xgboost,xgboost_05_missingness_challenger,missingness_challenger,XGBoost | missingness challenger
0.404547,186920,114582,72338,0.613,0.387,37548,77034,63761,8577,0.327695,0.814049,0.118568,0.327695,259929000.0,1390.59,raw,10000.0,1500.0,,0.130435,economic_unconstrained,xgboost,xgboost_05_missingness_challenger,missingness_challenger,XGBoost | missingness challenger
0.15229,186920,177947,8973,0.951996,0.048004,45811,132136,8659,314,0.257442,0.993192,0.034994,0.257442,259906000.0,1390.47,raw,10000.0,1500.0,,0.130435,economic_unconstrained,xgboost,xgboost_05_missingness_challenger,missingness_challenger,XGBoost | missingness challenger
0.405071,186920,114395,72525,0.612,0.388,37513,76882,63913,8612,0.327925,0.81329,0.118745,0.327925,259807000.0,1389.94,raw,10000.0,1500.0,,0.130435,economic_unconstrained,xgboost,xgboost_05_missingness_challenger,missingness_challenger,XGBoost | missingness challenger
0.1507,186920,178134,8786,0.952996,0.047004,45822,132312,8483,303,0.257233,0.993431,0.034487,0.257233,259752000.0,1389.64,raw,10000.0,1500.0,,0.130435,economic_unconstrained,xgboost,xgboost_05_missingness_challenger,missingness_challenger,XGBoost | missingness challenger
0.405534,186920,114208,72712,0.610999,0.389001,37476,76732,64063,8649,0.328138,0.812488,0.118949,0.328138,259662000.0,1389.16,raw,10000.0,1500.0,,0.130435,economic_unconstrained,xgboost,xgboost_05_missingness_challenger,missingness_challenger,XGBoost | missingness challenger
0.406075,186920,114021,72899,0.609999,0.390001,37446,76575,64220,8679,0.328413,0.811837,0.119055,0.328413,259597500.0,1388.82,raw,10000.0,1500.0,,0.130435,economic_unconstrained,xgboost,xgboost_05_missingness_challenger,missingness_challenger,XGBoost | missingness challenger
0.14911,186920,178321,8599,0.953996,0.046004,45830,132491,8304,295,0.257008,0.993604,0.034306,0.257008,259563500.0,1388.63,raw,10000.0,1500.0,,0.130435,economic_unconstrained,xgboost,xgboost_05_missingness_challenger,missingness_challenger,XGBoost | missingness challenger
0.40655,186920,113834,73086,0.608999,0.391001,37416,76418,64377,8709,0.328689,0.811187,0.119161,0.328689,259533000.0,1388.47,raw,10000.0,1500.0,,0.130435,economic_unconstrained,xgboost,xgboost_05_missingness_challenger,missingness_challenger,XGBoost | missingness challenger
0.407042,186920,113647,73273,0.607998,0.392002,37379,76268,64527,8746,0.328904,0.810385,0.119362,0.328904,259388000.0,1387.7,raw,10000.0,1500.0,,0.130435,economic_unconstrained,xgboost,xgboost_05_missingness_challenger,missingness_challenger,XGBoost | missingness challenger
0.147641,186920,178508,8412,0.954997,0.045003,45839,132669,8126,286,0.25679,0.993799,0.033999,0.25679,259386500.0,1387.69,raw,10000.0,1500.0,,0.130435,economic_unconstrained,xgboost,xgboost_05_missingness_challenger,missingness_challenger,XGBoost | missingness challenger
0.407633,186920,113460,73460,0.606998,0.393002,37340,76120,64675,8785,0.329103,0.809539,0.119589,0.329103,259220000.0,1386.8,raw,10000.0,1500.0,,0.130435,economic_unconstrained,xgboost,xgboost_05_missingness_challenger,missingness_challenger,XGBoost | missingness challenger
0.146027,186920,178695,8225,0.955997,0.044003,45846,132849,7946,279,0.25656,0.993951,0.033921,0.25656,259186500.0,1386.62,raw,10000.0,1500.0,,0.130435,economic_unconstrained,xgboost,xgboost_05_missingness_challenger,missingness_challenger,XGBoost | missingness challenger
0.408175,186920,113273,73647,0.605997,0.394003,37299,75974,64821,8826,0.329284,0.80865,0.119842,0.329284,259029000.0,1385.77,raw,10000.0,1500.0,,0.130435,economic_unconstrained,xgboost,xgboost_05_missingness_challenger,missingness_challenger,XGBoost | missingness challenger
0.144555,186920,178882,8038,0.956998,0.043002,45855,133027,7768,270,0.256342,0.994146,0.03359,0.256342,259009500.0,1385.67,raw,10000.0,1500.0,,0.130435,economic_unconstrained,xgboost,xgboost_05_missingness_challenger,missingness_challenger,XGBoost | missingness challenger
0.14298,186920,179069,7851,0.957998,0.042002,45867,133202,7593,258,0.256141,0.994407,0.032862,0.256141,258867000.0,1384.91,raw,10000.0,1500.0,,0.130435,economic_unconstrained,xgboost,xgboost_05_missingness_challenger,missingness_challenger,XGBoost | missingness challenger
0.408776,186920,113087,73833,0.605002,0.394998,37259,75828,64967,8866,0.329472,0.807783,0.120082,0.329472,258848000.0,1384.81,raw,10000.0,1500.0,,0.130435,economic_unconstrained,xgboost,xgboost_05_missingness_challenger,missingness_challenger,XGBoost | missingness challenger
0.409285,186920,112900,74020,0.604002,0.395998,37217,75683,65112,8908,0.329646,0.806873,0.120346,0.329646,258645500.0,1383.72,raw,10000.0,1500.0,,0.130435,economic_unconstrained,xgboost,xgboost_05_missingness_challenger,missingness_challenger,XGBoost | missingness challenger
0.141356,186920,179256,7664,0.958999,0.041001,45871,133385,7410,254,0.255897,0.994493,0.033142,0.255897,258632500.0,1383.65,raw,10000.0,1500.0,,0.130435,economic_unconstrained,xgboost,xgboost_05_missingness_challenger,missingness_challenger,XGBoost | missingness challenger
0.139927,186920,179443,7477,0.959999,0.040001,45879,133564,7231,246,0.255675,0.994667,0.032901,0.255675,258444000.0,1382.64,raw,10000.0,1500.0,,0.130435,economic_unconstrained,xgboost,xgboost_05_missingness_challenger,missingness_challenger,XGBoost | missingness challenger
0.409814,186920,112713,74207,0.603001,0.396999,37174,75539,65256,8951,0.329811,0.80594,0.120622,0.329811,258431500.0,1382.58,raw,10000.0,1500.0,,0.130435,economic_unconstrained,xgboost,xgboost_05_missingness_challenger,missingness_challenger,XGBoost | missingness challenger
0.410333,186920,112526,74394,0.602001,0.397999,37136,75390,65405,8989,0.330022,0.805117,0.12083,0.330022,258275000.0,1381.74,raw,10000.0,1500.0,,0.130435,economic_unconstrained,xgboost,xgboost_05_missingness_challenger,missingness_challenger,XGBoost | missingness challenger
0.138323,186920,179630,7290,0.960999,0.039001,45886,133744,7051,239,0.255447,0.994818,0.032785,0.255447,258244000.0,1381.58,raw,10000.0,1500.0,,0.130435,economic_unconstrained,xgboost,xgboost_05_missingness_challenger,missingness_challenger,XGBoost | missingness challenger
0.410857,186920,112339,74581,0.601,0.399,37101,75238,65557,9024,0.330259,0.804358,0.120996,0.330259,258153000.0,1381.09,raw,10000.0,1500.0,,0.130435,economic_unconstrained,xgboost,xgboost_05_missingness_challenger,missingness_challenger,XGBoost | missingness challenger
0.13675,186920,179817,7103,0.962,0.038,45895,133922,6873,230,0.255232,0.995014,0.032381,0.255232,258067000.0,1380.63,raw,10000.0,1500.0,,0.130435,economic_unconstrained,xgboost,xgboost_05_missingness_challenger,missingness_challenger,XGBoost | missingness challenger
0.411406,186920,112152,74768,0.6,0.4,37069,75083,65712,9056,0.330525,0.803664,0.121121,0.330525,258065500.0,1380.62,raw,10000.0,1500.0,,0.130435,economic_unconstrained,xgboost,xgboost_05_missingness_challenger,missingness_challenger,XGBoost | missingness challenger
0.135246,186920,180003,6917,0.962995,0.037005,45911,134092,6703,214,0.255057,0.99536,0.030938,0.255057,257972000.0,1380.12,raw,10000.0,1500.0,,0.130435,economic_unconstrained,xgboost,xgboost_05_missingness_challenger,missingness_challenger,XGBoost | missingness challenger
0.411994,186920,111965,74955,0.599,0.401,37035,74930,65865,9090,0.330773,0.802927,0.121273,0.330773,257955000.0,1380.03,raw,10000.0,1500.0,,0.130435,economic_unconstrained,xgboost,xgboost_05_missingness_challenger,missingness_challenger,XGBoost | missingness challenger
0.412503,186920,111778,75142,0.597999,0.402001,36994,74784,66011,9131,0.33096,0.802038,0.121517,0.33096,257764000.0,1379.01,raw,10000.0,1500.0,,0.130435,economic_unconstrained,xgboost,xgboost_05_missingness_challenger,missingness_challenger,XGBoost | missingness challenger
0.13359,186920,180190,6730,0.963995,0.036005,45915,134275,6520,210,0.254814,0.995447,0.031204,0.254814,257737500.0,1378.87,raw,10000.0,1500.0,,0.130435,economic_unconstrained,xgboost,xgboost_05_missingness_challenger,missingness_challenger,XGBoost | missingness challenger
0.413055,186920,111591,75329,0.596999,0.403001,36954,74637,66158,9171,0.331156,0.801171,0.121746,0.331156,257584500.0,1378.05,raw,10000.0,1500.0,,0.130435,economic_unconstrained,xgboost,xgboost_05_missingness_challenger,missingness_challenger,XGBoost | missingness challenger
0.132124,186920,180377,6543,0.964996,0.035004,45921,134456,6339,204,0.254583,0.995577,0.031178,0.254583,257526000.0,1377.73,raw,10000.0,1500.0,,0.130435,economic_unconstrained,xgboost,xgboost_05_missingness_challenger,missingness_challenger,XGBoost | missingness challenger
0.41361,186920,111404,75516,0.595998,0.404002,36917,74487,66308,9208,0.331379,0.800369,0.121934,0.331379,257439500.0,1377.27,raw,10000.0,1500.0,,0.130435,economic_unconstrained,xgboost,xgboost_05_missingness_challenger,missingness_challenger,XGBoost | missingness challenger
0.414109,186920,111217,75703,0.594998,0.405002,36886,74331,66464,9239,0.331658,0.799696,0.122043,0.331658,257363500.0,1376.86,raw,10000.0,1500.0,,0.130435,economic_unconstrained,xgboost,xgboost_05_missingness_challenger,missingness_challenger,XGBoost | missingness challenger
0.130228,186920,180564,6356,0.965996,0.034004,45931,134633,6162,194,0.254375,0.995794,0.030522,0.254375,257360500.0,1376.85,raw,10000.0,1500.0,,0.130435,economic_unconstrained,xgboost,xgboost_05_missingness_challenger,missingness_challenger,XGBoost | missingness challenger
0.414651,186920,111031,75889,0.594003,0.405997,36853,74178,66617,9272,0.331916,0.798981,0.122178,0.331916,257263000.0,1376.33,raw,10000.0,1500.0,,0.130435,economic_unconstrained,xgboost,xgboost_05_missingness_challenger,missingness_challenger,XGBoost | missingness challenger
0.128631,186920,180751,6169,0.966997,0.033003,45940,134811,5984,185,0.254162,0.995989,0.029989,0.254162,257183500.0,1375.9,raw,10000.0,1500.0,,0.130435,economic_unconstrained,xgboost,xgboost_05_missingness_challenger,missingness_challenger,XGBoost | missingness challenger
0.415216,186920,110843,76077,0.592997,0.407003,36819,74024,66771,9306,0.332173,0.798244,0.122323,0.332173,257154000.0,1375.74,raw,10000.0,1500.0,,0.130435,economic_unconstrained,xgboost,xgboost_05_missingness_challenger,missingness_challenger,XGBoost | missingness challenger
0.415784,186920,110657,76263,0.592002,0.407998,36789,73868,66927,9336,0.33246,0.797593,0.122418,0.33246,257088000.0,1375.39,raw,10000.0,1500.0,,0.130435,economic_unconstrained,xgboost,xgboost_05_missingness_challenger,missingness_challenger,XGBoost | missingness challenger
0.127034,186920,180938,5982,0.967997,0.032003,45949,134989,5806,176,0.253949,0.996184,0.029422,0.253949,257006500.0,1374.95,raw,10000.0,1500.0,,0.130435,economic_unconstrained,xgboost,xgboost_05_missingness_challenger,missingness_challenger,XGBoost | missingness challenger
0.416293,186920,110470,76450,0.591001,0.408999,36751,73719,67076,9374,0.332679,0.79677,0.122616,0.332679,256931500.0,1374.55,raw,10000.0,1500.0,,0.130435,economic_unconstrained,xgboost,xgboost_05_missingness_challenger,missingness_challenger,XGBoost | missingness challenger
0.125412,186920,181125,5795,0.968997,0.031003,45956,135169,5626,169,0.253725,0.996336,0.029163,0.253725,256806500.0,1373.88,raw,10000.0,1500.0,,0.130435,economic_unconstrained,xgboost,xgboost_05_missingness_challenger,missingness_challenger,XGBoost | missingness challenger
0.41734,186920,110096,76824,0.589001,0.410999,36688,73408,67387,9437,0.333236,0.795404,0.122839,0.333236,256768000.0,1373.68,raw,10000.0,1500.0,,0.130435,economic_unconstrained,xgboost,xgboost_05_missingness_challenger,missingness_challenger,XGBoost | missingness challenger
0.416797,186920,110283,76637,0.590001,0.409999,36712,73571,67224,9413,0.332889,0.795924,0.122826,0.332889,256763500.0,1373.65,raw,10000.0,1500.0,,0.130435,economic_unconstrained,xgboost,xgboost_05_missingness_challenger,missingness_challenger,XGBoost | missingness challenger
0.417829,186920,109909,77011,0.588,0.412,36651,73258,67537,9474,0.333467,0.794602,0.123021,0.333467,256623000.0,1372.9,raw,10000.0,1500.0,,0.130435,economic_unconstrained,xgboost,xgboost_05_missingness_challenger,missingness_challenger,XGBoost | missingness challenger
0.123754,186920,181312,5608,0.969998,0.030002,45962,135350,5445,163,0.253497,0.996466,0.029066,0.253497,256595000.0,1372.75,raw,10000.0,1500.0,,0.130435,economic_unconstrained,xgboost,xgboost_05_missingness_challenger,missingness_challenger,XGBoost | missingness challenger
0.418359,186920,109722,77198,0.587,0.413,36620,73102,67693,9505,0.333753,0.79393,0.123125,0.333753,256547000.0,1372.5,raw,10000.0,1500.0,,0.130435,economic_unconstrained,xgboost,xgboost_05_missingness_challenger,missingness_challenger,XGBoost | missingness challenger
0.122079,186920,181499,5421,0.970998,0.029002,45972,135527,5268,153,0.253291,0.996683,0.028224,0.253291,256429500.0,1371.87,raw,10000.0,1500.0,,0.130435,economic_unconstrained,xgboost,xgboost_05_missingness_challenger,missingness_challenger,XGBoost | missingness challenger
0.418824,186920,109535,77385,0.585999,0.414001,36577,72958,67837,9548,0.33393,0.792997,0.123383,0.33393,256333000.0,1371.35,raw,10000.0,1500.0,,0.130435,economic_unconstrained,xgboost,xgboost_05_missingness_challenger,missingness_challenger,XGBoost | missingness challenger
0.120491,186920,181686,5234,0.971999,0.028001,45982,135704,5091,143,0.253085,0.9969,0.027321,0.253085,256264000.0,1370.98,raw,10000.0,1500.0,,0.130435,economic_unconstrained,xgboost,xgboost_05_missingness_challenger,missingness_challenger,XGBoost | missingness challenger
0.419278,186920,109348,77572,0.584999,0.415001,36541,72807,67988,9584,0.334172,0.792217,0.12355,0.334172,256199500.0,1370.64,raw,10000.0,1500.0,,0.130435,economic_unconstrained,xgboost,xgboost_05_missingness_challenger,missingness_challenger,XGBoost | missingness challenger
0.118652,186920,181873,5047,0.972999,0.027001,45989,135884,4911,136,0.252863,0.997051,0.026947,0.252863,256064000.0,1369.91,raw,10000.0,1500.0,,0.130435,economic_unconstrained,xgboost,xgboost_05_missingness_challenger,missingness_challenger,XGBoost | missingness challenger
0.419793,186920,109161,77759,0.583999,0.416001,36501,72660,68135,9624,0.334378,0.79135,0.123767,0.334378,256020000.0,1369.68,raw,10000.0,1500.0,,0.130435,economic_unconstrained,xgboost,xgboost_05_missingness_challenger,missingness_challenger,XGBoost | missingness challenger
0.116683,186920,182060,4860,0.974,0.026,46002,136058,4737,123,0.252675,0.997333,0.025309,0.252675,255933000.0,1369.21,raw,10000.0,1500.0,,0.130435,economic_unconstrained,xgboost,xgboost_05_missingness_challenger,missingness_challenger,XGBoost | missingness challenger
0.42029,186920,108974,77946,0.582998,0.417002,36464,72510,68285,9661,0.334612,0.790547,0.123945,0.334612,255875000.0,1368.9,raw,10000.0,1500.0,,0.130435,economic_unconstrained,xgboost,xgboost_05_missingness_challenger,missingness_challenger,XGBoost | missingness challenger
0.114878,186920,182247,4673,0.975,0.025,46006,136241,4554,119,0.252438,0.99742,0.025465,0.252438,255698500.0,1367.96,raw,10000.0,1500.0,,0.130435,economic_unconstrained,xgboost,xgboost_05_missingness_challenger,missingness_challenger,XGBoost | missingness challenger
0.420802,186920,108787,78133,0.581998,0.418002,36423,72364,68431,9702,0.33481,0.789659,0.124173,0.33481,255684000.0,1367.88,raw,10000.0,1500.0,,0.130435,economic_unconstrained,xgboost,xgboost_05_missingness_challenger,missingness_challenger,XGBoost | missingness challenger
0.113006,186920,182433,4487,0.975995,0.024005,46012,136421,4374,113,0.252213,0.99755,0.025184,0.252213,255488500.0,1366.83,raw,10000.0,1500.0,,0.130435,economic_unconstrained,xgboost,xgboost_05_missingness_challenger,missingness_challenger,XGBoost | missingness challenger
0.421309,186920,108600,78320,0.580997,0.419003,36379,72221,68574,9746,0.334982,0.788705,0.124438,0.334982,255458500.0,1366.67,raw,10000.0,1500.0,,0.130435,economic_unconstrained,xgboost,xgboost_05_missingness_challenger,missingness_challenger,XGBoost | missingness challenger
0.110874,186920,182620,4300,0.976996,0.023004,46018,136602,4193,107,0.251988,0.99768,0.024884,0.251988,255277000.0,1365.7,raw,10000.0,1500.0,,0.130435,economic_unconstrained,xgboost,xgboost_05_missingness_challenger,missingness_challenger,XGBoost | missingness challenger
0.421833,186920,108414,78506,0.580002,0.419998,36335,72079,68716,9790,0.33515,0.787751,0.124704,0.33515,255231500.0,1365.46,raw,10000.0,1500.0,,0.130435,economic_unconstrained,xgboost,xgboost_05_missingness_challenger,missingness_challenger,XGBoost | missingness challenger
0.108796,186920,182807,4113,0.977996,0.022004,46027,136780,4015,98,0.251779,0.997875,0.023827,0.251779,255100000.0,1364.75,raw,10000.0,1500.0,,0.130435,economic_unconstrained,xgboost,xgboost_05_missingness_challenger,missingness_challenger,XGBoost | missingness challenger
0.422312,186920,108227,78693,0.579002,0.420998,36299,71928,68867,9826,0.335397,0.78697,0.124865,0.335397,255098000.0,1364.74,raw,10000.0,1500.0,,0.130435,economic_unconstrained,xgboost,xgboost_05_missingness_challenger,missingness_challenger,XGBoost | missingness challenger
0.106938,186920,182994,3926,0.978996,0.021004,46038,136956,3839,87,0.251582,0.998114,0.02216,0.251582,254946000.0,1363.93,raw,10000.0,1500.0,,0.130435,economic_unconstrained,xgboost,xgboost_05_missingness_challenger,missingness_challenger,XGBoost | missingness challenger
0.422854,186920,108040,78880,0.578001,0.421999,36259,71781,69014,9866,0.335607,0.786103,0.125076,0.335607,254918500.0,1363.78,raw,10000.0,1500.0,,0.130435,economic_unconstrained,xgboost,xgboost_05_missingness_challenger,missingness_challenger,XGBoost | missingness challenger
0.423336,186920,107853,79067,0.577001,0.422999,36225,71628,69167,9900,0.335874,0.785366,0.12521,0.335874,254808000.0,1363.19,raw,10000.0,1500.0,,0.130435,economic_unconstrained,xgboost,xgboost_05_missingness_challenger,missingness_challenger,XGBoost | missingness challenger
0.105027,186920,183181,3739,0.979997,0.020003,46046,137135,3660,79,0.251369,0.998287,0.021129,0.251369,254757500.0,1362.92,raw,10000.0,1500.0,,0.130435,economic_unconstrained,xgboost,xgboost_05_missingness_challenger,missingness_challenger,XGBoost | missingness challenger
0.423839,186920,107666,79254,0.576,0.424,36191,71475,69320,9934,0.336141,0.784629,0.125344,0.336141,254697500.0,1362.6,raw,10000.0,1500.0,,0.130435,economic_unconstrained,xgboost,xgboost_05_missingness_challenger,missingness_challenger,XGBoost | missingness challenger
0.103299,186920,183368,3552,0.980997,0.019003,46056,137312,3483,69,0.251167,0.998504,0.019426,0.251167,254592000.0,1362.04,raw,10000.0,1500.0,,0.130435,economic_unconstrained,xgboost,xgboost_05_missingness_challenger,missingness_challenger,XGBoost | missingness challenger
0.424351,186920,107479,79441,0.575,0.425,36145,71334,69461,9980,0.336298,0.783631,0.125628,0.336298,254449000.0,1361.27,raw,10000.0,1500.0,,0.130435,economic_unconstrained,xgboost,xgboost_05_missingness_challenger,missingness_challenger,XGBoost | missingness challenger
0.101513,186920,183555,3365,0.981998,0.018002,46060,137495,3300,65,0.250933,0.998591,0.019316,0.250933,254357500.0,1360.78,raw,10000.0,1500.0,,0.130435,economic_unconstrained,xgboost,xgboost_05_missingness_challenger,missingness_challenger,XGBoost | missingness challenger
0.424828,186920,107292,79628,0.574,0.426,36108,71184,69611,10017,0.33654,0.782829,0.125797,0.33654,254304000.0,1360.5,raw,10000.0,1500.0,,0.130435,economic_unconstrained,xgboost,xgboost_05_missingness_challenger,missingness_challenger,XGBoost | missingness challenger
0.425386,186920,107105,79815,0.572999,0.427001,36074,71031,69764,10051,0.33681,0.782092,0.125929,0.33681,254193500.0,1359.91,raw,10000.0,1500.0,,0.130435,economic_unconstrained,xgboost,xgboost_05_missingness_challenger,missingness_challenger,XGBoost | missingness challenger
0.099622,186920,183742,3178,0.982998,0.017002,46067,137675,3120,58,0.250716,0.998743,0.01825,0.250716,254157500.0,1359.71,raw,10000.0,1500.0,,0.130435,economic_unconstrained,xgboost,xgboost_05_missingness_challenger,missingness_challenger,XGBoost | missingness challenger
0.425942,186920,106918,80002,0.571999,0.428001,36041,70877,69918,10084,0.33709,0.781377,0.126047,0.33709,254094500.0,1359.38,raw,10000.0,1500.0,,0.130435,economic_unconstrained,xgboost,xgboost_05_missingness_challenger,missingness_challenger,XGBoost | missingness challenger
0.097477,186920,183929,2991,0.983999,0.016001,46068,137861,2934,57,0.250466,0.998764,0.019057,0.250466,253888500.0,1358.27,raw,10000.0,1500.0,,0.130435,economic_unconstrained,xgboost,xgboost_05_missingness_challenger,missingness_challenger,XGBoost | missingness challenger
0.426408,186920,106731,80189,0.570998,0.429002,35997,70734,70061,10128,0.337268,0.780423,0.126302,0.337268,253869000.0,1358.17,raw,10000.0,1500.0,,0.130435,economic_unconstrained,xgboost,xgboost_05_missingness_challenger,missingness_challenger,XGBoost | missingness challenger
0.426903,186920,106544,80376,0.569998,0.430002,35962,70582,70213,10163,0.337532,0.779664,0.126443,0.337532,253747000.0,1357.52,raw,10000.0,1500.0,,0.130435,economic_unconstrained,xgboost,xgboost_05_missingness_challenger,missingness_challenger,XGBoost | missingness challenger
0.095252,186920,184116,2804,0.984999,0.015001,46075,138041,2754,50,0.25025,0.998916,0.017832,0.25025,253688500.0,1357.2,raw,10000.0,1500.0,,0.130435,economic_unconstrained,xgboost,xgboost_05_missingness_challenger,missingness_challenger,XGBoost | missingness challenger
0.427395,186920,106357,80563,0.568997,0.431003,35928,70429,70366,10197,0.337806,0.778927,0.126572,0.337806,253636500.0,1356.93,raw,10000.0,1500.0,,0.130435,economic_unconstrained,xgboost,xgboost_05_missingness_challenger,missingness_challenger,XGBoost | missingness challenger
0.427922,186920,106170,80750,0.567997,0.432003,35892,70278,70517,10233,0.338062,0.778146,0.126724,0.338062,253503000.0,1356.21,raw,10000.0,1500.0,,0.130435,economic_unconstrained,xgboost,xgboost_05_missingness_challenger,missingness_challenger,XGBoost | missingness challenger
0.093216,186920,184303,2617,0.985999,0.014001,46083,138220,2575,42,0.250039,0.999089,0.016049,0.250039,253500000.0,1356.2,raw,10000.0,1500.0,,0.130435,economic_unconstrained,xgboost,xgboost_05_missingness_challenger,missingness_challenger,XGBoost | missingness challenger
0.428443,186920,105984,80936,0.567002,0.432998,35851,70133,70662,10274,0.338268,0.777257,0.12694,0.338268,253310500.0,1355.18,raw,10000.0,1500.0,,0.130435,economic_unconstrained,xgboost,xgboost_05_missingness_challenger,missingness_challenger,XGBoost | missingness challenger
0.091139,186920,184490,2430,0.987,0.013,46090,138400,2395,35,0.249824,0.999241,0.014403,0.249824,253300000.0,1355.13,raw,10000.0,1500.0,,0.130435,economic_unconstrained,xgboost,xgboost_05_missingness_challenger,missingness_challenger,XGBoost | missingness challenger
0.428944,186920,105797,81123,0.566001,0.433999,35810,69987,70808,10315,0.338478,0.776369,0.127153,0.338478,253119500.0,1354.16,raw,10000.0,1500.0,,0.130435,economic_unconstrained,xgboost,xgboost_05_missingness_challenger,missingness_challenger,XGBoost | missingness challenger
0.088781,186920,184676,2244,0.987995,0.012005,46095,138581,2214,30,0.249599,0.99935,0.013369,0.249599,253078500.0,1353.94,raw,10000.0,1500.0,,0.130435,economic_unconstrained,xgboost,xgboost_05_missingness_challenger,missingness_challenger,XGBoost | missingness challenger
0.429496,186920,105610,81310,0.565001,0.434999,35763,69847,70948,10362,0.338633,0.77535,0.127438,0.338633,252859500.0,1352.77,raw,10000.0,1500.0,,0.130435,economic_unconstrained,xgboost,xgboost_05_missingness_challenger,missingness_challenger,XGBoost | missingness challenger
0.086459,186920,184863,2057,0.988995,0.011005,46099,138764,2031,26,0.249368,0.999436,0.01264,0.249368,252844000.0,1352.69,raw,10000.0,1500.0,,0.130435,economic_unconstrained,xgboost,xgboost_05_missingness_challenger,missingness_challenger,XGBoost | missingness challenger
0.430045,186920,105423,81497,0.564001,0.435999,35725,69698,71097,10400,0.338873,0.774526,0.127612,0.338873,252703000.0,1351.93,raw,10000.0,1500.0,,0.130435,economic_unconstrained,xgboost,xgboost_05_missingness_challenger,missingness_challenger,XGBoost | missingness challenger
0.084046,186920,185050,1870,0.989996,0.010004,46103,138947,1848,22,0.249138,0.999523,0.011765,0.249138,252609500.0,1351.43,raw,10000.0,1500.0,,0.130435,economic_unconstrained,xgboost,xgboost_05_missingness_challenger,missingness_challenger,XGBoost | missingness challenger
0.430503,186920,105236,81684,0.563,0.437,35678,69558,71237,10447,0.339028,0.773507,0.127895,0.339028,252443000.0,1350.54,raw,10000.0,1500.0,,0.130435,economic_unconstrained,xgboost,xgboost_05_missingness_challenger,missingness_challenger,XGBoost | missingness challenger
0.081599,186920,185237,1683,0.990996,0.009004,46107,139130,1665,18,0.248908,0.99961,0.010695,0.248908,252375000.0,1350.18,raw,10000.0,1500.0,,0.130435,economic_unconstrained,xgboost,xgboost_05_missingness_challenger,missingness_challenger,XGBoost | missingness challenger
0.431045,186920,105049,81871,0.562,0.438,35646,69403,71392,10479,0.339327,0.772813,0.127994,0.339327,252355500.0,1350.07,raw,10000.0,1500.0,,0.130435,economic_unconstrained,xgboost,xgboost_05_missingness_challenger,missingness_challenger,XGBoost | missingness challenger
0.431588,186920,104862,82058,0.560999,0.439001,35609,69253,71542,10516,0.33958,0.772011,0.128153,0.33958,252210500.0,1349.3,raw,10000.0,1500.0,,0.130435,economic_unconstrained,xgboost,xgboost_05_missingness_challenger,missingness_challenger,XGBoost | missingness challenger
0.078823,186920,185424,1496,0.991997,0.008003,46110,139314,1481,15,0.248673,0.999675,0.010027,0.248673,252129000.0,1348.86,raw,10000.0,1500.0,,0.130435,economic_unconstrained,xgboost,xgboost_05_missingness_challenger,missingness_challenger,XGBoost | missingness challenger
0.432099,186920,104675,82245,0.559999,0.440001,35569,69106,71689,10556,0.339804,0.771144,0.128348,0.339804,252031000.0,1348.34,raw,10000.0,1500.0,,0.130435,economic_unconstrained,xgboost,xgboost_05_missingness_challenger,missingness_challenger,XGBoost | missingness challenger
0.432624,186920,104488,82432,0.558999,0.441001,35531,68957,71838,10594,0.340049,0.77032,0.128518,0.340049,251874500.0,1347.5,raw,10000.0,1500.0,,0.130435,economic_unconstrained,xgboost,xgboost_05_missingness_challenger,missingness_challenger,XGBoost | missingness challenger
0.076107,186920,185611,1309,0.992997,0.007003,46112,139499,1296,13,0.248434,0.999718,0.009931,0.248434,251871500.0,1347.48,raw,10000.0,1500.0,,0.130435,economic_unconstrained,xgboost,xgboost_05_missingness_challenger,missingness_challenger,XGBoost | missingness challenger
0.433133,186920,104301,82619,0.557998,0.442002,35495,68806,71989,10630,0.340313,0.769539,0.128663,0.340313,251741000.0,1346.78,raw,10000.0,1500.0,,0.130435,economic_unconstrained,xgboost,xgboost_05_missingness_challenger,missingness_challenger,XGBoost | missingness challenger
0.073422,186920,185798,1122,0.993997,0.006003,46113,139685,1110,12,0.248189,0.99974,0.010695,0.248189,251602500.0,1346.04,raw,10000.0,1500.0,,0.130435,economic_unconstrained,xgboost,xgboost_05_missingness_challenger,missingness_challenger,XGBoost | missingness challenger
0.433678,186920,104114,82806,0.556998,0.443002,35455,68659,72136,10670,0.34054,0.768672,0.128855,0.34054,251561500.0,1345.82,raw,10000.0,1500.0,,0.130435,economic_unconstrained,xgboost,xgboost_05_missingness_challenger,missingness_challenger,XGBoost | missingness challenger
0.434223,186920,103927,82993,0.555997,0.444003,35415,68512,72283,10710,0.340768,0.767805,0.129047,0.340768,251382000.0,1344.86,raw,10000.0,1500.0,,0.130435,economic_unconstrained,xgboost,xgboost_05_missingness_challenger,missingness_challenger,XGBoost | missingness challenger
0.070266,186920,185985,935,0.994998,0.005002,46113,139872,923,12,0.247939,0.99974,0.012834,0.247939,251322000.0,1344.54,raw,10000.0,1500.0,,0.130435,economic_unconstrained,xgboost,xgboost_05_missingness_challenger,missingness_challenger,XGBoost | missingness challenger
0.434722,186920,103741,83179,0.555002,0.444998,35378,68363,72432,10747,0.341022,0.767003,0.129203,0.341022,251235500.0,1344.08,raw,10000.0,1500.0,,0.130435,economic_unconstrained,xgboost,xgboost_05_missingness_challenger,missingness_challenger,XGBoost | missingness challenger
0.066462,186920,186172,748,0.995998,0.004002,46115,140057,738,10,0.247701,0.999783,0.013369,0.247701,251064500.0,1343.17,raw,10000.0,1500.0,,0.130435,economic_unconstrained,xgboost,xgboost_05_missingness_challenger,missingness_challenger,XGBoost | missingness challenger
0.435228,186920,103554,83366,0.554002,0.445998,35334,68220,72575,10791,0.341213,0.766049,0.129441,0.341213,251010000.0,1342.87,raw,10000.0,1500.0,,0.130435,economic_unconstrained,xgboost,xgboost_05_missingness_challenger,missingness_challenger,XGBoost | missingness challenger
0.062843,186920,186359,561,0.996999,0.003001,46118,140241,554,7,0.247469,0.999848,0.012478,0.247469,250818500.0,1341.85,raw,10000.0,1500.0,,0.130435,economic_unconstrained,xgboost,xgboost_05_missingness_challenger,missingness_challenger,XGBoost | missingness challenger
0.43569,186920,103367,83553,0.553001,0.446999,35291,68076,72719,10834,0.341415,0.765117,0.129666,0.341415,250796000.0,1341.73,raw,10000.0,1500.0,,0.130435,economic_unconstrained,xgboost,xgboost_05_missingness_challenger,missingness_challenger,XGBoost | missingness challenger
0.436177,186920,103180,83740,0.552001,0.447999,35260,67920,72875,10865,0.341733,0.764444,0.129747,0.341733,250720000.0,1341.32,raw,10000.0,1500.0,,0.130435,economic_unconstrained,xgboost,xgboost_05_missingness_challenger,missingness_challenger,XGBoost | missingness challenger
0.436711,186920,102993,83927,0.551,0.449,35225,67768,73027,10900,0.342014,0.763686,0.129875,0.342014,250598000.0,1340.67,raw,10000.0,1500.0,,0.130435,economic_unconstrained,xgboost,xgboost_05_missingness_challenger,missingness_challenger,XGBoost | missingness challenger
0.058755,186920,186546,374,0.997999,0.002001,46120,140426,369,5,0.247231,0.999892,0.013369,0.247231,250561000.0,1340.47,raw,10000.0,1500.0,,0.130435,economic_unconstrained,xgboost,xgboost_05_missingness_challenger,missingness_challenger,XGBoost | missingness challenger
0.437216,186920,102806,84114,0.55,0.45,35182,67624,73171,10943,0.342217,0.762753,0.130097,0.342217,250384000.0,1339.52,raw,10000.0,1500.0,,0.130435,economic_unconstrained,xgboost,xgboost_05_missingness_challenger,missingness_challenger,XGBoost | missingness challenger
0.053171,186920,186733,187,0.999,0.001,46121,140612,183,4,0.246989,0.999913,0.02139,0.246989,250292000.0,1339.03,raw,10000.0,1500.0,,0.130435,economic_unconstrained,xgboost,xgboost_05_missingness_challenger,missingness_challenger,XGBoost | missingness challenger
0.437665,186920,102619,84301,0.549,0.451,35138,67481,73314,10987,0.342412,0.761799,0.130331,0.342412,250158500.0,1338.32,raw,10000.0,1500.0,,0.130435,economic_unconstrained,xgboost,xgboost_05_missingness_challenger,missingness_challenger,XGBoost | missingness challenger
0.036145,186920,186920,0,1.0,0.0,46125,140795,0,0,0.246763,1.0,,0.246763,250057500.0,1337.78,raw,10000.0,1500.0,,0.130435,economic_unconstrained,xgboost,xgboost_05_missingness_challenger,missingness_challenger,XGBoost | missingness challenger
0.0,186920,186920,0,1.0,0.0,46125,140795,0,0,0.246763,1.0,,0.246763,250057500.0,1337.78,raw,10000.0,1500.0,,0.130435,economic_unconstrained,xgboost,xgboost_05_missingness_challenger,missingness_challenger,XGBoost | missingness challenger
0.438174,186920,102432,84488,0.547999,0.452001,35096,67336,73459,11029,0.342627,0.760889,0.130539,0.342627,249956000.0,1337.24,raw,10000.0,1500.0,,0.130435,economic_unconstrained,xgboost,xgboost_05_missingness_challenger,missingness_challenger,XGBoost | missingness challenger
0.438644,186920,102245,84675,0.546999,0.453001,35050,67195,73600,11075,0.342804,0.759892,0.130794,0.342804,249707500.0,1335.91,raw,10000.0,1500.0,,0.130435,economic_unconstrained,xgboost,xgboost_05_missingness_challenger,missingness_challenger,XGBoost | missingness challenger
0.439149,186920,102058,84862,0.545998,0.454002,35003,67055,73740,11122,0.342972,0.758873,0.13106,0.342972,249447500.0,1334.51,raw,10000.0,1500.0,,0.130435,economic_unconstrained,xgboost,xgboost_05_missingness_challenger,missingness_challenger,XGBoost | missingness challenger
0.439661,186920,101871,85049,0.544998,0.455002,34969,66902,73893,11156,0.343267,0.758136,0.131171,0.343267,249337000.0,1333.92,raw,10000.0,1500.0,,0.130435,economic_unconstrained,xgboost,xgboost_05_missingness_challenger,missingness_challenger,XGBoost | missingness challenger
0.440207,186920,101685,85235,0.544003,0.455997,34927,66758,74037,11198,0.343482,0.757225,0.131378,0.343482,249133000.0,1332.83,raw,10000.0,1500.0,,0.130435,economic_unconstrained,xgboost,xgboost_05_missingness_challenger,missingness_challenger,XGBoost | missingness challenger
0.440668,186920,101498,85422,0.543002,0.456998,34884,66614,74181,11241,0.343692,0.756293,0.131594,0.343692,248919000.0,1331.69,raw,10000.0,1500.0,,0.130435,economic_unconstrained,xgboost,xgboost_05_missingness_challenger,missingness_challenger,XGBoost | missingness challenger
0.441189,186920,101311,85609,0.542002,0.457998,34848,66463,74332,11277,0.343971,0.755512,0.131727,0.343971,248785500.0,1330.97,raw,10000.0,1500.0,,0.130435,economic_unconstrained,xgboost,xgboost_05_missingness_challenger,missingness_challenger,XGBoost | missingness challenger
0.441696,186920,101124,85796,0.541001,0.458999,34816,66308,74487,11309,0.34429,0.754818,0.131813,0.34429,248698000.0,1330.51,raw,10000.0,1500.0,,0.130435,economic_unconstrained,xgboost,xgboost_05_missingness_challenger,missingness_challenger,XGBoost | missingness challenger
0.442321,186920,100937,85983,0.540001,0.459999,34772,66165,74630,11353,0.344492,0.753864,0.132038,0.344492,248472500.0,1329.3,raw,10000.0,1500.0,,0.130435,economic_unconstrained,xgboost,xgboost_05_missingness_challenger,missingness_challenger,XGBoost | missingness challenger
0.442849,186920,100750,86170,0.539001,0.460999,34734,66016,74779,11391,0.344754,0.753041,0.132192,0.344754,248316000.0,1328.46,raw,10000.0,1500.0,,0.130435,economic_unconstrained,xgboost,xgboost_05_missingness_challenger,missingness_challenger,XGBoost | missingness challenger
0.443397,186920,100563,86357,0.538,0.462,34698,65865,74930,11427,0.345037,0.75226,0.132323,0.345037,248182500.0,1327.75,raw,10000.0,1500.0,,0.130435,economic_unconstrained,xgboost,xgboost_05_missingness_challenger,missingness_challenger,XGBoost | missingness challenger
0.443965,186920,100376,86544,0.537,0.463,34640,65736,75059,11485,0.345102,0.751003,0.132707,0.345102,247796000.0,1325.68,raw,10000.0,1500.0,,0.130435,economic_unconstrained,xgboost,xgboost_05_missingness_challenger,missingness_challenger,XGBoost | missingness challenger
0.444513,186920,100189,86731,0.535999,0.464001,34599,65590,75205,11526,0.345337,0.750114,0.132894,0.345337,247605000.0,1324.66,raw,10000.0,1500.0,,0.130435,economic_unconstrained,xgboost,xgboost_05_missingness_challenger,missingness_challenger,XGBoost | missingness challenger
0.445024,186920,100002,86918,0.534999,0.465001,34559,65443,75352,11566,0.345583,0.749247,0.133068,0.345583,247425500.0,1323.7,raw,10000.0,1500.0,,0.130435,economic_unconstrained,xgboost,xgboost_05_missingness_challenger,missingness_challenger,XGBoost | missingness challenger
0.445521,186920,99815,87105,0.533999,0.466001,34519,65296,75499,11606,0.34583,0.748379,0.133241,0.34583,247246000.0,1322.74,raw,10000.0,1500.0,,0.130435,economic_unconstrained,xgboost,xgboost_05_missingness_challenger,missingness_challenger,XGBoost | missingness challenger
0.446029,186920,99628,87292,0.532998,0.467002,34480,65148,75647,11645,0.346087,0.747534,0.133403,0.346087,247078000.0,1321.84,raw,10000.0,1500.0,,0.130435,economic_unconstrained,xgboost,xgboost_05_missingness_challenger,missingness_challenger,XGBoost | missingness challenger
0.446569,186920,99442,87478,0.532003,0.467997,34444,64998,75797,11681,0.346373,0.746753,0.133531,0.346373,246943000.0,1321.12,raw,10000.0,1500.0,,0.130435,economic_unconstrained,xgboost,xgboost_05_missingness_challenger,missingness_challenger,XGBoost | missingness challenger
0.447093,186920,99254,87666,0.530997,0.469003,34403,64851,75944,11722,0.346616,0.745864,0.133712,0.346616,246753500.0,1320.1,raw,10000.0,1500.0,,0.130435,economic_unconstrained,xgboost,xgboost_05_missingness_challenger,missingness_challenger,XGBoost | missingness challenger
0.447572,186920,99068,87852,0.530002,0.469998,34368,64700,76095,11757,0.346913,0.745106,0.133827,0.346913,246630000.0,1319.44,raw,10000.0,1500.0,,0.130435,economic_unconstrained,xgboost,xgboost_05_missingness_challenger,missingness_challenger,XGBoost | missingness challenger
0.448166,186920,98881,88039,0.529002,0.470998,34325,64556,76239,11800,0.347134,0.744173,0.134032,0.347134,246416000.0,1318.3,raw,10000.0,1500.0,,0.130435,economic_unconstrained,xgboost,xgboost_05_missingness_challenger,missingness_challenger,XGBoost | missingness challenger
0.448726,186920,98694,88226,0.528001,0.471999,34283,64411,76384,11842,0.347367,0.743263,0.134223,0.347367,246213500.0,1317.21,raw,10000.0,1500.0,,0.130435,economic_unconstrained,xgboost,xgboost_05_missingness_challenger,missingness_challenger,XGBoost | missingness challenger
0.449214,186920,98507,88413,0.527001,0.472999,34235,64272,76523,11890,0.347539,0.742222,0.134482,0.347539,245942000.0,1315.76,raw,10000.0,1500.0,,0.130435,economic_unconstrained,xgboost,xgboost_05_missingness_challenger,missingness_challenger,XGBoost | missingness challenger
0.449677,186920,98320,88600,0.526,0.474,34191,64129,76666,11934,0.347752,0.741268,0.134695,0.347752,245716500.0,1314.55,raw,10000.0,1500.0,,0.130435,economic_unconstrained,xgboost,xgboost_05_missingness_challenger,missingness_challenger,XGBoost | missingness challenger
0.450163,186920,98133,88787,0.525,0.475,34147,63986,76809,11978,0.347967,0.740314,0.134907,0.347967,245491000.0,1313.35,raw,10000.0,1500.0,,0.130435,economic_unconstrained,xgboost,xgboost_05_missingness_challenger,missingness_challenger,XGBoost | missingness challenger
0.450664,186920,97946,88974,0.524,0.476,34114,63832,76963,12011,0.348294,0.739599,0.134994,0.348294,245392000.0,1312.82,raw,10000.0,1500.0,,0.130435,economic_unconstrained,xgboost,xgboost_05_missingness_challenger,missingness_challenger,XGBoost | missingness challenger
0.451144,186920,97759,89161,0.522999,0.477001,34073,63686,77109,12052,0.348541,0.73871,0.135171,0.348541,245201000.0,1311.8,raw,10000.0,1500.0,,0.130435,economic_unconstrained,xgboost,xgboost_05_missingness_challenger,missingness_challenger,XGBoost | missingness challenger
0.451689,186920,97572,89348,0.521999,0.478001,34023,63549,77246,12102,0.348696,0.737626,0.135448,0.348696,244906500.0,1310.22,raw,10000.0,1500.0,,0.130435,economic_unconstrained,xgboost,xgboost_05_missingness_challenger,missingness_challenger,XGBoost | missingness challenger
0.452245,186920,97385,89535,0.520998,0.479002,33984,63401,77394,12141,0.348965,0.73678,0.135601,0.348965,244738500.0,1309.32,raw,10000.0,1500.0,,0.130435,economic_unconstrained,xgboost,xgboost_05_missingness_challenger,missingness_challenger,XGBoost | missingness challenger
0.452842,186920,97198,89722,0.519998,0.480002,33945,63253,77542,12180,0.349236,0.735935,0.135753,0.349236,244570500.0,1308.42,raw,10000.0,1500.0,,0.130435,economic_unconstrained,xgboost,xgboost_05_missingness_challenger,missingness_challenger,XGBoost | missingness challenger
0.453469,186920,97011,89909,0.518997,0.481003,33896,63115,77680,12229,0.349404,0.734873,0.136015,0.349404,244287500.0,1306.91,raw,10000.0,1500.0,,0.130435,economic_unconstrained,xgboost,xgboost_05_missingness_challenger,missingness_challenger,XGBoost | missingness challenger
0.453983,186920,96825,90095,0.518002,0.481998,33858,62967,77828,12267,0.349682,0.734049,0.136156,0.349682,244129500.0,1306.06,raw,10000.0,1500.0,,0.130435,economic_unconstrained,xgboost,xgboost_05_missingness_challenger,missingness_challenger,XGBoost | missingness challenger
0.454474,186920,96638,90282,0.517002,0.482998,33817,62821,77974,12308,0.349935,0.73316,0.136328,0.349935,243938500.0,1305.04,raw,10000.0,1500.0,,0.130435,economic_unconstrained,xgboost,xgboost_05_missingness_challenger,missingness_challenger,XGBoost | missingness challenger
0.455039,186920,96451,90469,0.516001,0.483999,33767,62684,78111,12358,0.350095,0.732076,0.136599,0.350095,243644000.0,1303.47,raw,10000.0,1500.0,,0.130435,economic_unconstrained,xgboost,xgboost_05_missingness_challenger,missingness_challenger,XGBoost | missingness challenger
0.455548,186920,96264,90656,0.515001,0.484999,33726,62538,78257,12399,0.350349,0.731187,0.13677,0.350349,243453000.0,1302.44,raw,10000.0,1500.0,,0.130435,economic_unconstrained,xgboost,xgboost_05_missingness_challenger,missingness_challenger,XGBoost | missingness challenger
0.456018,186920,96077,90843,0.514001,0.485999,33683,62394,78401,12442,0.350583,0.730255,0.136962,0.350583,243239000.0,1301.3,raw,10000.0,1500.0,,0.130435,economic_unconstrained,xgboost,xgboost_05_missingness_challenger,missingness_challenger,XGBoost | missingness challenger
0.456533,186920,95890,91030,0.513,0.487,33636,62254,78541,12489,0.350777,0.729236,0.137197,0.350777,242979000.0,1299.91,raw,10000.0,1500.0,,0.130435,economic_unconstrained,xgboost,xgboost_05_missingness_challenger,missingness_challenger,XGBoost | missingness challenger
0.457025,186920,95703,91217,0.512,0.488,33596,62107,78688,12529,0.351044,0.728369,0.137354,0.351044,242799500.0,1298.95,raw,10000.0,1500.0,,0.130435,economic_unconstrained,xgboost,xgboost_05_missingness_challenger,missingness_challenger,XGBoost | missingness challenger
0.457497,186920,95516,91404,0.510999,0.489001,33562,61954,78841,12563,0.351376,0.727631,0.137445,0.351376,242689000.0,1298.36,raw,10000.0,1500.0,,0.130435,economic_unconstrained,xgboost,xgboost_05_missingness_challenger,missingness_challenger,XGBoost | missingness challenger
0.457962,186920,95329,91591,0.509999,0.490001,33521,61808,78987,12604,0.351635,0.726743,0.137612,0.351635,242498000.0,1297.34,raw,10000.0,1500.0,,0.130435,economic_unconstrained,xgboost,xgboost_05_missingness_challenger,missingness_challenger,XGBoost | missingness challenger
0.458478,186920,95142,91778,0.508999,0.491001,33467,61675,79120,12658,0.351758,0.725572,0.13792,0.351758,242157500.0,1295.51,raw,10000.0,1500.0,,0.130435,economic_unconstrained,xgboost,xgboost_05_missingness_challenger,missingness_challenger,XGBoost | missingness challenger
0.458976,186920,94955,91965,0.507998,0.492002,33435,61520,79275,12690,0.352114,0.724878,0.137987,0.352114,242070000.0,1295.05,raw,10000.0,1500.0,,0.130435,economic_unconstrained,xgboost,xgboost_05_missingness_challenger,missingness_challenger,XGBoost | missingness challenger
0.459497,186920,94768,92152,0.506998,0.493002,33389,61379,79416,12736,0.352324,0.723881,0.138206,0.352324,241821500.0,1293.72,raw,10000.0,1500.0,,0.130435,economic_unconstrained,xgboost,xgboost_05_missingness_challenger,missingness_challenger,XGBoost | missingness challenger
0.459971,186920,94582,92338,0.506003,0.493997,33341,61241,79554,12784,0.352509,0.72284,0.138448,0.352509,241548500.0,1292.26,raw,10000.0,1500.0,,0.130435,economic_unconstrained,xgboost,xgboost_05_missingness_challenger,missingness_challenger,XGBoost | missingness challenger
0.460446,186920,94395,92525,0.505002,0.494998,33297,61098,79697,12828,0.352741,0.721886,0.138644,0.352741,241323000.0,1291.05,raw,10000.0,1500.0,,0.130435,economic_unconstrained,xgboost,xgboost_05_missingness_challenger,missingness_challenger,XGBoost | missingness challenger
0.460951,186920,94208,92712,0.504002,0.495998,33250,60958,79837,12875,0.352942,0.720867,0.138871,0.352942,241063000.0,1289.66,raw,10000.0,1500.0,,0.130435,economic_unconstrained,xgboost,xgboost_05_missingness_challenger,missingness_challenger,XGBoost | missingness challenger
0.461438,186920,94021,92899,0.503001,0.496999,33207,60814,79981,12918,0.353187,0.719935,0.139054,0.353187,240849000.0,1288.51,raw,10000.0,1500.0,,0.130435,economic_unconstrained,xgboost,xgboost_05_missingness_challenger,missingness_challenger,XGBoost | missingness challenger
0.461857,186920,93834,93086,0.502001,0.497999,33164,60670,80125,12961,0.353433,0.719003,0.139237,0.353433,240635000.0,1287.37,raw,10000.0,1500.0,,0.130435,economic_unconstrained,xgboost,xgboost_05_missingness_challenger,missingness_challenger,XGBoost | missingness challenger
0.46245,186920,93647,93273,0.501,0.499,33127,60520,80275,12998,0.353743,0.718201,0.139354,0.353743,240490000.0,1286.59,raw,10000.0,1500.0,,0.130435,economic_unconstrained,xgboost,xgboost_05_missingness_challenger,missingness_challenger,XGBoost | missingness challenger
0.462961,186920,93460,93460,0.5,0.5,33076,60384,80411,13049,0.353905,0.717095,0.139621,0.353905,240184000.0,1284.96,raw,10000.0,1500.0,,0.130435,economic_unconstrained,xgboost,xgboost_05_missingness_challenger,missingness_challenger,XGBoost | missingness challenger
0.463481,186920,93273,93647,0.499,0.501,33030,60243,80552,13095,0.354122,0.716098,0.139834,0.354122,239935500.0,1283.63,raw,10000.0,1500.0,,0.130435,economic_unconstrained,xgboost,xgboost_05_missingness_challenger,missingness_challenger,XGBoost | missingness challenger
0.463895,186920,93086,93834,0.497999,0.502001,32989,60097,80698,13136,0.354393,0.715209,0.139992,0.354393,239744500.0,1282.6,raw,10000.0,1500.0,,0.130435,economic_unconstrained,xgboost,xgboost_05_missingness_challenger,missingness_challenger,XGBoost | missingness challenger
0.464346,186920,92899,94021,0.496999,0.503001,32944,59955,80840,13181,0.354622,0.714233,0.140192,0.354622,239507500.0,1281.34,raw,10000.0,1500.0,,0.130435,economic_unconstrained,xgboost,xgboost_05_missingness_challenger,missingness_challenger,XGBoost | missingness challenger
0.464889,186920,92712,94208,0.495998,0.504002,32896,59816,80979,13229,0.354819,0.713192,0.140423,0.354819,239236000.0,1279.88,raw,10000.0,1500.0,,0.130435,economic_unconstrained,xgboost,xgboost_05_missingness_challenger,missingness_challenger,XGBoost | missingness challenger
0.465343,186920,92526,94394,0.495003,0.504997,32855,59671,81124,13270,0.355089,0.712304,0.140581,0.355089,239043500.0,1278.85,raw,10000.0,1500.0,,0.130435,economic_unconstrained,xgboost,xgboost_05_missingness_challenger,missingness_challenger,XGBoost | missingness challenger
0.465889,186920,92339,94581,0.494003,0.505997,32811,59528,81267,13314,0.355332,0.71135,0.140768,0.355332,238818000.0,1277.65,raw,10000.0,1500.0,,0.130435,economic_unconstrained,xgboost,xgboost_05_missingness_challenger,missingness_challenger,XGBoost | missingness challenger
0.466377,186920,92152,94768,0.493002,0.506998,32765,59387,81408,13360,0.355554,0.710352,0.140976,0.355554,238569500.0,1276.32,raw,10000.0,1500.0,,0.130435,economic_unconstrained,xgboost,xgboost_05_missingness_challenger,missingness_challenger,XGBoost | missingness challenger
0.466828,186920,91965,94955,0.492002,0.507998,32718,59247,81548,13407,0.355766,0.709333,0.141193,0.355766,238309500.0,1274.93,raw,10000.0,1500.0,,0.130435,economic_unconstrained,xgboost,xgboost_05_missingness_challenger,missingness_challenger,XGBoost | missingness challenger
0.467265,186920,91778,95142,0.491001,0.508999,32675,59103,81692,13450,0.356022,0.708401,0.141368,0.356022,238095500.0,1273.78,raw,10000.0,1500.0,,0.130435,economic_unconstrained,xgboost,xgboost_05_missingness_challenger,missingness_challenger,XGBoost | missingness challenger
0.467762,186920,91591,95329,0.490001,0.509999,32618,58973,81822,13507,0.356127,0.707165,0.141688,0.356127,237720500.0,1271.78,raw,10000.0,1500.0,,0.130435,economic_unconstrained,xgboost,xgboost_05_missingness_challenger,missingness_challenger,XGBoost | missingness challenger
0.468253,186920,91404,95516,0.489001,0.510999,32581,58823,81972,13544,0.35645,0.706363,0.141798,0.35645,237575500.0,1271.0,raw,10000.0,1500.0,,0.130435,economic_unconstrained,xgboost,xgboost_05_missingness_challenger,missingness_challenger,XGBoost | missingness challenger
0.46871,186920,91217,95703,0.488,0.512,32541,58676,82119,13584,0.356743,0.705496,0.141939,0.356743,237396000.0,1270.04,raw,10000.0,1500.0,,0.130435,economic_unconstrained,xgboost,xgboost_05_missingness_challenger,missingness_challenger,XGBoost | missingness challenger
0.469295,186920,91030,95890,0.487,0.513,32493,58537,82258,13632,0.356948,0.704455,0.142163,0.356948,237124500.0,1268.59,raw,10000.0,1500.0,,0.130435,economic_unconstrained,xgboost,xgboost_05_missingness_challenger,missingness_challenger,XGBoost | missingness challenger
0.469753,186920,90843,96077,0.485999,0.514001,32450,58393,82402,13675,0.35721,0.703523,0.142334,0.35721,236910500.0,1267.44,raw,10000.0,1500.0,,0.130435,economic_unconstrained,xgboost,xgboost_05_missingness_challenger,missingness_challenger,XGBoost | missingness challenger
0.470324,186920,90656,96264,0.484999,0.515001,32406,58250,82545,13719,0.357461,0.702569,0.142514,0.357461,236685000.0,1266.24,raw,10000.0,1500.0,,0.130435,economic_unconstrained,xgboost,xgboost_05_missingness_challenger,missingness_challenger,XGBoost | missingness challenger
0.470793,186920,90469,96451,0.483999,0.516001,32356,58113,82682,13769,0.357647,0.701485,0.142756,0.357647,236390500.0,1264.66,raw,10000.0,1500.0,,0.130435,economic_unconstrained,xgboost,xgboost_05_missingness_challenger,missingness_challenger,XGBoost | missingness challenger
0.471299,186920,90282,96638,0.482998,0.517002,32315,57967,82828,13810,0.357934,0.700596,0.142904,0.357934,236199500.0,1263.64,raw,10000.0,1500.0,,0.130435,economic_unconstrained,xgboost,xgboost_05_missingness_challenger,missingness_challenger,XGBoost | missingness challenger
0.471793,186920,90095,96825,0.481998,0.518002,32267,57828,82967,13858,0.358144,0.699556,0.143124,0.358144,235928000.0,1262.19,raw,10000.0,1500.0,,0.130435,economic_unconstrained,xgboost,xgboost_05_missingness_challenger,missingness_challenger,XGBoost | missingness challenger
0.472351,186920,89909,97011,0.481003,0.518997,32223,57686,83109,13902,0.358396,0.698602,0.143303,0.358396,235701000.0,1260.97,raw,10000.0,1500.0,,0.130435,economic_unconstrained,xgboost,xgboost_05_missingness_challenger,missingness_challenger,XGBoost | missingness challenger
0.472836,186920,89722,97198,0.480002,0.519998,32183,57539,83256,13942,0.358697,0.697734,0.143439,0.358697,235521500.0,1260.01,raw,10000.0,1500.0,,0.130435,economic_unconstrained,xgboost,xgboost_05_missingness_challenger,missingness_challenger,XGBoost | missingness challenger
0.47333,186920,89535,97385,0.479002,0.520998,32137,57398,83397,13988,0.358932,0.696737,0.143636,0.358932,235273000.0,1258.68,raw,10000.0,1500.0,,0.130435,economic_unconstrained,xgboost,xgboost_05_missingness_challenger,missingness_challenger,XGBoost | missingness challenger
0.47384,186920,89348,97572,0.478001,0.521999,32083,57265,83530,14042,0.359079,0.695566,0.143914,0.359079,234932500.0,1256.86,raw,10000.0,1500.0,,0.130435,economic_unconstrained,xgboost,xgboost_05_missingness_challenger,missingness_challenger,XGBoost | missingness challenger
0.474405,186920,89161,97759,0.477001,0.522999,32032,57129,83666,14093,0.35926,0.694461,0.144161,0.35926,234626500.0,1255.22,raw,10000.0,1500.0,,0.130435,economic_unconstrained,xgboost,xgboost_05_missingness_challenger,missingness_challenger,XGBoost | missingness challenger
0.474842,186920,88974,97946,0.476,0.524,31993,56981,83814,14132,0.359577,0.693615,0.144284,0.359577,234458500.0,1254.33,raw,10000.0,1500.0,,0.130435,economic_unconstrained,xgboost,xgboost_05_missingness_challenger,missingness_challenger,XGBoost | missingness challenger
0.475392,186920,88787,98133,0.475,0.525,31947,56840,83955,14178,0.359816,0.692618,0.144477,0.359816,234210000.0,1253.0,raw,10000.0,1500.0,,0.130435,economic_unconstrained,xgboost,xgboost_05_missingness_challenger,missingness_challenger,XGBoost | missingness challenger
0.475883,186920,88600,98320,0.474,0.526,31904,56696,84099,14221,0.36009,0.691686,0.14464,0.36009,233996000.0,1251.85,raw,10000.0,1500.0,,0.130435,economic_unconstrained,xgboost,xgboost_05_missingness_challenger,missingness_challenger,XGBoost | missingness challenger
0.476369,186920,88413,98507,0.472999,0.527001,31875,56538,84257,14250,0.360524,0.691057,0.14466,0.360524,233943000.0,1251.57,raw,10000.0,1500.0,,0.130435,economic_unconstrained,xgboost,xgboost_05_missingness_challenger,missingness_challenger,XGBoost | missingness challenger
0.476882,186920,88226,98694,0.471999,0.528001,31832,56394,84401,14293,0.360801,0.690125,0.144821,0.360801,233729000.0,1250.42,raw,10000.0,1500.0,,0.130435,economic_unconstrained,xgboost,xgboost_05_missingness_challenger,missingness_challenger,XGBoost | missingness challenger
0.477437,186920,88039,98881,0.470998,0.529002,31784,56255,84540,14341,0.361022,0.689084,0.145033,0.361022,233457500.0,1248.97,raw,10000.0,1500.0,,0.130435,economic_unconstrained,xgboost,xgboost_05_missingness_challenger,missingness_challenger,XGBoost | missingness challenger
0.477868,186920,87852,99068,0.469998,0.530002,31753,56099,84696,14372,0.361437,0.688412,0.145072,0.361437,233381500.0,1248.56,raw,10000.0,1500.0,,0.130435,economic_unconstrained,xgboost,xgboost_05_missingness_challenger,missingness_challenger,XGBoost | missingness challenger
0.478378,186920,87666,99254,0.469003,0.530997,31712,55954,84841,14413,0.361737,0.687523,0.145213,0.361737,233189000.0,1247.53,raw,10000.0,1500.0,,0.130435,economic_unconstrained,xgboost,xgboost_05_missingness_challenger,missingness_challenger,XGBoost | missingness challenger
0.478916,186920,87479,99441,0.468002,0.531998,31658,55821,84974,14467,0.361893,0.686352,0.145483,0.361893,232848500.0,1245.71,raw,10000.0,1500.0,,0.130435,economic_unconstrained,xgboost,xgboost_05_missingness_challenger,missingness_challenger,XGBoost | missingness challenger
0.479437,186920,87292,99628,0.467002,0.532998,31615,55677,85118,14510,0.362175,0.68542,0.145642,0.362175,232634500.0,1244.57,raw,10000.0,1500.0,,0.130435,economic_unconstrained,xgboost,xgboost_05_missingness_challenger,missingness_challenger,XGBoost | missingness challenger
0.479895,186920,87105,99815,0.466001,0.533999,31569,55536,85259,14556,0.362425,0.684423,0.14583,0.362425,232386000.0,1243.24,raw,10000.0,1500.0,,0.130435,economic_unconstrained,xgboost,xgboost_05_missingness_challenger,missingness_challenger,XGBoost | missingness challenger
0.480326,186920,86918,100002,0.465001,0.534999,31531,55387,85408,14594,0.362767,0.683599,0.145937,0.362767,232229500.0,1242.4,raw,10000.0,1500.0,,0.130435,economic_unconstrained,xgboost,xgboost_05_missingness_challenger,missingness_challenger,XGBoost | missingness challenger
0.480847,186920,86731,100189,0.464001,0.535999,31488,55243,85552,14637,0.363054,0.682667,0.146094,0.363054,232015500.0,1241.26,raw,10000.0,1500.0,,0.130435,economic_unconstrained,xgboost,xgboost_05_missingness_challenger,missingness_challenger,XGBoost | missingness challenger
0.481288,186920,86544,100376,0.463,0.537,31430,55114,85681,14695,0.363168,0.681409,0.1464,0.363168,231629000.0,1239.19,raw,10000.0,1500.0,,0.130435,economic_unconstrained,xgboost,xgboost_05_missingness_challenger,missingness_challenger,XGBoost | missingness challenger
0.481756,186920,86357,100563,0.462,0.538,31380,54977,85818,14745,0.363375,0.680325,0.146625,0.363375,231334500.0,1237.61,raw,10000.0,1500.0,,0.130435,economic_unconstrained,xgboost,xgboost_05_missingness_challenger,missingness_challenger,XGBoost | missingness challenger
0.482293,186920,86170,100750,0.460999,0.539001,31339,54831,85964,14786,0.363688,0.679436,0.146759,0.363688,231143500.0,1236.59,raw,10000.0,1500.0,,0.130435,economic_unconstrained,xgboost,xgboost_05_missingness_challenger,missingness_challenger,XGBoost | missingness challenger
0.482759,186920,85983,100937,0.459999,0.540001,31290,54693,86102,14835,0.363909,0.678374,0.146973,0.363909,230860500.0,1235.08,raw,10000.0,1500.0,,0.130435,economic_unconstrained,xgboost,xgboost_05_missingness_challenger,missingness_challenger,XGBoost | missingness challenger
0.483266,186920,85796,101124,0.458999,0.541001,31245,54551,86244,14880,0.364178,0.677398,0.147146,0.364178,230623500.0,1233.81,raw,10000.0,1500.0,,0.130435,economic_unconstrained,xgboost,xgboost_05_missingness_challenger,missingness_challenger,XGBoost | missingness challenger
0.483798,186920,85609,101311,0.457998,0.542002,31201,54408,86387,14924,0.364459,0.676444,0.147309,0.364459,230398000.0,1232.6,raw,10000.0,1500.0,,0.130435,economic_unconstrained,xgboost,xgboost_05_missingness_challenger,missingness_challenger,XGBoost | missingness challenger
0.484297,186920,85422,101498,0.456998,0.543002,31162,54260,86535,14963,0.364801,0.675599,0.147422,0.364801,230230000.0,1231.7,raw,10000.0,1500.0,,0.130435,economic_unconstrained,xgboost,xgboost_05_missingness_challenger,missingness_challenger,XGBoost | missingness challenger
0.484827,186920,85236,101684,0.456003,0.543997,31121,54115,86680,15004,0.365116,0.67471,0.147555,0.365116,230037500.0,1230.67,raw,10000.0,1500.0,,0.130435,economic_unconstrained,xgboost,xgboost_05_missingness_challenger,missingness_challenger,XGBoost | missingness challenger
0.485369,186920,85049,101871,0.455002,0.544998,31078,53971,86824,15047,0.365413,0.673778,0.147706,0.365413,229823500.0,1229.53,raw,10000.0,1500.0,,0.130435,economic_unconstrained,xgboost,xgboost_05_missingness_challenger,missingness_challenger,XGBoost | missingness challenger
0.48585,186920,84862,102058,0.454002,0.545998,31028,53834,86961,15097,0.365629,0.672694,0.147926,0.365629,229529000.0,1227.95,raw,10000.0,1500.0,,0.130435,economic_unconstrained,xgboost,xgboost_05_missingness_challenger,missingness_challenger,XGBoost | missingness challenger
0.486377,186920,84675,102245,0.453001,0.546999,30972,53703,87092,15153,0.365775,0.67148,0.148203,0.365775,229165500.0,1226.01,raw,10000.0,1500.0,,0.130435,economic_unconstrained,xgboost,xgboost_05_missingness_challenger,missingness_challenger,XGBoost | missingness challenger
0.486772,186920,84488,102432,0.452001,0.547999,30926,53562,87233,15199,0.36604,0.670482,0.148381,0.36604,228917000.0,1224.68,raw,10000.0,1500.0,,0.130435,economic_unconstrained,xgboost,xgboost_05_missingness_challenger,missingness_challenger,XGBoost | missingness challenger
0.48727,186920,84301,102619,0.451,0.549,30877,53424,87371,15248,0.366271,0.66942,0.148588,0.366271,228634000.0,1223.16,raw,10000.0,1500.0,,0.130435,economic_unconstrained,xgboost,xgboost_05_missingness_challenger,missingness_challenger,XGBoost | missingness challenger
0.487765,186920,84114,102806,0.45,0.55,30825,53289,87506,15300,0.366467,0.668293,0.148824,0.366467,228316500.0,1221.47,raw,10000.0,1500.0,,0.130435,economic_unconstrained,xgboost,xgboost_05_missingness_challenger,missingness_challenger,XGBoost | missingness challenger
0.488385,186920,83927,102993,0.449,0.551,30780,53147,87648,15345,0.366747,0.667317,0.148991,0.366747,228079500.0,1220.2,raw,10000.0,1500.0,,0.130435,economic_unconstrained,xgboost,xgboost_05_missingness_challenger,missingness_challenger,XGBoost | missingness challenger
0.488866,186920,83740,103180,0.447999,0.552001,30735,53005,87790,15390,0.367029,0.666341,0.149157,0.367029,227842500.0,1218.93,raw,10000.0,1500.0,,0.130435,economic_unconstrained,xgboost,xgboost_05_missingness_challenger,missingness_challenger,XGBoost | missingness challenger
0.489342,186920,83553,103367,0.446999,0.553001,30689,52864,87931,15436,0.3673,0.665344,0.149332,0.3673,227594000.0,1217.6,raw,10000.0,1500.0,,0.130435,economic_unconstrained,xgboost,xgboost_05_missingness_challenger,missingness_challenger,XGBoost | missingness challenger
0.489864,186920,83366,103554,0.445998,0.554002,30642,52724,88071,15483,0.36756,0.664325,0.149516,0.36756,227334000.0,1216.21,raw,10000.0,1500.0,,0.130435,economic_unconstrained,xgboost,xgboost_05_missingness_challenger,missingness_challenger,XGBoost | missingness challenger
0.490319,186920,83179,103741,0.444998,0.555002,30596,52583,88212,15529,0.367833,0.663328,0.14969,0.367833,227085500.0,1214.88,raw,10000.0,1500.0,,0.130435,economic_unconstrained,xgboost,xgboost_05_missingness_challenger,missingness_challenger,XGBoost | missingness challenger
0.490874,186920,82993,103927,0.444003,0.555997,30558,52435,88360,15567,0.3682,0.662504,0.149788,0.3682,226927500.0,1214.04,raw,10000.0,1500.0,,0.130435,economic_unconstrained,xgboost,xgboost_05_missingness_challenger,missingness_challenger,XGBoost | missingness challenger
0.491353,186920,82806,104114,0.443002,0.556998,30508,52298,88497,15617,0.368427,0.66142,0.149999,0.368427,226633000.0,1212.46,raw,10000.0,1500.0,,0.130435,economic_unconstrained,xgboost,xgboost_05_missingness_challenger,missingness_challenger,XGBoost | missingness challenger
0.491885,186920,82619,104301,0.442002,0.557998,30458,52161,88634,15667,0.368656,0.660336,0.150209,0.368656,226338500.0,1210.88,raw,10000.0,1500.0,,0.130435,economic_unconstrained,xgboost,xgboost_05_missingness_challenger,missingness_challenger,XGBoost | missingness challenger
0.492404,186920,82432,104488,0.441001,0.558999,30416,52016,88779,15709,0.368983,0.659425,0.150343,0.368983,226136000.0,1209.8,raw,10000.0,1500.0,,0.130435,economic_unconstrained,xgboost,xgboost_05_missingness_challenger,missingness_challenger,XGBoost | missingness challenger
0.49291,186920,82245,104675,0.440001,0.559999,30370,51875,88920,15755,0.369263,0.658428,0.150513,0.369263,225887500.0,1208.47,raw,10000.0,1500.0,,0.130435,economic_unconstrained,xgboost,xgboost_05_missingness_challenger,missingness_challenger,XGBoost | missingness challenger
0.493366,186920,82058,104862,0.439001,0.560999,30319,51739,89056,15806,0.369483,0.657322,0.150731,0.369483,225581500.0,1206.83,raw,10000.0,1500.0,,0.130435,economic_unconstrained,xgboost,xgboost_05_missingness_challenger,missingness_challenger,XGBoost | missingness challenger
0.493853,186920,81871,105049,0.438,0.562,30272,51599,89196,15853,0.369752,0.656304,0.150911,0.369752,225321500.0,1205.44,raw,10000.0,1500.0,,0.130435,economic_unconstrained,xgboost,xgboost_05_missingness_challenger,missingness_challenger,XGBoost | missingness challenger
0.49438,186920,81684,105236,0.437,0.563,30220,51464,89331,15905,0.369962,0.655176,0.151136,0.369962,225004000.0,1203.74,raw,10000.0,1500.0,,0.130435,economic_unconstrained,xgboost,xgboost_05_missingness_challenger,missingness_challenger,XGBoost | missingness challenger
0.494973,186920,81497,105423,0.435999,0.564001,30173,51324,89471,15952,0.370234,0.654157,0.151314,0.370234,224744000.0,1202.35,raw,10000.0,1500.0,,0.130435,economic_unconstrained,xgboost,xgboost_05_missingness_challenger,missingness_challenger,XGBoost | missingness challenger
0.495442,186920,81310,105610,0.434999,0.565001,30125,51185,89610,16000,0.370496,0.653117,0.151501,0.370496,224472500.0,1200.9,raw,10000.0,1500.0,,0.130435,economic_unconstrained,xgboost,xgboost_05_missingness_challenger,missingness_challenger,XGBoost | missingness challenger
0.495915,186920,81123,105797,0.433999,0.566001,30080,51043,89752,16045,0.370795,0.652141,0.151658,0.370795,224235500.0,1199.63,raw,10000.0,1500.0,,0.130435,economic_unconstrained,xgboost,xgboost_05_missingness_challenger,missingness_challenger,XGBoost | missingness challenger
0.496493,186920,80936,105984,0.432998,0.567002,30027,50909,89886,16098,0.370997,0.650992,0.151891,0.370997,223906500.0,1197.87,raw,10000.0,1500.0,,0.130435,economic_unconstrained,xgboost,xgboost_05_missingness_challenger,missingness_challenger,XGBoost | missingness challenger
0.497008,186920,80750,106170,0.432003,0.567997,29986,50764,90031,16139,0.371344,0.650103,0.152011,0.371344,223714000.0,1196.84,raw,10000.0,1500.0,,0.130435,economic_unconstrained,xgboost,xgboost_05_missingness_challenger,missingness_challenger,XGBoost | missingness challenger
0.497551,186920,80563,106357,0.431003,0.568997,29945,50618,90177,16180,0.371697,0.649214,0.152129,0.371697,223523000.0,1195.82,raw,10000.0,1500.0,,0.130435,economic_unconstrained,xgboost,xgboost_05_missingness_challenger,missingness_challenger,XGBoost | missingness challenger
0.498105,186920,80376,106544,0.430002,0.569998,29893,50483,90312,16232,0.371915,0.648087,0.15235,0.371915,223205500.0,1194.12,raw,10000.0,1500.0,,0.130435,economic_unconstrained,xgboost,xgboost_05_missingness_challenger,missingness_challenger,XGBoost | missingness challenger
0.49858,186920,80189,106731,0.429002,0.570998,29848,50341,90454,16277,0.372221,0.647111,0.152505,0.372221,222968500.0,1192.86,raw,10000.0,1500.0,,0.130435,economic_unconstrained,xgboost,xgboost_05_missingness_challenger,missingness_challenger,XGBoost | missingness challenger
0.499029,186920,80002,106918,0.428001,0.571999,29808,50194,90601,16317,0.372591,0.646244,0.152612,0.372591,222789000.0,1191.89,raw,10000.0,1500.0,,0.130435,economic_unconstrained,xgboost,xgboost_05_missingness_challenger,missingness_challenger,XGBoost | missingness challenger
0.499571,186920,79815,107105,0.427001,0.572999,29765,50050,90745,16360,0.372925,0.645312,0.152747,0.372925,222575000.0,1190.75,raw,10000.0,1500.0,,0.130435,economic_unconstrained,xgboost,xgboost_05_missingness_challenger,missingness_challenger,XGBoost | missingness challenger
0.500085,186920,79628,107292,0.426,0.574,29708,49920,90875,16417,0.373085,0.644076,0.153012,0.373085,222200000.0,1188.74,raw,10000.0,1500.0,,0.130435,economic_unconstrained,xgboost,xgboost_05_missingness_challenger,missingness_challenger,XGBoost | missingness challenger
0.5006,186920,79441,107479,0.425,0.575,29659,49782,91013,16466,0.373346,0.643014,0.153202,0.373346,221917000.0,1187.23,raw,10000.0,1500.0,,0.130435,economic_unconstrained,xgboost,xgboost_05_missingness_challenger,missingness_challenger,XGBoost | missingness challenger
0.501146,186920,79254,107666,0.424,0.576,29617,49637,91158,16508,0.373697,0.642103,0.153326,0.373697,221714500.0,1186.15,raw,10000.0,1500.0,,0.130435,economic_unconstrained,xgboost,xgboost_05_missingness_challenger,missingness_challenger,XGBoost | missingness challenger
0.501641,186920,79067,107853,0.422999,0.577001,29566,49501,91294,16559,0.373936,0.640997,0.153533,0.373936,221408500.0,1184.51,raw,10000.0,1500.0,,0.130435,economic_unconstrained,xgboost,xgboost_05_missingness_challenger,missingness_challenger,XGBoost | missingness challenger
0.502147,186920,78880,108040,0.421999,0.578001,29535,49345,91450,16590,0.37443,0.640325,0.153554,0.37443,221332500.0,1184.1,raw,10000.0,1500.0,,0.130435,economic_unconstrained,xgboost,xgboost_05_missingness_challenger,missingness_challenger,XGBoost | missingness challenger
0.502665,186920,78693,108227,0.420998,0.579002,29486,49207,91588,16639,0.374697,0.639263,0.153742,0.374697,221049500.0,1182.59,raw,10000.0,1500.0,,0.130435,economic_unconstrained,xgboost,xgboost_05_missingness_challenger,missingness_challenger,XGBoost | missingness challenger
0.50313,186920,78506,108414,0.419998,0.580002,29439,49067,91728,16686,0.37499,0.638244,0.15391,0.37499,220789500.0,1181.2,raw,10000.0,1500.0,,0.130435,economic_unconstrained,xgboost,xgboost_05_missingness_challenger,missingness_challenger,XGBoost | missingness challenger
0.503616,186920,78320,108600,0.419003,0.580997,29388,48932,91863,16737,0.37523,0.637138,0.154116,0.37523,220482000.0,1179.55,raw,10000.0,1500.0,,0.130435,economic_unconstrained,xgboost,xgboost_05_missingness_challenger,missingness_challenger,XGBoost | missingness challenger
0.504169,186920,78133,108787,0.418002,0.581998,29349,48784,92011,16776,0.375629,0.636293,0.15421,0.375629,220314000.0,1178.65,raw,10000.0,1500.0,,0.130435,economic_unconstrained,xgboost,xgboost_05_missingness_challenger,missingness_challenger,XGBoost | missingness challenger
0.504712,186920,77946,108974,0.417002,0.582998,29307,48639,92156,16818,0.375991,0.635382,0.15433,0.375991,220111500.0,1177.57,raw,10000.0,1500.0,,0.130435,economic_unconstrained,xgboost,xgboost_05_missingness_challenger,missingness_challenger,XGBoost | missingness challenger
0.505181,186920,77759,109161,0.416001,0.583999,29257,48502,92293,16868,0.376252,0.634298,0.154524,0.376252,219817000.0,1176.0,raw,10000.0,1500.0,,0.130435,economic_unconstrained,xgboost,xgboost_05_missingness_challenger,missingness_challenger,XGBoost | missingness challenger
0.505703,186920,77572,109348,0.415001,0.584999,29207,48365,92430,16918,0.376515,0.633214,0.154717,0.376515,219522500.0,1174.42,raw,10000.0,1500.0,,0.130435,economic_unconstrained,xgboost,xgboost_05_missingness_challenger,missingness_challenger,XGBoost | missingness challenger
0.506237,186920,77385,109535,0.414001,0.585999,29153,48232,92563,16972,0.376727,0.632043,0.154946,0.376727,219182000.0,1172.6,raw,10000.0,1500.0,,0.130435,economic_unconstrained,xgboost,xgboost_05_missingness_challenger,missingness_challenger,XGBoost | missingness challenger
0.506821,186920,77198,109722,0.413,0.587,29109,48089,92706,17016,0.377069,0.631089,0.155083,0.377069,218956500.0,1171.39,raw,10000.0,1500.0,,0.130435,economic_unconstrained,xgboost,xgboost_05_missingness_challenger,missingness_challenger,XGBoost | missingness challenger
0.507282,186920,77011,109909,0.412,0.588,29056,47955,92840,17069,0.377297,0.62994,0.155301,0.377297,218627500.0,1169.63,raw,10000.0,1500.0,,0.130435,economic_unconstrained,xgboost,xgboost_05_missingness_challenger,missingness_challenger,XGBoost | missingness challenger
0.507746,186920,76824,110096,0.410999,0.589001,29010,47814,92981,17115,0.377616,0.628943,0.155455,0.377616,218379000.0,1168.3,raw,10000.0,1500.0,,0.130435,economic_unconstrained,xgboost,xgboost_05_missingness_challenger,missingness_challenger,XGBoost | missingness challenger
0.50828,186920,76637,110283,0.409999,0.590001,28955,47682,93113,17170,0.37782,0.627751,0.15569,0.37782,218027000.0,1166.42,raw,10000.0,1500.0,,0.130435,economic_unconstrained,xgboost,xgboost_05_missingness_challenger,missingness_challenger,XGBoost | missingness challenger
0.508904,186920,76450,110470,0.408999,0.591001,28903,47547,93248,17222,0.378064,0.626623,0.155898,0.378064,217709500.0,1164.72,raw,10000.0,1500.0,,0.130435,economic_unconstrained,xgboost,xgboost_05_missingness_challenger,missingness_challenger,XGBoost | missingness challenger
0.509418,186920,76264,110656,0.408003,0.591997,28848,47416,93379,17277,0.378265,0.625431,0.156133,0.378265,217356000.0,1162.83,raw,10000.0,1500.0,,0.130435,economic_unconstrained,xgboost,xgboost_05_missingness_challenger,missingness_challenger,XGBoost | missingness challenger
0.509896,186920,76077,110843,0.407003,0.592997,28794,47283,93512,17331,0.378485,0.62426,0.156356,0.378485,217015500.0,1161.01,raw,10000.0,1500.0,,0.130435,economic_unconstrained,xgboost,xgboost_05_missingness_challenger,missingness_challenger,XGBoost | missingness challenger
0.510396,186920,75890,111030,0.406003,0.593997,28746,47144,93651,17379,0.378785,0.62322,0.156525,0.378785,216744000.0,1159.55,raw,10000.0,1500.0,,0.130435,economic_unconstrained,xgboost,xgboost_05_missingness_challenger,missingness_challenger,XGBoost | missingness challenger
0.510927,186920,75703,111217,0.405002,0.594998,28697,47006,93789,17428,0.379073,0.622157,0.156703,0.379073,216461000.0,1158.04,raw,10000.0,1500.0,,0.130435,economic_unconstrained,xgboost,xgboost_05_missingness_challenger,missingness_challenger,XGBoost | missingness challenger
0.511433,186920,75516,111404,0.404002,0.595998,28635,46881,93914,17490,0.379191,0.620813,0.156996,0.379191,216028500.0,1155.73,raw,10000.0,1500.0,,0.130435,economic_unconstrained,xgboost,xgboost_05_missingness_challenger,missingness_challenger,XGBoost | missingness challenger
0.511997,186920,75330,111590,0.403007,0.596993,28584,46746,94049,17541,0.37945,0.619707,0.157192,0.37945,215721000.0,1154.08,raw,10000.0,1500.0,,0.130435,economic_unconstrained,xgboost,xgboost_05_missingness_challenger,missingness_challenger,XGBoost | missingness challenger
0.512494,186920,75142,111778,0.402001,0.597999,28533,46609,94186,17592,0.379721,0.618602,0.157383,0.379721,215416500.0,1152.45,raw,10000.0,1500.0,,0.130435,economic_unconstrained,xgboost,xgboost_05_missingness_challenger,missingness_challenger,XGBoost | missingness challenger
0.512997,186920,74955,111965,0.401,0.599,28495,46460,94335,17630,0.380161,0.617778,0.15746,0.380161,215260000.0,1151.62,raw,10000.0,1500.0,,0.130435,economic_unconstrained,xgboost,xgboost_05_missingness_challenger,missingness_challenger,XGBoost | missingness challenger
0.513505,186920,74768,112152,0.4,0.6,28450,46318,94477,17675,0.38051,0.616802,0.157599,0.38051,215023000.0,1150.35,raw,10000.0,1500.0,,0.130435,economic_unconstrained,xgboost,xgboost_05_missingness_challenger,missingness_challenger,XGBoost | missingness challenger
0.513979,186920,74581,112339,0.399,0.601,28406,46175,94620,17719,0.380874,0.615848,0.157728,0.380874,214797500.0,1149.14,raw,10000.0,1500.0,,0.130435,economic_unconstrained,xgboost,xgboost_05_missingness_challenger,missingness_challenger,XGBoost | missingness challenger
0.514493,186920,74394,112526,0.397999,0.602001,28348,46046,94749,17777,0.381052,0.614591,0.157981,0.381052,214411000.0,1147.07,raw,10000.0,1500.0,,0.130435,economic_unconstrained,xgboost,xgboost_05_missingness_challenger,missingness_challenger,XGBoost | missingness challenger
0.515046,186920,74207,112713,0.396999,0.603001,28310,45897,94898,17815,0.3815,0.613767,0.158056,0.3815,214254500.0,1146.24,raw,10000.0,1500.0,,0.130435,economic_unconstrained,xgboost,xgboost_05_missingness_challenger,missingness_challenger,XGBoost | missingness challenger
0.515563,186920,74020,112900,0.395998,0.604002,28256,45764,95031,17869,0.381735,0.612596,0.158273,0.381735,213914000.0,1144.41,raw,10000.0,1500.0,,0.130435,economic_unconstrained,xgboost,xgboost_05_missingness_challenger,missingness_challenger,XGBoost | missingness challenger
0.51609,186920,73834,113086,0.395003,0.604997,28211,45623,95172,17914,0.382087,0.611621,0.15841,0.382087,213675500.0,1143.14,raw,10000.0,1500.0,,0.130435,economic_unconstrained,xgboost,xgboost_05_missingness_challenger,missingness_challenger,XGBoost | missingness challenger
0.516624,186920,73648,113272,0.394008,0.605992,28166,45482,95313,17959,0.382441,0.610645,0.158548,0.382441,213437000.0,1141.86,raw,10000.0,1500.0,,0.130435,economic_unconstrained,xgboost,xgboost_05_missingness_challenger,missingness_challenger,XGBoost | missingness challenger
0.51709,186920,73460,113460,0.393002,0.606998,28116,45344,95451,18009,0.382739,0.609561,0.158726,0.382739,213144000.0,1140.3,raw,10000.0,1500.0,,0.130435,economic_unconstrained,xgboost,xgboost_05_missingness_challenger,missingness_challenger,XGBoost | missingness challenger
0.517634,186920,73273,113647,0.392002,0.607998,28057,45216,95579,18068,0.38291,0.608282,0.158984,0.38291,212746000.0,1138.17,raw,10000.0,1500.0,,0.130435,economic_unconstrained,xgboost,xgboost_05_missingness_challenger,missingness_challenger,XGBoost | missingness challenger
0.518137,186920,73086,113834,0.391001,0.608999,28007,45079,95716,18118,0.383206,0.607198,0.159162,0.383206,212451500.0,1136.59,raw,10000.0,1500.0,,0.130435,economic_unconstrained,xgboost,xgboost_05_missingness_challenger,missingness_challenger,XGBoost | missingness challenger
0.518654,186920,72899,114021,0.390001,0.609999,27951,44948,95847,18174,0.383421,0.605984,0.159392,0.383421,212088000.0,1134.65,raw,10000.0,1500.0,,0.130435,economic_unconstrained,xgboost,xgboost_05_missingness_challenger,missingness_challenger,XGBoost | missingness challenger
0.519161,186920,72712,114208,0.389001,0.610999,27900,44812,95983,18225,0.383706,0.604878,0.159577,0.383706,211782000.0,1133.01,raw,10000.0,1500.0,,0.130435,economic_unconstrained,xgboost,xgboost_05_missingness_challenger,missingness_challenger,XGBoost | missingness challenger
0.519672,186920,72525,114395,0.388,0.612,27847,44678,96117,18278,0.383964,0.603729,0.15978,0.383964,211453000.0,1131.25,raw,10000.0,1500.0,,0.130435,economic_unconstrained,xgboost,xgboost_05_missingness_challenger,missingness_challenger,XGBoost | missingness challenger
0.520227,186920,72338,114582,0.387,0.613,27796,44542,96253,18329,0.384252,0.602623,0.159964,0.384252,211147000.0,1129.61,raw,10000.0,1500.0,,0.130435,economic_unconstrained,xgboost,xgboost_05_missingness_challenger,missingness_challenger,XGBoost | missingness challenger
0.520772,186920,72151,114769,0.385999,0.614001,27745,44406,96389,18380,0.384541,0.601518,0.160148,0.384541,210841000.0,1127.97,raw,10000.0,1500.0,,0.130435,economic_unconstrained,xgboost,xgboost_05_missingness_challenger,missingness_challenger,XGBoost | missingness challenger
0.521258,186920,71964,114956,0.384999,0.615001,27703,44261,96534,18422,0.384956,0.600607,0.160253,0.384956,210638500.0,1126.89,raw,10000.0,1500.0,,0.130435,economic_unconstrained,xgboost,xgboost_05_missingness_challenger,missingness_challenger,XGBoost | missingness challenger
0.521785,186920,71777,115143,0.383999,0.616001,27656,44121,96674,18469,0.385304,0.599588,0.160401,0.385304,210378500.0,1125.5,raw,10000.0,1500.0,,0.130435,economic_unconstrained,xgboost,xgboost_05_missingness_challenger,missingness_challenger,XGBoost | missingness challenger
0.522302,186920,71590,115330,0.382998,0.617002,27597,43993,96802,18528,0.385487,0.598309,0.160652,0.385487,209980500.0,1123.37,raw,10000.0,1500.0,,0.130435,economic_unconstrained,xgboost,xgboost_05_missingness_challenger,missingness_challenger,XGBoost | missingness challenger
0.522807,186920,71404,115516,0.382003,0.617997,27545,43859,96936,18580,0.385763,0.597182,0.160844,0.385763,209661500.0,1121.66,raw,10000.0,1500.0,,0.130435,economic_unconstrained,xgboost,xgboost_05_missingness_challenger,missingness_challenger,XGBoost | missingness challenger
0.523317,186920,71217,115703,0.381003,0.618997,27490,43727,97068,18635,0.386003,0.595989,0.161059,0.386003,209309500.0,1119.78,raw,10000.0,1500.0,,0.130435,economic_unconstrained,xgboost,xgboost_05_missingness_challenger,missingness_challenger,XGBoost | missingness challenger
0.523803,186920,71030,115890,0.380002,0.619998,27441,43589,97206,18684,0.38633,0.594927,0.161222,0.38633,209026500.0,1118.27,raw,10000.0,1500.0,,0.130435,economic_unconstrained,xgboost,xgboost_05_missingness_challenger,missingness_challenger,XGBoost | missingness challenger
0.524315,186920,70843,116077,0.379002,0.620998,27391,43452,97343,18734,0.386644,0.593843,0.161393,0.386644,208732000.0,1116.69,raw,10000.0,1500.0,,0.130435,economic_unconstrained,xgboost,xgboost_05_missingness_challenger,missingness_challenger,XGBoost | missingness challenger
0.524807,186920,70656,116264,0.378001,0.621999,27338,43318,97477,18787,0.386917,0.592694,0.161589,0.386917,208403000.0,1114.93,raw,10000.0,1500.0,,0.130435,economic_unconstrained,xgboost,xgboost_05_missingness_challenger,missingness_challenger,XGBoost | missingness challenger
0.525325,186920,70469,116451,0.377001,0.622999,27283,43186,97609,18842,0.387163,0.591501,0.161802,0.387163,208051000.0,1113.05,raw,10000.0,1500.0,,0.130435,economic_unconstrained,xgboost,xgboost_05_missingness_challenger,missingness_challenger,XGBoost | missingness challenger
0.525887,186920,70282,116638,0.376,0.624,27236,43046,97749,18889,0.387525,0.590482,0.161946,0.387525,207791000.0,1111.66,raw,10000.0,1500.0,,0.130435,economic_unconstrained,xgboost,xgboost_05_missingness_challenger,missingness_challenger,XGBoost | missingness challenger
0.526384,186920,70095,116825,0.375,0.625,27179,42916,97879,18946,0.387745,0.589247,0.162174,0.387745,207416000.0,1109.65,raw,10000.0,1500.0,,0.130435,economic_unconstrained,xgboost,xgboost_05_missingness_challenger,missingness_challenger,XGBoost | missingness challenger
0.5269,186920,69908,117012,0.374,0.626,27132,42776,98019,18993,0.38811,0.588228,0.162317,0.38811,207156000.0,1108.26,raw,10000.0,1500.0,,0.130435,economic_unconstrained,xgboost,xgboost_05_missingness_challenger,missingness_challenger,XGBoost | missingness challenger
0.527442,186920,69721,117199,0.372999,0.627001,27068,42653,98142,19057,0.388233,0.58684,0.162604,0.388233,206700500.0,1105.82,raw,10000.0,1500.0,,0.130435,economic_unconstrained,xgboost,xgboost_05_missingness_challenger,missingness_challenger,XGBoost | missingness challenger
0.527888,186920,69534,117386,0.371999,0.628001,27015,42519,98276,19110,0.388515,0.585691,0.162796,0.388515,206371500.0,1104.06,raw,10000.0,1500.0,,0.130435,economic_unconstrained,xgboost,xgboost_05_missingness_challenger,missingness_challenger,XGBoost | missingness challenger
0.528493,186920,69347,117573,0.370998,0.629002,26963,42384,98411,19162,0.388813,0.584564,0.16298,0.388813,206054000.0,1102.36,raw,10000.0,1500.0,,0.130435,economic_unconstrained,xgboost,xgboost_05_missingness_challenger,missingness_challenger,XGBoost | missingness challenger
0.529022,186920,69161,117759,0.370003,0.629997,26918,42243,98552,19207,0.389208,0.583588,0.163104,0.389208,205815500.0,1101.09,raw,10000.0,1500.0,,0.130435,economic_unconstrained,xgboost,xgboost_05_missingness_challenger,missingness_challenger,XGBoost | missingness challenger
0.529556,186920,68975,117945,0.369008,0.630992,26866,42109,98686,19259,0.389503,0.582461,0.163288,0.389503,205496500.0,1099.38,raw,10000.0,1500.0,,0.130435,economic_unconstrained,xgboost,xgboost_05_missingness_challenger,missingness_challenger,XGBoost | missingness challenger
0.530079,186920,68787,118133,0.368002,0.631998,26814,41973,98822,19311,0.389812,0.581333,0.163468,0.389812,205180500.0,1097.69,raw,10000.0,1500.0,,0.130435,economic_unconstrained,xgboost,xgboost_05_missingness_challenger,missingness_challenger,XGBoost | missingness challenger
0.530638,186920,68600,118320,0.367002,0.632998,26775,41825,98970,19350,0.390306,0.580488,0.16354,0.390306,205012500.0,1096.79,raw,10000.0,1500.0,,0.130435,economic_unconstrained,xgboost,xgboost_05_missingness_challenger,missingness_challenger,XGBoost | missingness challenger
0.531101,186920,68413,118507,0.366001,0.633999,26712,41701,99094,19413,0.390452,0.579122,0.163813,0.390452,204568500.0,1094.42,raw,10000.0,1500.0,,0.130435,economic_unconstrained,xgboost,xgboost_05_missingness_challenger,missingness_challenger,XGBoost | missingness challenger
0.531585,186920,68226,118694,0.365001,0.634999,26653,41573,99222,19472,0.390658,0.577843,0.164052,0.390658,204170500.0,1092.29,raw,10000.0,1500.0,,0.130435,economic_unconstrained,xgboost,xgboost_05_missingness_challenger,missingness_challenger,XGBoost | missingness challenger
0.532122,186920,68039,118881,0.364001,0.635999,26592,41447,99348,19533,0.390835,0.57652,0.164307,0.390835,203749500.0,1090.04,raw,10000.0,1500.0,,0.130435,economic_unconstrained,xgboost,xgboost_05_missingness_challenger,missingness_challenger,XGBoost | missingness challenger
0.532711,186920,67852,119068,0.363,0.637,26540,41312,99483,19585,0.391145,0.575393,0.164486,0.391145,203432000.0,1088.34,raw,10000.0,1500.0,,0.130435,economic_unconstrained,xgboost,xgboost_05_missingness_challenger,missingness_challenger,XGBoost | missingness challenger
0.533227,186920,67665,119255,0.362,0.638,26486,41179,99616,19639,0.391428,0.574222,0.164681,0.391428,203091500.0,1086.52,raw,10000.0,1500.0,,0.130435,economic_unconstrained,xgboost,xgboost_05_missingness_challenger,missingness_challenger,XGBoost | missingness challenger
0.533796,186920,67478,119442,0.360999,0.639001,26435,41043,99752,19690,0.391757,0.573117,0.16485,0.391757,202785500.0,1084.88,raw,10000.0,1500.0,,0.130435,economic_unconstrained,xgboost,xgboost_05_missingness_challenger,missingness_challenger,XGBoost | missingness challenger
0.534326,186920,67291,119629,0.359999,0.640001,26384,40907,99888,19741,0.392088,0.572011,0.165019,0.392088,202479500.0,1083.24,raw,10000.0,1500.0,,0.130435,economic_unconstrained,xgboost,xgboost_05_missingness_challenger,missingness_challenger,XGBoost | missingness challenger
0.534893,186920,67104,119816,0.358999,0.641001,26337,40767,100028,19788,0.39248,0.570992,0.165153,0.39248,202219500.0,1081.85,raw,10000.0,1500.0,,0.130435,economic_unconstrained,xgboost,xgboost_05_missingness_challenger,missingness_challenger,XGBoost | missingness challenger
0.535511,186920,66918,120002,0.358003,0.641997,26288,40630,100165,19837,0.392839,0.56993,0.165306,0.392839,201935000.0,1080.33,raw,10000.0,1500.0,,0.130435,economic_unconstrained,xgboost,xgboost_05_missingness_challenger,missingness_challenger,XGBoost | missingness challenger
0.53603,186920,66731,120189,0.357003,0.642997,26241,40490,100305,19884,0.393236,0.568911,0.165439,0.393236,201675000.0,1078.94,raw,10000.0,1500.0,,0.130435,economic_unconstrained,xgboost,xgboost_05_missingness_challenger,missingness_challenger,XGBoost | missingness challenger
0.536514,186920,66544,120376,0.356003,0.643997,26196,40348,100447,19929,0.393664,0.567935,0.165556,0.393664,201438000.0,1077.67,raw,10000.0,1500.0,,0.130435,economic_unconstrained,xgboost,xgboost_05_missingness_challenger,missingness_challenger,XGBoost | missingness challenger
0.537101,186920,66357,120563,0.355002,0.644998,26150,40207,100588,19975,0.394081,0.566938,0.165681,0.394081,201189500.0,1076.34,raw,10000.0,1500.0,,0.130435,economic_unconstrained,xgboost,xgboost_05_missingness_challenger,missingness_challenger,XGBoost | missingness challenger
0.537607,186920,66170,120750,0.354002,0.645998,26103,40067,100728,20022,0.394484,0.565919,0.165814,0.394484,200929500.0,1074.95,raw,10000.0,1500.0,,0.130435,economic_unconstrained,xgboost,xgboost_05_missingness_challenger,missingness_challenger,XGBoost | missingness challenger
0.538118,186920,65983,120937,0.353001,0.646999,26040,39943,100852,20085,0.394647,0.564553,0.166078,0.394647,200485500.0,1072.57,raw,10000.0,1500.0,,0.130435,economic_unconstrained,xgboost,xgboost_05_missingness_challenger,missingness_challenger,XGBoost | missingness challenger
0.538638,186920,65796,121124,0.352001,0.647999,25992,39804,100991,20133,0.395039,0.563512,0.166218,0.395039,200214000.0,1071.12,raw,10000.0,1500.0,,0.130435,economic_unconstrained,xgboost,xgboost_05_missingness_challenger,missingness_challenger,XGBoost | missingness challenger
0.539215,186920,65609,121311,0.351,0.649,25937,39672,101123,20188,0.395327,0.56232,0.166415,0.395327,199862000.0,1069.24,raw,10000.0,1500.0,,0.130435,economic_unconstrained,xgboost,xgboost_05_missingness_challenger,missingness_challenger,XGBoost | missingness challenger
0.539762,186920,65422,121498,0.35,0.65,25882,39540,101255,20243,0.395616,0.561127,0.166612,0.395616,199510000.0,1067.36,raw,10000.0,1500.0,,0.130435,economic_unconstrained,xgboost,xgboost_05_missingness_challenger,missingness_challenger,XGBoost | missingness challenger
0.540186,186920,65235,121685,0.349,0.651,25832,39403,101392,20293,0.395984,0.560043,0.166767,0.395984,199215500.0,1065.78,raw,10000.0,1500.0,,0.130435,economic_unconstrained,xgboost,xgboost_05_missingness_challenger,missingness_challenger,XGBoost | missingness challenger
0.540765,186920,65048,121872,0.347999,0.652001,25769,39279,101516,20356,0.396154,0.558678,0.167028,0.396154,198771500.0,1063.4,raw,10000.0,1500.0,,0.130435,economic_unconstrained,xgboost,xgboost_05_missingness_challenger,missingness_challenger,XGBoost | missingness challenger
0.541299,186920,64861,122059,0.346999,0.653001,25720,39141,101654,20405,0.39654,0.557615,0.167173,0.39654,198488500.0,1061.89,raw,10000.0,1500.0,,0.130435,economic_unconstrained,xgboost,xgboost_05_missingness_challenger,missingness_challenger,XGBoost | missingness challenger
0.541876,186920,64674,122246,0.345998,0.654002,25669,39005,101790,20456,0.396898,0.556509,0.167335,0.396898,198182500.0,1060.25,raw,10000.0,1500.0,,0.130435,economic_unconstrained,xgboost,xgboost_05_missingness_challenger,missingness_challenger,XGBoost | missingness challenger
0.542406,186920,64488,122432,0.345003,0.654997,25612,38876,101919,20513,0.397159,0.555274,0.167546,0.397159,197806000.0,1058.24,raw,10000.0,1500.0,,0.130435,economic_unconstrained,xgboost,xgboost_05_missingness_challenger,missingness_challenger,XGBoost | missingness challenger
0.542981,186920,64301,122619,0.344003,0.655997,25557,38744,102051,20568,0.397459,0.554081,0.167739,0.397459,197454000.0,1056.36,raw,10000.0,1500.0,,0.130435,economic_unconstrained,xgboost,xgboost_05_missingness_challenger,missingness_challenger,XGBoost | missingness challenger
0.543528,186920,64114,122806,0.343002,0.656998,25503,38611,102184,20622,0.397776,0.552911,0.167923,0.397776,197113500.0,1054.53,raw,10000.0,1500.0,,0.130435,economic_unconstrained,xgboost,xgboost_05_missingness_challenger,missingness_challenger,XGBoost | missingness challenger
0.544116,186920,63927,122993,0.342002,0.657998,25446,38481,102314,20679,0.398048,0.551675,0.168132,0.398048,196738500.0,1052.53,raw,10000.0,1500.0,,0.130435,economic_unconstrained,xgboost,xgboost_05_missingness_challenger,missingness_challenger,XGBoost | missingness challenger
0.544629,186920,63740,123180,0.341001,0.658999,25389,38351,102444,20736,0.398321,0.550439,0.168339,0.398321,196363500.0,1050.52,raw,10000.0,1500.0,,0.130435,economic_unconstrained,xgboost,xgboost_05_missingness_challenger,missingness_challenger,XGBoost | missingness challenger
0.545192,186920,63553,123367,0.340001,0.659999,25333,38220,102575,20792,0.398612,0.549225,0.168538,0.398612,196000000.0,1048.58,raw,10000.0,1500.0,,0.130435,economic_unconstrained,xgboost,xgboost_05_missingness_challenger,missingness_challenger,XGBoost | missingness challenger
0.545734,186920,63366,123554,0.339001,0.660999,25275,38091,102704,20850,0.398873,0.547967,0.168752,0.398873,195613500.0,1046.51,raw,10000.0,1500.0,,0.130435,economic_unconstrained,xgboost,xgboost_05_missingness_challenger,missingness_challenger,XGBoost | missingness challenger
0.546237,186920,63179,123741,0.338,0.662,25219,37960,102835,20906,0.399167,0.546753,0.16895,0.399167,195250000.0,1044.56,raw,10000.0,1500.0,,0.130435,economic_unconstrained,xgboost,xgboost_05_missingness_challenger,missingness_challenger,XGBoost | missingness challenger
0.546781,186920,62992,123928,0.337,0.663,25155,37837,102958,20970,0.399336,0.545366,0.169211,0.399336,194794500.0,1042.13,raw,10000.0,1500.0,,0.130435,economic_unconstrained,xgboost,xgboost_05_missingness_challenger,missingness_challenger,XGBoost | missingness challenger
0.547294,186920,62805,124115,0.335999,0.664001,25097,37708,103087,21028,0.399602,0.544108,0.169424,0.399602,194408000.0,1040.06,raw,10000.0,1500.0,,0.130435,economic_unconstrained,xgboost,xgboost_05_missingness_challenger,missingness_challenger,XGBoost | missingness challenger
0.547897,186920,62618,124302,0.334999,0.665001,25040,37578,103217,21085,0.399885,0.542873,0.169627,0.399885,194033000.0,1038.05,raw,10000.0,1500.0,,0.130435,economic_unconstrained,xgboost,xgboost_05_missingness_challenger,missingness_challenger,XGBoost | missingness challenger
0.548455,186920,62431,124489,0.333999,0.666001,24978,37453,103342,21147,0.40009,0.541528,0.16987,0.40009,193600500.0,1035.74,raw,10000.0,1500.0,,0.130435,economic_unconstrained,xgboost,xgboost_05_missingness_challenger,missingness_challenger,XGBoost | missingness challenger
0.548998,186920,62245,124675,0.333003,0.666997,24934,37311,103484,21191,0.400578,0.540575,0.16997,0.400578,193373500.0,1034.53,raw,10000.0,1500.0,,0.130435,economic_unconstrained,xgboost,xgboost_05_missingness_challenger,missingness_challenger,XGBoost | missingness challenger
0.54951,186920,62058,124862,0.332003,0.667997,24881,37177,103618,21244,0.400931,0.539425,0.17014,0.400931,193044500.0,1032.77,raw,10000.0,1500.0,,0.130435,economic_unconstrained,xgboost,xgboost_05_missingness_challenger,missingness_challenger,XGBoost | missingness challenger
0.550053,186920,61871,125049,0.331003,0.668997,24826,37045,103750,21299,0.401254,0.538233,0.170325,0.401254,192692500.0,1030.88,raw,10000.0,1500.0,,0.130435,economic_unconstrained,xgboost,xgboost_05_missingness_challenger,missingness_challenger,XGBoost | missingness challenger
0.550628,186920,61684,125236,0.330002,0.669998,24770,36914,103881,21355,0.401563,0.537019,0.170518,0.401563,192329000.0,1028.94,raw,10000.0,1500.0,,0.130435,economic_unconstrained,xgboost,xgboost_05_missingness_challenger,missingness_challenger,XGBoost | missingness challenger
0.551164,186920,61497,125423,0.329002,0.670998,24717,36780,104015,21408,0.401922,0.53587,0.170686,0.401922,192000000.0,1027.18,raw,10000.0,1500.0,,0.130435,economic_unconstrained,xgboost,xgboost_05_missingness_challenger,missingness_challenger,XGBoost | missingness challenger
0.551712,186920,61310,125610,0.328001,0.671999,24662,36648,104147,21463,0.402251,0.534678,0.17087,0.402251,191648000.0,1025.29,raw,10000.0,1500.0,,0.130435,economic_unconstrained,xgboost,xgboost_05_missingness_challenger,missingness_challenger,XGBoost | missingness challenger
0.552289,186920,61123,125797,0.327001,0.672999,24619,36504,104291,21506,0.402778,0.533745,0.170958,0.402778,191434000.0,1024.15,raw,10000.0,1500.0,,0.130435,economic_unconstrained,xgboost,xgboost_05_missingness_challenger,missingness_challenger,XGBoost | missingness challenger
0.552899,186920,60936,125984,0.326,0.674,24558,36378,104417,21567,0.403013,0.532423,0.171188,0.403013,191013000.0,1021.9,raw,10000.0,1500.0,,0.130435,economic_unconstrained,xgboost,xgboost_05_missingness_challenger,missingness_challenger,XGBoost | missingness challenger
0.553449,186920,60749,126171,0.325,0.675,24514,36235,104560,21611,0.403529,0.531469,0.171283,0.403529,190787500.0,1020.69,raw,10000.0,1500.0,,0.130435,economic_unconstrained,xgboost,xgboost_05_missingness_challenger,missingness_challenger,XGBoost | missingness challenger
0.554063,186920,60562,126358,0.324,0.676,24462,36100,104695,21663,0.403917,0.530341,0.171441,0.403917,190470000.0,1018.99,raw,10000.0,1500.0,,0.130435,economic_unconstrained,xgboost,xgboost_05_missingness_challenger,missingness_challenger,XGBoost | missingness challenger
0.554627,186920,60375,126545,0.322999,0.677001,24411,35964,104831,21714,0.404323,0.529236,0.171591,0.404323,190164000.0,1017.36,raw,10000.0,1500.0,,0.130435,economic_unconstrained,xgboost,xgboost_05_missingness_challenger,missingness_challenger,XGBoost | missingness challenger
0.555191,186920,60188,126732,0.321999,0.678001,24349,35839,104956,21776,0.404549,0.527892,0.171827,0.404549,189731500.0,1015.04,raw,10000.0,1500.0,,0.130435,economic_unconstrained,xgboost,xgboost_05_missingness_challenger,missingness_challenger,XGBoost | missingness challenger
0.555813,186920,60002,126918,0.321004,0.678996,24287,35715,105080,21838,0.40477,0.526547,0.172064,0.40477,189297500.0,1012.72,raw,10000.0,1500.0,,0.130435,economic_unconstrained,xgboost,xgboost_05_missingness_challenger,missingness_challenger,XGBoost | missingness challenger
0.556325,186920,59815,127105,0.320003,0.679997,24233,35582,105213,21892,0.405132,0.525377,0.172236,0.405132,188957000.0,1010.9,raw,10000.0,1500.0,,0.130435,economic_unconstrained,xgboost,xgboost_05_missingness_challenger,missingness_challenger,XGBoost | missingness challenger
0.556914,186920,59629,127291,0.319008,0.680992,24172,35457,105338,21953,0.405373,0.524054,0.172463,0.405373,188534500.0,1008.64,raw,10000.0,1500.0,,0.130435,economic_unconstrained,xgboost,xgboost_05_missingness_challenger,missingness_challenger,XGBoost | missingness challenger
0.557457,186920,59441,127479,0.318002,0.681998,24123,35318,105477,22002,0.405831,0.522992,0.172593,0.405831,188253000.0,1007.13,raw,10000.0,1500.0,,0.130435,economic_unconstrained,xgboost,xgboost_05_missingness_challenger,missingness_challenger,XGBoost | missingness challenger
0.558011,186920,59254,127666,0.317002,0.682998,24075,35179,105616,22050,0.406302,0.521951,0.172716,0.406302,187981500.0,1005.68,raw,10000.0,1500.0,,0.130435,economic_unconstrained,xgboost,xgboost_05_missingness_challenger,missingness_challenger,XGBoost | missingness challenger
0.558625,186920,59067,127853,0.316001,0.683999,24020,35047,105748,22105,0.406657,0.520759,0.172894,0.406657,187629500.0,1003.8,raw,10000.0,1500.0,,0.130435,economic_unconstrained,xgboost,xgboost_05_missingness_challenger,missingness_challenger,XGBoost | missingness challenger
0.559128,186920,58880,128040,0.315001,0.684999,23967,34913,105882,22158,0.407048,0.51961,0.173055,0.407048,187300500.0,1002.04,raw,10000.0,1500.0,,0.130435,economic_unconstrained,xgboost,xgboost_05_missingness_challenger,missingness_challenger,XGBoost | missingness challenger
0.559726,186920,58693,128227,0.314001,0.685999,23911,34782,106013,22214,0.407391,0.518396,0.17324,0.407391,186937000.0,1000.09,raw,10000.0,1500.0,,0.130435,economic_unconstrained,xgboost,xgboost_05_missingness_challenger,missingness_challenger,XGBoost | missingness challenger
0.56027,186920,58506,128414,0.313,0.687,23850,34656,106139,22275,0.40765,0.517073,0.173462,0.40765,186516000.0,997.84,raw,10000.0,1500.0,,0.130435,economic_unconstrained,xgboost,xgboost_05_missingness_challenger,missingness_challenger,XGBoost | missingness challenger
0.560814,186920,58319,128601,0.312,0.688,23796,34523,106272,22329,0.408032,0.515902,0.17363,0.408032,186175500.0,996.02,raw,10000.0,1500.0,,0.130435,economic_unconstrained,xgboost,xgboost_05_missingness_challenger,missingness_challenger,XGBoost | missingness challenger
0.561364,186920,58132,128788,0.310999,0.689001,23741,34391,106404,22384,0.408398,0.51471,0.173805,0.408398,185823500.0,994.13,raw,10000.0,1500.0,,0.130435,economic_unconstrained,xgboost,xgboost_05_missingness_challenger,missingness_challenger,XGBoost | missingness challenger
0.56192,186920,57946,128974,0.310004,0.689996,23686,34260,106535,22439,0.40876,0.513518,0.173981,0.40876,185470000.0,992.24,raw,10000.0,1500.0,,0.130435,economic_unconstrained,xgboost,xgboost_05_missingness_challenger,missingness_challenger,XGBoost | missingness challenger
0.562516,186920,57758,129162,0.308999,0.691001,23638,34120,106675,22487,0.409259,0.512477,0.174099,0.409259,185200000.0,990.8,raw,10000.0,1500.0,,0.130435,economic_unconstrained,xgboost,xgboost_05_missingness_challenger,missingness_challenger,XGBoost | missingness challenger
0.56303,186920,57572,129348,0.308003,0.691997,23586,33986,106809,22539,0.409678,0.51135,0.174251,0.409678,184881000.0,989.09,raw,10000.0,1500.0,,0.130435,economic_unconstrained,xgboost,xgboost_05_missingness_challenger,missingness_challenger,XGBoost | missingness challenger
0.563548,186920,57385,129535,0.307003,0.692997,23532,33853,106942,22593,0.410072,0.510179,0.174416,0.410072,184540500.0,987.27,raw,10000.0,1500.0,,0.130435,economic_unconstrained,xgboost,xgboost_05_missingness_challenger,missingness_challenger,XGBoost | missingness challenger
0.564153,186920,57198,129722,0.306003,0.693997,23469,33729,107066,22656,0.410312,0.508813,0.17465,0.410312,184096500.0,984.89,raw,10000.0,1500.0,,0.130435,economic_unconstrained,xgboost,xgboost_05_missingness_challenger,missingness_challenger,XGBoost | missingness challenger
0.564686,186920,57011,129909,0.305002,0.694998,23409,33602,107193,22716,0.410605,0.507512,0.174861,0.410605,183687000.0,982.7,raw,10000.0,1500.0,,0.130435,economic_unconstrained,xgboost,xgboost_05_missingness_challenger,missingness_challenger,XGBoost | missingness challenger
0.565254,186920,56824,130096,0.304002,0.695998,23355,33469,107326,22770,0.411006,0.506341,0.175025,0.411006,183346500.0,980.88,raw,10000.0,1500.0,,0.130435,economic_unconstrained,xgboost,xgboost_05_missingness_challenger,missingness_challenger,XGBoost | missingness challenger
0.565798,186920,56637,130283,0.303001,0.696999,23299,33338,107457,22826,0.411374,0.505127,0.175203,0.411374,182983000.0,978.94,raw,10000.0,1500.0,,0.130435,economic_unconstrained,xgboost,xgboost_05_missingness_challenger,missingness_challenger,XGBoost | missingness challenger
0.56629,186920,56450,130470,0.302001,0.697999,23243,33207,107588,22882,0.411745,0.503913,0.175381,0.411745,182619500.0,976.99,raw,10000.0,1500.0,,0.130435,economic_unconstrained,xgboost,xgboost_05_missingness_challenger,missingness_challenger,XGBoost | missingness challenger
0.566832,186920,56263,130657,0.301,0.699,23185,33078,107717,22940,0.412083,0.502656,0.175574,0.412083,182233000.0,974.93,raw,10000.0,1500.0,,0.130435,economic_unconstrained,xgboost,xgboost_05_missingness_challenger,missingness_challenger,XGBoost | missingness challenger
0.56747,186920,56076,130844,0.3,0.7,23121,32955,107840,23004,0.412315,0.501268,0.175812,0.412315,181777500.0,972.49,raw,10000.0,1500.0,,0.130435,economic_unconstrained,xgboost,xgboost_05_missingness_challenger,missingness_challenger,XGBoost | missingness challenger
0.568048,186920,55889,131031,0.299,0.701,23061,32828,107967,23064,0.412621,0.499967,0.176019,0.412621,181368000.0,970.3,raw,10000.0,1500.0,,0.130435,economic_unconstrained,xgboost,xgboost_05_missingness_challenger,missingness_challenger,XGBoost | missingness challenger
0.568616,186920,55702,131218,0.297999,0.702001,22996,32706,108089,23129,0.41284,0.498558,0.176264,0.41284,180901000.0,967.8,raw,10000.0,1500.0,,0.130435,economic_unconstrained,xgboost,xgboost_05_missingness_challenger,missingness_challenger,XGBoost | missingness challenger
0.56921,186920,55515,131405,0.296999,0.703001,22937,32578,108217,23188,0.413168,0.497279,0.176462,0.413168,180503000.0,965.67,raw,10000.0,1500.0,,0.130435,economic_unconstrained,xgboost,xgboost_05_missingness_challenger,missingness_challenger,XGBoost | missingness challenger
0.569793,186920,55329,131591,0.296004,0.703996,22875,32454,108341,23250,0.413436,0.495935,0.176684,0.413436,180069000.0,963.35,raw,10000.0,1500.0,,0.130435,economic_unconstrained,xgboost,xgboost_05_missingness_challenger,missingness_challenger,XGBoost | missingness challenger
0.570349,186920,55142,131778,0.295003,0.704997,22823,32319,108476,23302,0.413895,0.494808,0.176828,0.413895,179751500.0,961.65,raw,10000.0,1500.0,,0.130435,economic_unconstrained,xgboost,xgboost_05_missingness_challenger,missingness_challenger,XGBoost | missingness challenger
0.570987,186920,54955,131965,0.294003,0.705997,22769,32186,108609,23356,0.414321,0.493637,0.176986,0.414321,179411000.0,959.83,raw,10000.0,1500.0,,0.130435,economic_unconstrained,xgboost,xgboost_05_missingness_challenger,missingness_challenger,XGBoost | missingness challenger
0.57152,186920,54768,132152,0.293002,0.706998,22707,32061,108734,23418,0.414603,0.492293,0.177205,0.414603,178978500.0,957.51,raw,10000.0,1500.0,,0.130435,economic_unconstrained,xgboost,xgboost_05_missingness_challenger,missingness_challenger,XGBoost | missingness challenger
0.572118,186920,54581,132339,0.292002,0.707998,22655,31926,108869,23470,0.415071,0.491165,0.177348,0.415071,178661000.0,955.82,raw,10000.0,1500.0,,0.130435,economic_unconstrained,xgboost,xgboost_05_missingness_challenger,missingness_challenger,XGBoost | missingness challenger
0.572699,186920,54394,132526,0.291001,0.708999,22600,31794,109001,23525,0.415487,0.489973,0.177512,0.415487,178309000.0,953.93,raw,10000.0,1500.0,,0.130435,economic_unconstrained,xgboost,xgboost_05_missingness_challenger,missingness_challenger,XGBoost | missingness challenger
0.57333,186920,54207,132713,0.290001,0.709999,22552,31655,109140,23573,0.416035,0.488932,0.177624,0.416035,178037500.0,952.48,raw,10000.0,1500.0,,0.130435,economic_unconstrained,xgboost,xgboost_05_missingness_challenger,missingness_challenger,XGBoost | missingness challenger
0.573924,186920,54020,132900,0.289001,0.710999,22498,31522,109273,23627,0.416475,0.487762,0.17778,0.416475,177697000.0,950.66,raw,10000.0,1500.0,,0.130435,economic_unconstrained,xgboost,xgboost_05_missingness_challenger,missingness_challenger,XGBoost | missingness challenger
0.57452,186920,53833,133087,0.288,0.712,22444,31389,109406,23681,0.416919,0.486591,0.177936,0.416919,177356500.0,948.84,raw,10000.0,1500.0,,0.130435,economic_unconstrained,xgboost,xgboost_05_missingness_challenger,missingness_challenger,XGBoost | missingness challenger
0.575076,186920,53646,133274,0.287,0.713,22396,31250,109545,23729,0.417478,0.48555,0.178047,0.417478,177085000.0,947.38,raw,10000.0,1500.0,,0.130435,economic_unconstrained,xgboost,xgboost_05_missingness_challenger,missingness_challenger,XGBoost | missingness challenger
0.575609,186920,53459,133461,0.285999,0.714001,22337,31122,109673,23788,0.417834,0.484271,0.178239,0.417834,176687000.0,945.25,raw,10000.0,1500.0,,0.130435,economic_unconstrained,xgboost,xgboost_05_missingness_challenger,missingness_challenger,XGBoost | missingness challenger
0.576245,186920,53272,133648,0.284999,0.715001,22278,30994,109801,23847,0.418193,0.482992,0.178431,0.418193,176289000.0,943.13,raw,10000.0,1500.0,,0.130435,economic_unconstrained,xgboost,xgboost_05_missingness_challenger,missingness_challenger,XGBoost | missingness challenger
0.57684,186920,53085,133835,0.283999,0.716001,22218,30867,109928,23907,0.418536,0.481691,0.17863,0.418536,175879500.0,940.93,raw,10000.0,1500.0,,0.130435,economic_unconstrained,xgboost,xgboost_05_missingness_challenger,missingness_challenger,XGBoost | missingness challenger
0.577481,186920,52899,134021,0.283003,0.716997,22148,30751,110044,23977,0.418685,0.480173,0.178905,0.418685,175353500.0,938.12,raw,10000.0,1500.0,,0.130435,economic_unconstrained,xgboost,xgboost_05_missingness_challenger,missingness_challenger,XGBoost | missingness challenger
0.578125,186920,52712,134208,0.282003,0.717997,22086,30626,110169,24039,0.418994,0.478829,0.179117,0.418994,174921000.0,935.81,raw,10000.0,1500.0,,0.130435,economic_unconstrained,xgboost,xgboost_05_missingness_challenger,missingness_challenger,XGBoost | missingness challenger
0.578702,186920,52525,134395,0.281003,0.718997,22024,30501,110294,24101,0.419305,0.477485,0.17933,0.419305,174488500.0,933.49,raw,10000.0,1500.0,,0.130435,economic_unconstrained,xgboost,xgboost_05_missingness_challenger,missingness_challenger,XGBoost | missingness challenger
0.579341,186920,52338,134582,0.280002,0.719998,21961,30377,110418,24164,0.4196,0.476119,0.179549,0.4196,174044500.0,931.12,raw,10000.0,1500.0,,0.130435,economic_unconstrained,xgboost,xgboost_05_missingness_challenger,missingness_challenger,XGBoost | missingness challenger
0.57991,186920,52151,134769,0.279002,0.720998,21890,30261,110534,24235,0.419743,0.47458,0.179826,0.419743,173508500.0,928.25,raw,10000.0,1500.0,,0.130435,economic_unconstrained,xgboost,xgboost_05_missingness_challenger,missingness_challenger,XGBoost | missingness challenger
0.580501,186920,51964,134956,0.278001,0.721999,21829,30135,110660,24296,0.420079,0.473257,0.180029,0.420079,173087500.0,926.0,raw,10000.0,1500.0,,0.130435,economic_unconstrained,xgboost,xgboost_05_missingness_challenger,missingness_challenger,XGBoost | missingness challenger
0.581095,186920,51777,135143,0.277001,0.722999,21765,30012,110783,24360,0.42036,0.47187,0.180254,0.42036,172632000.0,923.56,raw,10000.0,1500.0,,0.130435,economic_unconstrained,xgboost,xgboost_05_missingness_challenger,missingness_challenger,XGBoost | missingness challenger
0.581684,186920,51591,135329,0.276006,0.723994,21704,29887,110908,24421,0.420694,0.470547,0.180457,0.420694,172209500.0,921.3,raw,10000.0,1500.0,,0.130435,economic_unconstrained,xgboost,xgboost_05_missingness_challenger,missingness_challenger,XGBoost | missingness challenger
0.582244,186920,51403,135517,0.275,0.725,21649,29754,111041,24476,0.421162,0.469355,0.180612,0.421162,171859000.0,919.43,raw,10000.0,1500.0,,0.130435,economic_unconstrained,xgboost,xgboost_05_missingness_challenger,missingness_challenger,XGBoost | missingness challenger
0.582818,186920,51216,135704,0.274,0.726,21584,29632,111163,24541,0.421431,0.467946,0.180842,0.421431,171392000.0,916.93,raw,10000.0,1500.0,,0.130435,economic_unconstrained,xgboost,xgboost_05_missingness_challenger,missingness_challenger,XGBoost | missingness challenger
0.583344,186920,51029,135891,0.272999,0.727001,21524,29505,111290,24601,0.421799,0.466645,0.181035,0.421799,170982500.0,914.74,raw,10000.0,1500.0,,0.130435,economic_unconstrained,xgboost,xgboost_05_missingness_challenger,missingness_challenger,XGBoost | missingness challenger
0.583852,186920,50842,136078,0.271999,0.728001,21466,29376,111419,24659,0.42221,0.465388,0.181212,0.42221,170596000.0,912.67,raw,10000.0,1500.0,,0.130435,economic_unconstrained,xgboost,xgboost_05_missingness_challenger,missingness_challenger,XGBoost | missingness challenger
0.584473,186920,50656,136264,0.271004,0.728996,21409,29247,111548,24716,0.422635,0.464152,0.181383,0.422635,170219500.0,910.65,raw,10000.0,1500.0,,0.130435,economic_unconstrained,xgboost,xgboost_05_missingness_challenger,missingness_challenger,XGBoost | missingness challenger
0.585153,186920,50469,136451,0.270003,0.729997,21355,29114,111681,24770,0.423131,0.462981,0.18153,0.423131,169879000.0,908.83,raw,10000.0,1500.0,,0.130435,economic_unconstrained,xgboost,xgboost_05_missingness_challenger,missingness_challenger,XGBoost | missingness challenger
0.58572,186920,50282,136638,0.269003,0.730997,21290,28992,111803,24835,0.423412,0.461572,0.181758,0.423412,169412000.0,906.33,raw,10000.0,1500.0,,0.130435,economic_unconstrained,xgboost,xgboost_05_missingness_challenger,missingness_challenger,XGBoost | missingness challenger
0.586372,186920,50095,136825,0.268002,0.731998,21223,28872,111923,24902,0.423655,0.460119,0.181999,0.423655,168922000.0,903.71,raw,10000.0,1500.0,,0.130435,economic_unconstrained,xgboost,xgboost_05_missingness_challenger,missingness_challenger,XGBoost | missingness challenger
0.587002,186920,49908,137012,0.267002,0.732998,21173,28735,112060,24952,0.424241,0.459035,0.182115,0.424241,168627500.0,902.14,raw,10000.0,1500.0,,0.130435,economic_unconstrained,xgboost,xgboost_05_missingness_challenger,missingness_challenger,XGBoost | missingness challenger
0.587662,186920,49721,137199,0.266001,0.733999,21113,28608,112187,25012,0.424629,0.457734,0.182305,0.424629,168218000.0,899.95,raw,10000.0,1500.0,,0.130435,economic_unconstrained,xgboost,xgboost_05_missingness_challenger,missingness_challenger,XGBoost | missingness challenger
0.588261,186920,49534,137386,0.265001,0.734999,21061,28473,112322,25064,0.425183,0.456607,0.182435,0.425183,167900500.0,898.25,raw,10000.0,1500.0,,0.130435,economic_unconstrained,xgboost,xgboost_05_missingness_challenger,missingness_challenger,XGBoost | missingness challenger
0.588859,186920,49347,137573,0.264001,0.735999,21004,28343,112452,25121,0.425639,0.455371,0.182601,0.425639,167525500.0,896.24,raw,10000.0,1500.0,,0.130435,economic_unconstrained,xgboost,xgboost_05_missingness_challenger,missingness_challenger,XGBoost | missingness challenger
0.589476,186920,49160,137760,0.263,0.737,20936,28224,112571,25189,0.425875,0.453897,0.182847,0.425875,167024000.0,893.56,raw,10000.0,1500.0,,0.130435,economic_unconstrained,xgboost,xgboost_05_missingness_challenger,missingness_challenger,XGBoost | missingness challenger
0.590067,186920,48973,137947,0.262,0.738,20875,28098,112697,25250,0.426255,0.452575,0.183041,0.426255,166603000.0,891.31,raw,10000.0,1500.0,,0.130435,economic_unconstrained,xgboost,xgboost_05_missingness_challenger,missingness_challenger,XGBoost | missingness challenger
0.590688,186920,48787,138133,0.261005,0.738995,20810,27977,112818,25315,0.426548,0.451165,0.183265,0.426548,166134500.0,888.8,raw,10000.0,1500.0,,0.130435,economic_unconstrained,xgboost,xgboost_05_missingness_challenger,missingness_challenger,XGBoost | missingness challenger
0.59128,186920,48599,138321,0.259999,0.740001,20748,27851,112944,25377,0.426922,0.449821,0.183465,0.426922,165703500.0,886.49,raw,10000.0,1500.0,,0.130435,economic_unconstrained,xgboost,xgboost_05_missingness_challenger,missingness_challenger,XGBoost | missingness challenger
0.591931,186920,48413,138507,0.259004,0.740996,20686,27727,113068,25439,0.427282,0.448477,0.183666,0.427282,165269500.0,884.17,raw,10000.0,1500.0,,0.130435,economic_unconstrained,xgboost,xgboost_05_missingness_challenger,missingness_challenger,XGBoost | missingness challenger
0.592498,186920,48226,138694,0.258003,0.741997,20617,27609,113186,25508,0.427508,0.446981,0.183916,0.427508,164756500.0,881.43,raw,10000.0,1500.0,,0.130435,economic_unconstrained,xgboost,xgboost_05_missingness_challenger,missingness_challenger,XGBoost | missingness challenger
0.593146,186920,48039,138881,0.257003,0.742997,20555,27484,113311,25570,0.427882,0.445637,0.184114,0.427882,164324000.0,879.11,raw,10000.0,1500.0,,0.130435,economic_unconstrained,xgboost,xgboost_05_missingness_challenger,missingness_challenger,XGBoost | missingness challenger
0.593743,186920,47852,139068,0.256003,0.743997,20500,27352,113443,25625,0.428404,0.444444,0.184262,0.428404,163972000.0,877.23,raw,10000.0,1500.0,,0.130435,economic_unconstrained,xgboost,xgboost_05_missingness_challenger,missingness_challenger,XGBoost | missingness challenger
0.594326,186920,47665,139255,0.255002,0.744998,20436,27229,113566,25689,0.428742,0.443057,0.184475,0.428742,163516500.0,874.79,raw,10000.0,1500.0,,0.130435,economic_unconstrained,xgboost,xgboost_05_missingness_challenger,missingness_challenger,XGBoost | missingness challenger
0.594921,186920,47478,139442,0.254002,0.745998,20379,27099,113696,25746,0.42923,0.441821,0.184636,0.42923,163141500.0,872.79,raw,10000.0,1500.0,,0.130435,economic_unconstrained,xgboost,xgboost_05_missingness_challenger,missingness_challenger,XGBoost | missingness challenger
0.595612,186920,47291,139629,0.253001,0.746999,20315,26976,113819,25810,0.429574,0.440434,0.184847,0.429574,162686000.0,870.35,raw,10000.0,1500.0,,0.130435,economic_unconstrained,xgboost,xgboost_05_missingness_challenger,missingness_challenger,XGBoost | missingness challenger
0.596163,186920,47104,139816,0.252001,0.747999,20253,26851,113944,25872,0.429963,0.439089,0.185043,0.429963,162253500.0,868.04,raw,10000.0,1500.0,,0.130435,economic_unconstrained,xgboost,xgboost_05_missingness_challenger,missingness_challenger,XGBoost | missingness challenger
0.596851,186920,46917,140003,0.251,0.749,20200,26717,114078,25925,0.430548,0.43794,0.185175,0.430548,161924500.0,866.28,raw,10000.0,1500.0,,0.130435,economic_unconstrained,xgboost,xgboost_05_missingness_challenger,missingness_challenger,XGBoost | missingness challenger
0.597496,186920,46730,140190,0.25,0.75,20149,26581,114214,25976,0.431179,0.436835,0.185291,0.431179,161618500.0,864.64,raw,10000.0,1500.0,,0.130435,economic_unconstrained,xgboost,xgboost_05_missingness_challenger,missingness_challenger,XGBoost | missingness challenger
0.598067,186920,46543,140377,0.249,0.751,20086,26457,114338,26039,0.431558,0.435469,0.185493,0.431558,161174500.0,862.26,raw,10000.0,1500.0,,0.130435,economic_unconstrained,xgboost,xgboost_05_missingness_challenger,missingness_challenger,XGBoost | missingness challenger
0.598701,186920,46357,140563,0.248004,0.751996,20020,26337,114458,26105,0.431866,0.434038,0.185717,0.431866,160694500.0,859.7,raw,10000.0,1500.0,,0.130435,economic_unconstrained,xgboost,xgboost_05_missingness_challenger,missingness_challenger,XGBoost | missingness challenger
0.599314,186920,46170,140750,0.247004,0.752996,19957,26213,114582,26168,0.43225,0.432672,0.185918,0.43225,160250500.0,857.32,raw,10000.0,1500.0,,0.130435,economic_unconstrained,xgboost,xgboost_05_missingness_challenger,missingness_challenger,XGBoost | missingness challenger
0.59994,186920,45983,140937,0.246004,0.753996,19896,26087,114708,26229,0.432682,0.43135,0.186104,0.432682,159829500.0,855.07,raw,10000.0,1500.0,,0.130435,economic_unconstrained,xgboost,xgboost_05_missingness_challenger,missingness_challenger,XGBoost | missingness challenger
0.600586,186920,45796,141124,0.245003,0.754997,19824,25972,114823,26301,0.432876,0.429789,0.186368,0.432876,159282000.0,852.14,raw,10000.0,1500.0,,0.130435,economic_unconstrained,xgboost,xgboost_05_missingness_challenger,missingness_challenger,XGBoost | missingness challenger
0.601189,186920,45609,141311,0.244003,0.755997,19755,25854,114941,26370,0.433138,0.428293,0.18661,0.433138,158769000.0,849.4,raw,10000.0,1500.0,,0.130435,economic_unconstrained,xgboost,xgboost_05_missingness_challenger,missingness_challenger,XGBoost | missingness challenger
0.601839,186920,45422,141498,0.243002,0.756998,19695,25727,115068,26430,0.4336,0.426992,0.186787,0.4336,158359500.0,847.2,raw,10000.0,1500.0,,0.130435,economic_unconstrained,xgboost,xgboost_05_missingness_challenger,missingness_challenger,XGBoost | missingness challenger
0.602397,186920,45235,141685,0.242002,0.757998,19619,25616,115179,26506,0.433713,0.425344,0.187077,0.433713,157766000.0,844.03,raw,10000.0,1500.0,,0.130435,economic_unconstrained,xgboost,xgboost_05_missingness_challenger,missingness_challenger,XGBoost | missingness challenger
0.603021,186920,45048,141872,0.241001,0.758999,19559,25489,115306,26566,0.434181,0.424043,0.187253,0.434181,157356500.0,841.84,raw,10000.0,1500.0,,0.130435,economic_unconstrained,xgboost,xgboost_05_missingness_challenger,missingness_challenger,XGBoost | missingness challenger
0.603644,186920,44861,142059,0.240001,0.759999,19509,25352,115443,26616,0.434877,0.422959,0.187359,0.434877,157062000.0,840.26,raw,10000.0,1500.0,,0.130435,economic_unconstrained,xgboost,xgboost_05_missingness_challenger,missingness_challenger,XGBoost | missingness challenger
0.604327,186920,44674,142246,0.239001,0.760999,19430,25244,115551,26695,0.434929,0.421247,0.187668,0.434929,156434000.0,836.9,raw,10000.0,1500.0,,0.130435,economic_unconstrained,xgboost,xgboost_05_missingness_challenger,missingness_challenger,XGBoost | missingness challenger
0.604961,186920,44487,142433,0.238,0.762,19359,25128,115667,26766,0.435161,0.419707,0.18792,0.435161,155898000.0,834.04,raw,10000.0,1500.0,,0.130435,economic_unconstrained,xgboost,xgboost_05_missingness_challenger,missingness_challenger,XGBoost | missingness challenger
0.605567,186920,44300,142620,0.237,0.763,19303,24997,115798,26822,0.435734,0.418493,0.188066,0.435734,155534500.0,832.09,raw,10000.0,1500.0,,0.130435,economic_unconstrained,xgboost,xgboost_05_missingness_challenger,missingness_challenger,XGBoost | missingness challenger
0.606184,186920,44113,142807,0.235999,0.764001,19237,24876,115919,26888,0.436085,0.417062,0.188282,0.436085,155056000.0,829.53,raw,10000.0,1500.0,,0.130435,economic_unconstrained,xgboost,xgboost_05_missingness_challenger,missingness_challenger,XGBoost | missingness challenger
0.606866,186920,43926,142994,0.234999,0.765001,19178,24748,116047,26947,0.436598,0.415783,0.188448,0.436598,154658000.0,827.4,raw,10000.0,1500.0,,0.130435,economic_unconstrained,xgboost,xgboost_05_missingness_challenger,missingness_challenger,XGBoost | missingness challenger
0.607488,186920,43740,143180,0.234004,0.765996,19122,24618,116177,27003,0.437174,0.414569,0.188595,0.437174,154293000.0,825.45,raw,10000.0,1500.0,,0.130435,economic_unconstrained,xgboost,xgboost_05_missingness_challenger,missingness_challenger,XGBoost | missingness challenger
0.608147,186920,43553,143367,0.233003,0.766997,19051,24502,116293,27074,0.437421,0.41303,0.188844,0.437421,153757000.0,822.58,raw,10000.0,1500.0,,0.130435,economic_unconstrained,xgboost,xgboost_05_missingness_challenger,missingness_challenger,XGBoost | missingness challenger
0.608793,186920,43366,143554,0.232003,0.767997,18977,24389,116406,27148,0.437601,0.411425,0.189114,0.437601,153186500.0,819.53,raw,10000.0,1500.0,,0.130435,economic_unconstrained,xgboost,xgboost_05_missingness_challenger,missingness_challenger,XGBoost | missingness challenger
0.609433,186920,43179,143741,0.231003,0.768997,18908,24271,116524,27217,0.437898,0.40993,0.189348,0.437898,152673500.0,816.79,raw,10000.0,1500.0,,0.130435,economic_unconstrained,xgboost,xgboost_05_missingness_challenger,missingness_challenger,XGBoost | missingness challenger
0.610032,186920,42992,143928,0.230002,0.769998,18850,24142,116653,27275,0.438454,0.408672,0.189504,0.438454,152287000.0,814.72,raw,10000.0,1500.0,,0.130435,economic_unconstrained,xgboost,xgboost_05_missingness_challenger,missingness_challenger,XGBoost | missingness challenger
0.610696,186920,42805,144115,0.229002,0.770998,18775,24030,116765,27350,0.438617,0.407046,0.189779,0.438617,151705000.0,811.6,raw,10000.0,1500.0,,0.130435,economic_unconstrained,xgboost,xgboost_05_missingness_challenger,missingness_challenger,XGBoost | missingness challenger
0.611293,186920,42618,144302,0.228001,0.771999,18709,23909,116886,27416,0.438993,0.405615,0.18999,0.438993,151226500.0,809.04,raw,10000.0,1500.0,,0.130435,economic_unconstrained,xgboost,xgboost_05_missingness_challenger,missingness_challenger,XGBoost | missingness challenger
0.611941,186920,42431,144489,0.227001,0.772999,18646,23785,117010,27479,0.439443,0.404249,0.190181,0.439443,150782500.0,806.67,raw,10000.0,1500.0,,0.130435,economic_unconstrained,xgboost,xgboost_05_missingness_challenger,missingness_challenger,XGBoost | missingness challenger
0.612689,186920,42244,144676,0.226,0.774,18584,23660,117135,27541,0.43992,0.402905,0.190363,0.43992,150350000.0,804.35,raw,10000.0,1500.0,,0.130435,economic_unconstrained,xgboost,xgboost_05_missingness_challenger,missingness_challenger,XGBoost | missingness challenger
0.613449,186920,42057,144863,0.225,0.775,18515,23542,117253,27610,0.440236,0.401409,0.190594,0.440236,149837000.0,801.61,raw,10000.0,1500.0,,0.130435,economic_unconstrained,xgboost,xgboost_05_missingness_challenger,missingness_challenger,XGBoost | missingness challenger
0.614091,186920,41870,145050,0.224,0.776,18440,23430,117365,27685,0.440411,0.399783,0.190865,0.440411,149255000.0,798.5,raw,10000.0,1500.0,,0.130435,economic_unconstrained,xgboost,xgboost_05_missingness_challenger,missingness_challenger,XGBoost | missingness challenger
0.614747,186920,41683,145237,0.222999,0.777001,18373,23310,117485,27752,0.440779,0.398331,0.191081,0.440779,148765000.0,795.88,raw,10000.0,1500.0,,0.130435,economic_unconstrained,xgboost,xgboost_05_missingness_challenger,missingness_challenger,XGBoost | missingness challenger
0.615401,186920,41497,145423,0.222004,0.777996,18312,23185,117610,27813,0.441285,0.397008,0.191256,0.441285,148342500.0,793.61,raw,10000.0,1500.0,,0.130435,economic_unconstrained,xgboost,xgboost_05_missingness_challenger,missingness_challenger,XGBoost | missingness challenger
0.616051,186920,41310,145610,0.221004,0.778996,18234,23076,117719,27891,0.441394,0.395317,0.191546,0.441394,147726000.0,790.32,raw,10000.0,1500.0,,0.130435,economic_unconstrained,xgboost,xgboost_05_missingness_challenger,missingness_challenger,XGBoost | missingness challenger
0.61666,186920,41123,145797,0.220003,0.779997,18156,22967,117828,27969,0.441505,0.393626,0.191835,0.441505,147109500.0,787.02,raw,10000.0,1500.0,,0.130435,economic_unconstrained,xgboost,xgboost_05_missingness_challenger,missingness_challenger,XGBoost | missingness challenger
0.617298,186920,40936,145984,0.219003,0.780997,18084,22852,117943,28041,0.441763,0.392065,0.192083,0.441763,146562000.0,784.09,raw,10000.0,1500.0,,0.130435,economic_unconstrained,xgboost,xgboost_05_missingness_challenger,missingness_challenger,XGBoost | missingness challenger
0.617914,186920,40749,146171,0.218002,0.781998,18004,22745,118050,28121,0.441827,0.390331,0.192384,0.441827,145922500.0,780.67,raw,10000.0,1500.0,,0.130435,economic_unconstrained,xgboost,xgboost_05_missingness_challenger,missingness_challenger,XGBoost | missingness challenger
0.618632,186920,40562,146358,0.217002,0.782998,17937,22625,118170,28188,0.442212,0.388878,0.192596,0.442212,145432500.0,778.05,raw,10000.0,1500.0,,0.130435,economic_unconstrained,xgboost,xgboost_05_missingness_challenger,missingness_challenger,XGBoost | missingness challenger
0.619299,186920,40375,146545,0.216001,0.783999,17884,22491,118304,28241,0.442947,0.387729,0.192712,0.442947,145103500.0,776.29,raw,10000.0,1500.0,,0.130435,economic_unconstrained,xgboost,xgboost_05_missingness_challenger,missingness_challenger,XGBoost | missingness challenger
0.620059,186920,40188,146732,0.215001,0.784999,17812,22376,118419,28313,0.443217,0.386168,0.192957,0.443217,144556000.0,773.36,raw,10000.0,1500.0,,0.130435,economic_unconstrained,xgboost,xgboost_05_missingness_challenger,missingness_challenger,XGBoost | missingness challenger
0.620803,186920,40001,146919,0.214001,0.785999,17747,22254,118541,28378,0.443664,0.384759,0.193154,0.443664,144089000.0,770.86,raw,10000.0,1500.0,,0.130435,economic_unconstrained,xgboost,xgboost_05_missingness_challenger,missingness_challenger,XGBoost | missingness challenger
0.621495,186920,39814,147106,0.213,0.787,17678,22136,118659,28447,0.444015,0.383263,0.193378,0.444015,143576000.0,768.11,raw,10000.0,1500.0,,0.130435,economic_unconstrained,xgboost,xgboost_05_missingness_challenger,missingness_challenger,XGBoost | missingness challenger
0.622144,186920,39627,147293,0.212,0.788,17610,22017,118778,28515,0.444394,0.381789,0.193594,0.444394,143074500.0,765.43,raw,10000.0,1500.0,,0.130435,economic_unconstrained,xgboost,xgboost_05_missingness_challenger,missingness_challenger,XGBoost | missingness challenger
0.622815,186920,39440,147480,0.210999,0.789001,17544,21896,118899,28581,0.444828,0.380358,0.193796,0.444828,142596000.0,762.87,raw,10000.0,1500.0,,0.130435,economic_unconstrained,xgboost,xgboost_05_missingness_challenger,missingness_challenger,XGBoost | missingness challenger
0.6235,186920,39253,147667,0.209999,0.790001,17472,21781,119014,28653,0.445112,0.378797,0.194038,0.445112,142048500.0,759.94,raw,10000.0,1500.0,,0.130435,economic_unconstrained,xgboost,xgboost_05_missingness_challenger,missingness_challenger,XGBoost | missingness challenger
0.624252,186920,39067,147853,0.209004,0.790996,17412,21655,119140,28713,0.445696,0.377496,0.1942,0.445696,141637500.0,757.74,raw,10000.0,1500.0,,0.130435,economic_unconstrained,xgboost,xgboost_05_missingness_challenger,missingness_challenger,XGBoost | missingness challenger
0.625015,186920,38880,148040,0.208003,0.791997,17355,21525,119270,28770,0.446373,0.37626,0.194339,0.446373,141262500.0,755.74,raw,10000.0,1500.0,,0.130435,economic_unconstrained,xgboost,xgboost_05_missingness_challenger,missingness_challenger,XGBoost | missingness challenger
0.625678,186920,38693,148227,0.207003,0.792997,17281,21412,119383,28844,0.446618,0.374656,0.194593,0.446618,140692000.0,752.69,raw,10000.0,1500.0,,0.130435,economic_unconstrained,xgboost,xgboost_05_missingness_challenger,missingness_challenger,XGBoost | missingness challenger
0.626408,186920,38506,148414,0.206003,0.793997,17212,21294,119501,28913,0.446995,0.37316,0.194813,0.446995,140179000.0,749.94,raw,10000.0,1500.0,,0.130435,economic_unconstrained,xgboost,xgboost_05_missingness_challenger,missingness_challenger,XGBoost | missingness challenger
0.627043,186920,38319,148601,0.205002,0.794998,17147,21172,119623,28978,0.44748,0.371751,0.195005,0.44748,139712000.0,747.44,raw,10000.0,1500.0,,0.130435,economic_unconstrained,xgboost,xgboost_05_missingness_challenger,missingness_challenger,XGBoost | missingness challenger
0.627818,186920,38132,148788,0.204002,0.795998,17082,21050,119745,29043,0.44797,0.370341,0.195197,0.44797,139245000.0,744.94,raw,10000.0,1500.0,,0.130435,economic_unconstrained,xgboost,xgboost_05_missingness_challenger,missingness_challenger,XGBoost | missingness challenger
0.628469,186920,37946,148974,0.203007,0.796993,17017,20929,119866,29108,0.448453,0.368932,0.19539,0.448453,138776500.0,742.44,raw,10000.0,1500.0,,0.130435,economic_unconstrained,xgboost,xgboost_05_missingness_challenger,missingness_challenger,XGBoost | missingness challenger
0.62917,186920,37758,149162,0.202001,0.797999,16950,20808,119987,29175,0.448911,0.36748,0.195593,0.448911,138288000.0,739.82,raw,10000.0,1500.0,,0.130435,economic_unconstrained,xgboost,xgboost_05_missingness_challenger,missingness_challenger,XGBoost | missingness challenger
0.629854,186920,37571,149349,0.201,0.799,16879,20692,120103,29246,0.449256,0.36594,0.195823,0.449256,137752000.0,736.96,raw,10000.0,1500.0,,0.130435,economic_unconstrained,xgboost,xgboost_05_missingness_challenger,missingness_challenger,XGBoost | missingness challenger
0.630464,186920,37384,149536,0.2,0.8,16821,20563,120232,29304,0.449952,0.364683,0.195966,0.449952,137365500.0,734.89,raw,10000.0,1500.0,,0.130435,economic_unconstrained,xgboost,xgboost_05_missingness_challenger,missingness_challenger,XGBoost | missingness challenger
0.631193,186920,37197,149723,0.199,0.801,16759,20438,120357,29366,0.450547,0.363339,0.196136,0.450547,136933000.0,732.58,raw,10000.0,1500.0,,0.130435,economic_unconstrained,xgboost,xgboost_05_missingness_challenger,missingness_challenger,XGBoost | missingness challenger
0.631888,186920,37010,149910,0.197999,0.802001,16696,20314,120481,29429,0.451121,0.361973,0.196311,0.451121,136489000.0,730.2,raw,10000.0,1500.0,,0.130435,economic_unconstrained,xgboost,xgboost_05_missingness_challenger,missingness_challenger,XGBoost | missingness challenger
0.632622,186920,36824,150096,0.197004,0.802996,16624,20200,120595,29501,0.451445,0.360412,0.196548,0.451445,135940000.0,727.26,raw,10000.0,1500.0,,0.130435,economic_unconstrained,xgboost,xgboost_05_missingness_challenger,missingness_challenger,XGBoost | missingness challenger
0.63328,186920,36637,150283,0.196004,0.803996,16551,20086,120709,29574,0.451756,0.358829,0.196789,0.451756,135381000.0,724.27,raw,10000.0,1500.0,,0.130435,economic_unconstrained,xgboost,xgboost_05_missingness_challenger,missingness_challenger,XGBoost | missingness challenger
0.63397,186920,36450,150470,0.195003,0.804997,16483,19967,120828,29642,0.452209,0.357355,0.196996,0.452209,134879500.0,721.59,raw,10000.0,1500.0,,0.130435,economic_unconstrained,xgboost,xgboost_05_missingness_challenger,missingness_challenger,XGBoost | missingness challenger
0.634652,186920,36263,150657,0.194003,0.805997,16418,19845,120950,29707,0.452748,0.355946,0.197183,0.452748,134412500.0,719.09,raw,10000.0,1500.0,,0.130435,economic_unconstrained,xgboost,xgboost_05_missingness_challenger,missingness_challenger,XGBoost | missingness challenger
0.635325,186920,36076,150844,0.193002,0.806998,16351,19725,121070,29774,0.453238,0.354493,0.197383,0.453238,133922500.0,716.47,raw,10000.0,1500.0,,0.130435,economic_unconstrained,xgboost,xgboost_05_missingness_challenger,missingness_challenger,XGBoost | missingness challenger
0.636034,186920,35889,151031,0.192002,0.807998,16279,19610,121185,29846,0.453593,0.352932,0.197615,0.453593,133375000.0,713.54,raw,10000.0,1500.0,,0.130435,economic_unconstrained,xgboost,xgboost_05_missingness_challenger,missingness_challenger,XGBoost | missingness challenger
0.636754,186920,35702,151218,0.191001,0.808999,16209,19493,121302,29916,0.454008,0.351415,0.197834,0.454008,132850500.0,710.73,raw,10000.0,1500.0,,0.130435,economic_unconstrained,xgboost,xgboost_05_missingness_challenger,missingness_challenger,XGBoost | missingness challenger
0.637443,186920,35515,151405,0.190001,0.809999,16140,19375,121420,29985,0.454456,0.349919,0.198045,0.454456,132337500.0,707.99,raw,10000.0,1500.0,,0.130435,economic_unconstrained,xgboost,xgboost_05_missingness_challenger,missingness_challenger,XGBoost | missingness challenger
0.638126,186920,35328,151592,0.189001,0.810999,16075,19253,121542,30050,0.455022,0.348509,0.198229,0.455022,131870500.0,705.49,raw,10000.0,1500.0,,0.130435,economic_unconstrained,xgboost,xgboost_05_missingness_challenger,missingness_challenger,XGBoost | missingness challenger
0.63882,186920,35141,151779,0.188,0.812,15997,19144,121651,30128,0.455223,0.346818,0.198499,0.455223,131254000.0,702.19,raw,10000.0,1500.0,,0.130435,economic_unconstrained,xgboost,xgboost_05_missingness_challenger,missingness_challenger,XGBoost | missingness challenger
0.639521,186920,34954,151966,0.187,0.813,15922,19032,121763,30203,0.455513,0.345192,0.198748,0.455513,130672000.0,699.08,raw,10000.0,1500.0,,0.130435,economic_unconstrained,xgboost,xgboost_05_missingness_challenger,missingness_challenger,XGBoost | missingness challenger
0.64012,186920,34767,152153,0.185999,0.814001,15845,18922,121873,30280,0.455748,0.343523,0.19901,0.455748,130067000.0,695.84,raw,10000.0,1500.0,,0.130435,economic_unconstrained,xgboost,xgboost_05_missingness_challenger,missingness_challenger,XGBoost | missingness challenger
0.640819,186920,34581,152339,0.185004,0.814996,15766,18815,121980,30359,0.455915,0.34181,0.199286,0.455915,129437500.0,692.48,raw,10000.0,1500.0,,0.130435,economic_unconstrained,xgboost,xgboost_05_missingness_challenger,missingness_challenger,XGBoost | missingness challenger
0.641482,186920,34394,152526,0.184004,0.815996,15699,18695,122100,30426,0.456446,0.340358,0.199481,0.456446,128947500.0,689.85,raw,10000.0,1500.0,,0.130435,economic_unconstrained,xgboost,xgboost_05_missingness_challenger,missingness_challenger,XGBoost | missingness challenger
0.642087,186920,34207,152713,0.183003,0.816997,15639,18568,122227,30486,0.457187,0.339057,0.199629,0.457187,128538000.0,687.66,raw,10000.0,1500.0,,0.130435,economic_unconstrained,xgboost,xgboost_05_missingness_challenger,missingness_challenger,XGBoost | missingness challenger
0.642751,186920,34020,152900,0.182003,0.817997,15573,18447,122348,30552,0.45776,0.337626,0.199817,0.45776,128059500.0,685.1,raw,10000.0,1500.0,,0.130435,economic_unconstrained,xgboost,xgboost_05_missingness_challenger,missingness_challenger,XGBoost | missingness challenger
0.643459,186920,33833,153087,0.181003,0.818997,15499,18334,122461,30626,0.458103,0.336022,0.200056,0.458103,127489000.0,682.05,raw,10000.0,1500.0,,0.130435,economic_unconstrained,xgboost,xgboost_05_missingness_challenger,missingness_challenger,XGBoost | missingness challenger
0.644167,186920,33646,153274,0.180002,0.819998,15433,18213,122582,30692,0.458688,0.334591,0.200243,0.458688,127010500.0,679.49,raw,10000.0,1500.0,,0.130435,economic_unconstrained,xgboost,xgboost_05_missingness_challenger,missingness_challenger,XGBoost | missingness challenger
0.64491,186920,33459,153461,0.179002,0.820998,15368,18091,122704,30757,0.459308,0.333182,0.200422,0.459308,126543500.0,676.99,raw,10000.0,1500.0,,0.130435,economic_unconstrained,xgboost,xgboost_05_missingness_challenger,missingness_challenger,XGBoost | missingness challenger
0.645686,186920,33272,153648,0.178001,0.821999,15298,17974,122821,30827,0.459786,0.331664,0.200634,0.459786,126019000.0,674.19,raw,10000.0,1500.0,,0.130435,economic_unconstrained,xgboost,xgboost_05_missingness_challenger,missingness_challenger,XGBoost | missingness challenger
0.646422,186920,33085,153835,0.177001,0.822999,15219,17866,122929,30906,0.459997,0.329951,0.200904,0.459997,125391000.0,670.83,raw,10000.0,1500.0,,0.130435,economic_unconstrained,xgboost,xgboost_05_missingness_challenger,missingness_challenger,XGBoost | missingness challenger
0.647088,186920,32898,154022,0.176,0.824,15147,17751,123044,30978,0.460423,0.32839,0.201127,0.460423,124843500.0,667.9,raw,10000.0,1500.0,,0.130435,economic_unconstrained,xgboost,xgboost_05_missingness_challenger,missingness_challenger,XGBoost | missingness challenger
0.647849,186920,32711,154209,0.175,0.825,15082,17629,123166,31043,0.461068,0.326981,0.201305,0.461068,124376500.0,665.4,raw,10000.0,1500.0,,0.130435,economic_unconstrained,xgboost,xgboost_05_missingness_challenger,missingness_challenger,XGBoost | missingness challenger
0.648647,186920,32524,154396,0.174,0.826,15016,17508,123287,31109,0.46169,0.32555,0.201488,0.46169,123898000.0,662.84,raw,10000.0,1500.0,,0.130435,economic_unconstrained,xgboost,xgboost_05_missingness_challenger,missingness_challenger,XGBoost | missingness challenger
0.64942,186920,32338,154582,0.173004,0.826996,14947,17391,123404,31178,0.462212,0.324054,0.201692,0.462212,123383500.0,660.09,raw,10000.0,1500.0,,0.130435,economic_unconstrained,xgboost,xgboost_05_missingness_challenger,missingness_challenger,XGBoost | missingness challenger
0.650148,186920,32151,154769,0.172004,0.827996,14892,17259,123536,31233,0.463189,0.322862,0.201804,0.463189,123031500.0,658.2,raw,10000.0,1500.0,,0.130435,economic_unconstrained,xgboost,xgboost_05_missingness_challenger,missingness_challenger,XGBoost | missingness challenger
0.650926,186920,31964,154956,0.171004,0.828996,14825,17139,123656,31300,0.463803,0.321409,0.201993,0.463803,122541500.0,655.58,raw,10000.0,1500.0,,0.130435,economic_unconstrained,xgboost,xgboost_05_missingness_challenger,missingness_challenger,XGBoost | missingness challenger
0.651796,186920,31777,155143,0.170003,0.829997,14757,17020,123775,31368,0.464392,0.319935,0.202188,0.464392,122040000.0,652.9,raw,10000.0,1500.0,,0.130435,economic_unconstrained,xgboost,xgboost_05_missingness_challenger,missingness_challenger,XGBoost | missingness challenger
0.652665,186920,31590,155330,0.169003,0.830997,14692,16898,123897,31433,0.465084,0.318526,0.202363,0.465084,121573000.0,650.4,raw,10000.0,1500.0,,0.130435,economic_unconstrained,xgboost,xgboost_05_missingness_challenger,missingness_challenger,XGBoost | missingness challenger
0.653427,186920,31403,155517,0.168002,0.831998,14627,16776,124019,31498,0.465784,0.317117,0.202537,0.465784,121106000.0,647.9,raw,10000.0,1500.0,,0.130435,economic_unconstrained,xgboost,xgboost_05_missingness_challenger,missingness_challenger,XGBoost | missingness challenger
0.654138,186920,31216,155704,0.167002,0.832998,14556,16660,124135,31569,0.466299,0.315577,0.20275,0.466299,120570000.0,645.04,raw,10000.0,1500.0,,0.130435,economic_unconstrained,xgboost,xgboost_05_missingness_challenger,missingness_challenger,XGBoost | missingness challenger
0.655006,186920,31029,155891,0.166001,0.833999,14494,16535,124260,31631,0.467111,0.314233,0.202905,0.467111,120137500.0,642.72,raw,10000.0,1500.0,,0.130435,economic_unconstrained,xgboost,xgboost_05_missingness_challenger,missingness_challenger,XGBoost | missingness challenger
0.655788,186920,30842,156078,0.165001,0.834999,14420,16422,124373,31705,0.467544,0.312629,0.203136,0.467544,119567000.0,639.67,raw,10000.0,1500.0,,0.130435,economic_unconstrained,xgboost,xgboost_05_missingness_challenger,missingness_challenger,XGBoost | missingness challenger
0.656614,186920,30655,156265,0.164001,0.835999,14351,16304,124491,31774,0.468145,0.311133,0.203334,0.468145,119054000.0,636.92,raw,10000.0,1500.0,,0.130435,economic_unconstrained,xgboost,xgboost_05_missingness_challenger,missingness_challenger,XGBoost | missingness challenger
0.657423,186920,30468,156452,0.163,0.837,14275,16193,124602,31850,0.468524,0.309485,0.203577,0.468524,118460500.0,633.75,raw,10000.0,1500.0,,0.130435,economic_unconstrained,xgboost,xgboost_05_missingness_challenger,missingness_challenger,XGBoost | missingness challenger
0.658203,186920,30281,156639,0.162,0.838,14196,16085,124710,31929,0.468809,0.307772,0.203838,0.468809,117832500.0,630.39,raw,10000.0,1500.0,,0.130435,economic_unconstrained,xgboost,xgboost_05_missingness_challenger,missingness_challenger,XGBoost | missingness challenger
0.659029,186920,30094,156826,0.160999,0.839001,14116,15978,124817,32009,0.469064,0.306038,0.204105,0.469064,117193000.0,626.97,raw,10000.0,1500.0,,0.130435,economic_unconstrained,xgboost,xgboost_05_missingness_challenger,missingness_challenger,XGBoost | missingness challenger
0.659804,186920,29908,157012,0.160004,0.839996,14054,15854,124941,32071,0.469908,0.304694,0.204258,0.469908,116759000.0,624.65,raw,10000.0,1500.0,,0.130435,economic_unconstrained,xgboost,xgboost_05_missingness_challenger,missingness_challenger,XGBoost | missingness challenger
0.660626,186920,29721,157199,0.159004,0.840996,13985,15736,125059,32140,0.470543,0.303198,0.204454,0.470543,116246000.0,621.9,raw,10000.0,1500.0,,0.130435,economic_unconstrained,xgboost,xgboost_05_missingness_challenger,missingness_challenger,XGBoost | missingness challenger
0.661435,186920,29534,157386,0.158003,0.841997,13909,15625,125170,32216,0.470949,0.30155,0.204694,0.470949,115652500.0,618.73,raw,10000.0,1500.0,,0.130435,economic_unconstrained,xgboost,xgboost_05_missingness_challenger,missingness_challenger,XGBoost | missingness challenger
0.66212,186920,29347,157573,0.157003,0.842997,13846,15501,125294,32279,0.471803,0.300184,0.204851,0.471803,115208500.0,616.35,raw,10000.0,1500.0,,0.130435,economic_unconstrained,xgboost,xgboost_05_missingness_challenger,missingness_challenger,XGBoost | missingness challenger
0.662978,186920,29160,157760,0.156003,0.843997,13778,15382,125413,32347,0.472497,0.29871,0.205039,0.472497,114707000.0,613.67,raw,10000.0,1500.0,,0.130435,economic_unconstrained,xgboost,xgboost_05_missingness_challenger,missingness_challenger,XGBoost | missingness challenger
0.663852,186920,28973,157947,0.155002,0.844998,13714,15259,125536,32411,0.473337,0.297322,0.205202,0.473337,114251500.0,611.23,raw,10000.0,1500.0,,0.130435,economic_unconstrained,xgboost,xgboost_05_missingness_challenger,missingness_challenger,XGBoost | missingness challenger
0.66466,186920,28786,158134,0.154002,0.845998,13653,15133,125662,32472,0.474293,0.296,0.205345,0.474293,113830500.0,608.98,raw,10000.0,1500.0,,0.130435,economic_unconstrained,xgboost,xgboost_05_missingness_challenger,missingness_challenger,XGBoost | missingness challenger
0.665449,186920,28599,158321,0.153001,0.846999,13578,15021,125774,32547,0.474772,0.294374,0.205576,0.474772,113248500.0,605.87,raw,10000.0,1500.0,,0.130435,economic_unconstrained,xgboost,xgboost_05_missingness_challenger,missingness_challenger,XGBoost | missingness challenger
0.666316,186920,28412,158508,0.152001,0.847999,13512,14900,125895,32613,0.475574,0.292943,0.20575,0.475574,112770000.0,603.31,raw,10000.0,1500.0,,0.130435,economic_unconstrained,xgboost,xgboost_05_missingness_challenger,missingness_challenger,XGBoost | missingness challenger
0.667281,186920,28225,158695,0.151,0.849,13427,14798,125997,32698,0.475713,0.2911,0.206043,0.475713,112073000.0,599.58,raw,10000.0,1500.0,,0.130435,economic_unconstrained,xgboost,xgboost_05_missingness_challenger,missingness_challenger,XGBoost | missingness challenger
0.668052,186920,28038,158882,0.15,0.85,13356,14682,126113,32769,0.476354,0.289561,0.206247,0.476354,111537000.0,596.71,raw,10000.0,1500.0,,0.130435,economic_unconstrained,xgboost,xgboost_05_missingness_challenger,missingness_challenger,XGBoost | missingness challenger
0.668885,186920,27851,159069,0.149,0.851,13292,14559,126236,32833,0.477254,0.288173,0.206407,0.477254,111081500.0,594.27,raw,10000.0,1500.0,,0.130435,economic_unconstrained,xgboost,xgboost_05_missingness_challenger,missingness_challenger,XGBoost | missingness challenger
0.669839,186920,27665,159255,0.148004,0.851996,13236,14429,126366,32889,0.478438,0.286959,0.206518,0.478438,110716500.0,592.32,raw,10000.0,1500.0,,0.130435,economic_unconstrained,xgboost,xgboost_05_missingness_challenger,missingness_challenger,XGBoost | missingness challenger
0.670687,186920,27478,159442,0.147004,0.852996,13167,14311,126484,32958,0.479183,0.285463,0.206708,0.479183,110203500.0,589.58,raw,10000.0,1500.0,,0.130435,economic_unconstrained,xgboost,xgboost_05_missingness_challenger,missingness_challenger,XGBoost | missingness challenger
0.671441,186920,27291,159629,0.146004,0.853996,13099,14192,126603,33026,0.479975,0.283989,0.206892,0.479975,109702000.0,586.89,raw,10000.0,1500.0,,0.130435,economic_unconstrained,xgboost,xgboost_05_missingness_challenger,missingness_challenger,XGBoost | missingness challenger
0.672269,186920,27104,159816,0.145003,0.854997,13022,14082,126713,33103,0.480446,0.28232,0.207132,0.480446,109097000.0,583.66,raw,10000.0,1500.0,,0.130435,economic_unconstrained,xgboost,xgboost_05_missingness_challenger,missingness_challenger,XGBoost | missingness challenger
0.673133,186920,26917,160003,0.144003,0.855997,12945,13972,126823,33180,0.480923,0.28065,0.207371,0.480923,108492000.0,580.42,raw,10000.0,1500.0,,0.130435,economic_unconstrained,xgboost,xgboost_05_missingness_challenger,missingness_challenger,XGBoost | missingness challenger
0.673959,186920,26730,160190,0.143002,0.856998,12857,13873,126922,33268,0.480995,0.278743,0.207678,0.480995,107760500.0,576.51,raw,10000.0,1500.0,,0.130435,economic_unconstrained,xgboost,xgboost_05_missingness_challenger,missingness_challenger,XGBoost | missingness challenger
0.674774,186920,26543,160377,0.142002,0.857998,12784,13759,127036,33341,0.481634,0.27716,0.207891,0.481634,107201500.0,573.52,raw,10000.0,1500.0,,0.130435,economic_unconstrained,xgboost,xgboost_05_missingness_challenger,missingness_challenger,XGBoost | missingness challenger
0.675554,186920,26356,160564,0.141001,0.858999,12708,13648,127147,33417,0.482167,0.275512,0.208123,0.482167,106608000.0,570.34,raw,10000.0,1500.0,,0.130435,economic_unconstrained,xgboost,xgboost_05_missingness_challenger,missingness_challenger,XGBoost | missingness challenger
0.676352,186920,26169,160751,0.140001,0.859999,12630,13539,127256,33495,0.482632,0.273821,0.208366,0.482632,105991500.0,567.04,raw,10000.0,1500.0,,0.130435,economic_unconstrained,xgboost,xgboost_05_missingness_challenger,missingness_challenger,XGBoost | missingness challenger
0.677237,186920,25982,160938,0.139001,0.860999,12555,13427,127368,33570,0.483219,0.272195,0.20859,0.483219,105409500.0,563.93,raw,10000.0,1500.0,,0.130435,economic_unconstrained,xgboost,xgboost_05_missingness_challenger,missingness_challenger,XGBoost | missingness challenger
0.678077,186920,25795,161125,0.138,0.862,12484,13311,127484,33641,0.48397,0.270656,0.208788,0.48397,104873500.0,561.06,raw,10000.0,1500.0,,0.130435,economic_unconstrained,xgboost,xgboost_05_missingness_challenger,missingness_challenger,XGBoost | missingness challenger
0.678904,186920,25608,161312,0.137,0.863,12412,13196,127599,33713,0.484692,0.269095,0.208993,0.484692,104326000.0,558.13,raw,10000.0,1500.0,,0.130435,economic_unconstrained,xgboost,xgboost_05_missingness_challenger,missingness_challenger,XGBoost | missingness challenger
0.679731,186920,25421,161499,0.135999,0.864001,12337,13084,127711,33788,0.485307,0.267469,0.209215,0.485307,103744000.0,555.02,raw,10000.0,1500.0,,0.130435,economic_unconstrained,xgboost,xgboost_05_missingness_challenger,missingness_challenger,XGBoost | missingness challenger
0.68065,186920,25235,161685,0.135004,0.864996,12267,12968,127827,33858,0.486111,0.265951,0.209407,0.486111,103218000.0,552.2,raw,10000.0,1500.0,,0.130435,economic_unconstrained,xgboost,xgboost_05_missingness_challenger,missingness_challenger,XGBoost | missingness challenger
0.68149,186920,25048,161872,0.134004,0.865996,12197,12851,127944,33928,0.486945,0.264434,0.209598,0.486945,102693500.0,549.4,raw,10000.0,1500.0,,0.130435,economic_unconstrained,xgboost,xgboost_05_missingness_challenger,missingness_challenger,XGBoost | missingness challenger
0.682295,186920,24861,162059,0.133003,0.866997,12123,12738,128057,34002,0.487631,0.262829,0.209812,0.487631,102123000.0,546.35,raw,10000.0,1500.0,,0.130435,economic_unconstrained,xgboost,xgboost_05_missingness_challenger,missingness_challenger,XGBoost | missingness challenger
0.683146,186920,24674,162246,0.132003,0.867997,12035,12639,128156,34090,0.48776,0.260921,0.210113,0.48776,101391500.0,542.43,raw,10000.0,1500.0,,0.130435,economic_unconstrained,xgboost,xgboost_05_missingness_challenger,missingness_challenger,XGBoost | missingness challenger
0.684117,186920,24487,162433,0.131003,0.868997,11957,12530,128265,34168,0.4883,0.25923,0.210351,0.4883,100775000.0,539.13,raw,10000.0,1500.0,,0.130435,economic_unconstrained,xgboost,xgboost_05_missingness_challenger,missingness_challenger,XGBoost | missingness challenger
0.685101,186920,24300,162620,0.130002,0.869998,11880,12420,128375,34245,0.488889,0.257561,0.210583,0.488889,100170000.0,535.9,raw,10000.0,1500.0,,0.130435,economic_unconstrained,xgboost,xgboost_05_missingness_challenger,missingness_challenger,XGBoost | missingness challenger
0.685994,186920,24113,162807,0.129002,0.870998,11807,12306,128489,34318,0.489653,0.255978,0.210789,0.489653,99611000.0,532.91,raw,10000.0,1500.0,,0.130435,economic_unconstrained,xgboost,xgboost_05_missingness_challenger,missingness_challenger,XGBoost | missingness challenger
0.686861,186920,23926,162994,0.128001,0.871999,11731,12195,128600,34394,0.490303,0.254331,0.211014,0.490303,99017500.0,529.73,raw,10000.0,1500.0,,0.130435,economic_unconstrained,xgboost,xgboost_05_missingness_challenger,missingness_challenger,XGBoost | missingness challenger
0.687771,186920,23739,163181,0.127001,0.872999,11659,12080,128715,34466,0.491133,0.25277,0.211213,0.491133,98470000.0,526.8,raw,10000.0,1500.0,,0.130435,economic_unconstrained,xgboost,xgboost_05_missingness_challenger,missingness_challenger,XGBoost | missingness challenger
0.688621,186920,23552,163368,0.126,0.874,11599,11953,128842,34526,0.492485,0.251469,0.211339,0.492485,98060500.0,524.61,raw,10000.0,1500.0,,0.130435,economic_unconstrained,xgboost,xgboost_05_missingness_challenger,missingness_challenger,XGBoost | missingness challenger
0.689507,186920,23365,163555,0.125,0.875,11526,11839,128956,34599,0.493302,0.249886,0.211544,0.493302,97501500.0,521.62,raw,10000.0,1500.0,,0.130435,economic_unconstrained,xgboost,xgboost_05_missingness_challenger,missingness_challenger,XGBoost | missingness challenger
0.690467,186920,23178,163742,0.124,0.876,11437,11741,129054,34688,0.493442,0.247957,0.211845,0.493442,96758500.0,517.65,raw,10000.0,1500.0,,0.130435,economic_unconstrained,xgboost,xgboost_05_missingness_challenger,missingness_challenger,XGBoost | missingness challenger
0.691401,186920,22992,163928,0.123004,0.876996,11361,11631,129164,34764,0.494128,0.246309,0.212069,0.494128,96163500.0,514.46,raw,10000.0,1500.0,,0.130435,economic_unconstrained,xgboost,xgboost_05_missingness_challenger,missingness_challenger,XGBoost | missingness challenger
0.692301,186920,22805,164115,0.122004,0.877996,11278,11527,129268,34847,0.494541,0.244509,0.212333,0.494541,95489500.0,510.86,raw,10000.0,1500.0,,0.130435,economic_unconstrained,xgboost,xgboost_05_missingness_challenger,missingness_challenger,XGBoost | missingness challenger
0.693168,186920,22618,164302,0.121004,0.878996,11210,11408,129387,34915,0.495623,0.243035,0.212505,0.495623,94988000.0,508.17,raw,10000.0,1500.0,,0.130435,economic_unconstrained,xgboost,xgboost_05_missingness_challenger,missingness_challenger,XGBoost | missingness challenger
0.694143,186920,22431,164489,0.120003,0.879997,11141,11290,129505,34984,0.496679,0.241539,0.212683,0.496679,94475000.0,505.43,raw,10000.0,1500.0,,0.130435,economic_unconstrained,xgboost,xgboost_05_missingness_challenger,missingness_challenger,XGBoost | missingness challenger
0.694995,186920,22244,164676,0.119003,0.880997,11069,11175,129620,35056,0.497617,0.239978,0.212879,0.497617,93927500.0,502.5,raw,10000.0,1500.0,,0.130435,economic_unconstrained,xgboost,xgboost_05_missingness_challenger,missingness_challenger,XGBoost | missingness challenger
0.695871,186920,22057,164863,0.118002,0.881998,10993,11064,129731,35132,0.498391,0.238331,0.213098,0.498391,93334000.0,499.33,raw,10000.0,1500.0,,0.130435,economic_unconstrained,xgboost,xgboost_05_missingness_challenger,missingness_challenger,XGBoost | missingness challenger
0.696723,186920,21870,165050,0.117002,0.882998,10910,10960,129835,35215,0.498857,0.236531,0.21336,0.498857,92660000.0,495.72,raw,10000.0,1500.0,,0.130435,economic_unconstrained,xgboost,xgboost_05_missingness_challenger,missingness_challenger,XGBoost | missingness challenger
0.697557,186920,21683,165237,0.116001,0.883999,10834,10849,129946,35291,0.499654,0.234883,0.213578,0.499654,92066500.0,492.54,raw,10000.0,1500.0,,0.130435,economic_unconstrained,xgboost,xgboost_05_missingness_challenger,missingness_challenger,XGBoost | missingness challenger
0.698466,186920,21496,165424,0.115001,0.884999,10751,10745,130050,35374,0.50014,0.233084,0.213838,0.50014,91392500.0,488.94,raw,10000.0,1500.0,,0.130435,economic_unconstrained,xgboost,xgboost_05_missingness_challenger,missingness_challenger,XGBoost | missingness challenger
0.699381,186920,21309,165611,0.114001,0.885999,10672,10637,130158,35453,0.500821,0.231371,0.214074,0.500821,90764500.0,485.58,raw,10000.0,1500.0,,0.130435,economic_unconstrained,xgboost,xgboost_05_missingness_challenger,missingness_challenger,XGBoost | missingness challenger
0.700355,186920,21122,165798,0.113,0.887,10589,10533,130262,35536,0.501326,0.229572,0.214333,0.501326,90090500.0,481.97,raw,10000.0,1500.0,,0.130435,economic_unconstrained,xgboost,xgboost_05_missingness_challenger,missingness_challenger,XGBoost | missingness challenger
0.701246,186920,20935,165985,0.112,0.888,10521,10414,130381,35604,0.502556,0.228098,0.214501,0.502556,89589000.0,479.29,raw,10000.0,1500.0,,0.130435,economic_unconstrained,xgboost,xgboost_05_missingness_challenger,missingness_challenger,XGBoost | missingness challenger
0.702123,186920,20749,166171,0.111005,0.888995,10450,10299,130496,35675,0.503639,0.226558,0.214688,0.503639,89051500.0,476.42,raw,10000.0,1500.0,,0.130435,economic_unconstrained,xgboost,xgboost_05_missingness_challenger,missingness_challenger,XGBoost | missingness challenger
0.703078,186920,20562,166358,0.110004,0.889996,10371,10191,130604,35754,0.504377,0.224846,0.214922,0.504377,88423500.0,473.06,raw,10000.0,1500.0,,0.130435,economic_unconstrained,xgboost,xgboost_05_missingness_challenger,missingness_challenger,XGBoost | missingness challenger
0.703931,186920,20375,166545,0.109004,0.890996,10295,10080,130715,35830,0.505276,0.223198,0.215137,0.505276,87830000.0,469.88,raw,10000.0,1500.0,,0.130435,economic_unconstrained,xgboost,xgboost_05_missingness_challenger,missingness_challenger,XGBoost | missingness challenger
0.704839,186920,20188,166732,0.108003,0.891997,10225,9963,130832,35900,0.506489,0.22168,0.215316,0.506489,87305500.0,467.07,raw,10000.0,1500.0,,0.130435,economic_unconstrained,xgboost,xgboost_05_missingness_challenger,missingness_challenger,XGBoost | missingness challenger
0.705746,186920,20001,166919,0.107003,0.892997,10158,9843,130952,35967,0.507875,0.220228,0.215476,0.507875,86815500.0,464.45,raw,10000.0,1500.0,,0.130435,economic_unconstrained,xgboost,xgboost_05_missingness_challenger,missingness_challenger,XGBoost | missingness challenger
0.706706,186920,19814,167106,0.106003,0.893997,10089,9725,131070,36036,0.509185,0.218732,0.215648,0.509185,86302500.0,461.71,raw,10000.0,1500.0,,0.130435,economic_unconstrained,xgboost,xgboost_05_missingness_challenger,missingness_challenger,XGBoost | missingness challenger
0.707713,186920,19627,167293,0.105002,0.894998,10009,9618,131177,36116,0.509961,0.216997,0.215885,0.509961,85663000.0,458.29,raw,10000.0,1500.0,,0.130435,economic_unconstrained,xgboost,xgboost_05_missingness_challenger,missingness_challenger,XGBoost | missingness challenger
0.708648,186920,19440,167480,0.104002,0.895998,9933,9507,131288,36192,0.510957,0.21535,0.216097,0.510957,85069500.0,455.11,raw,10000.0,1500.0,,0.130435,economic_unconstrained,xgboost,xgboost_05_missingness_challenger,missingness_challenger,XGBoost | missingness challenger
0.70966,186920,19253,167667,0.103001,0.896999,9869,9384,131411,36256,0.512595,0.213962,0.216238,0.512595,84614000.0,452.67,raw,10000.0,1500.0,,0.130435,economic_unconstrained,xgboost,xgboost_05_missingness_challenger,missingness_challenger,XGBoost | missingness challenger
0.710703,186920,19066,167854,0.102001,0.897999,9783,9283,131512,36342,0.513112,0.212098,0.21651,0.513112,83905500.0,448.88,raw,10000.0,1500.0,,0.130435,economic_unconstrained,xgboost,xgboost_05_missingness_challenger,missingness_challenger,XGBoost | missingness challenger
0.711619,186920,18879,168041,0.101,0.899,9709,9170,131625,36416,0.514275,0.210493,0.216709,0.514275,83335000.0,445.83,raw,10000.0,1500.0,,0.130435,economic_unconstrained,xgboost,xgboost_05_missingness_challenger,missingness_challenger,XGBoost | missingness challenger
0.71265,186920,18692,168228,0.1,0.9,9613,9079,131716,36512,0.514284,0.208412,0.217039,0.514284,82511500.0,441.43,raw,10000.0,1500.0,,0.130435,economic_unconstrained,xgboost,xgboost_05_missingness_challenger,missingness_challenger,XGBoost | missingness challenger
0.713648,186920,18505,168415,0.099,0.901,9534,8971,131824,36591,0.515212,0.206699,0.217267,0.515212,81883500.0,438.07,raw,10000.0,1500.0,,0.130435,economic_unconstrained,xgboost,xgboost_05_missingness_challenger,missingness_challenger,XGBoost | missingness challenger
0.714787,186920,18319,168601,0.098004,0.901996,9447,8872,131923,36678,0.515694,0.204813,0.217543,0.515694,81162000.0,434.21,raw,10000.0,1500.0,,0.130435,economic_unconstrained,xgboost,xgboost_05_missingness_challenger,missingness_challenger,XGBoost | missingness challenger
0.715715,186920,18132,168788,0.097004,0.902996,9363,8769,132026,36762,0.51638,0.202992,0.2178,0.51638,80476500.0,430.54,raw,10000.0,1500.0,,0.130435,economic_unconstrained,xgboost,xgboost_05_missingness_challenger,missingness_challenger,XGBoost | missingness challenger
0.716804,186920,17945,168975,0.096004,0.903996,9284,8661,132134,36841,0.517359,0.201279,0.218026,0.517359,79848500.0,427.18,raw,10000.0,1500.0,,0.130435,economic_unconstrained,xgboost,xgboost_05_missingness_challenger,missingness_challenger,XGBoost | missingness challenger
0.717782,186920,17758,169162,0.095003,0.904997,9186,8572,132223,36939,0.517288,0.199154,0.218365,0.517288,79002000.0,422.65,raw,10000.0,1500.0,,0.130435,economic_unconstrained,xgboost,xgboost_05_missingness_challenger,missingness_challenger,XGBoost | missingness challenger
0.718776,186920,17571,169349,0.094003,0.905997,9094,8477,132318,37031,0.517557,0.19716,0.218667,0.517557,78224500.0,418.49,raw,10000.0,1500.0,,0.130435,economic_unconstrained,xgboost,xgboost_05_missingness_challenger,missingness_challenger,XGBoost | missingness challenger
0.720023,186920,17384,169536,0.093002,0.906998,9014,8370,132425,37111,0.518523,0.195425,0.218897,0.518523,77585000.0,415.07,raw,10000.0,1500.0,,0.130435,economic_unconstrained,xgboost,xgboost_05_missingness_challenger,missingness_challenger,XGBoost | missingness challenger
0.721156,186920,17197,169723,0.092002,0.907998,8934,8263,132532,37191,0.519509,0.193691,0.219128,0.519509,76945500.0,411.65,raw,10000.0,1500.0,,0.130435,economic_unconstrained,xgboost,xgboost_05_missingness_challenger,missingness_challenger,XGBoost | missingness challenger
0.722193,186920,17010,169910,0.091001,0.908999,8856,8154,132641,37269,0.520635,0.192,0.219346,0.520635,76329000.0,408.35,raw,10000.0,1500.0,,0.130435,economic_unconstrained,xgboost,xgboost_05_missingness_challenger,missingness_challenger,XGBoost | missingness challenger
0.723151,186920,16823,170097,0.090001,0.909999,8767,8056,132739,37358,0.521132,0.19007,0.219628,0.521132,75586000.0,404.38,raw,10000.0,1500.0,,0.130435,economic_unconstrained,xgboost,xgboost_05_missingness_challenger,missingness_challenger,XGBoost | missingness challenger
0.724225,186920,16636,170284,0.089001,0.910999,8685,7951,132844,37440,0.522061,0.188293,0.219868,0.522061,74923500.0,400.83,raw,10000.0,1500.0,,0.130435,economic_unconstrained,xgboost,xgboost_05_missingness_challenger,missingness_challenger,XGBoost | missingness challenger
0.725346,186920,16449,170471,0.088,0.912,8603,7846,132949,37522,0.523011,0.186515,0.220108,0.523011,74261000.0,397.29,raw,10000.0,1500.0,,0.130435,economic_unconstrained,xgboost,xgboost_05_missingness_challenger,missingness_challenger,XGBoost | missingness challenger
0.726347,186920,16263,170657,0.087005,0.912995,8529,7734,133061,37596,0.524442,0.184911,0.220302,0.524442,73689000.0,394.23,raw,10000.0,1500.0,,0.130435,economic_unconstrained,xgboost,xgboost_05_missingness_challenger,missingness_challenger,XGBoost | missingness challenger
0.727358,186920,16076,170844,0.086005,0.913995,8441,7635,133160,37684,0.525068,0.183003,0.220575,0.525068,72957500.0,390.31,raw,10000.0,1500.0,,0.130435,economic_unconstrained,xgboost,xgboost_05_missingness_challenger,missingness_challenger,XGBoost | missingness challenger
0.728413,186920,15889,171031,0.085004,0.914996,8360,7529,133266,37765,0.52615,0.181247,0.220808,0.52615,72306500.0,386.83,raw,10000.0,1500.0,,0.130435,economic_unconstrained,xgboost,xgboost_05_missingness_challenger,missingness_challenger,XGBoost | missingness challenger
0.729434,186920,15702,171218,0.084004,0.915996,8277,7425,133370,37848,0.52713,0.179447,0.221052,0.52713,71632500.0,383.23,raw,10000.0,1500.0,,0.130435,economic_unconstrained,xgboost,xgboost_05_missingness_challenger,missingness_challenger,XGBoost | missingness challenger
0.730422,186920,15515,171405,0.083003,0.916997,8188,7327,133468,37937,0.527747,0.177518,0.22133,0.527747,70889500.0,379.25,raw,10000.0,1500.0,,0.130435,economic_unconstrained,xgboost,xgboost_05_missingness_challenger,missingness_challenger,XGBoost | missingness challenger
0.731605,186920,15328,171592,0.082003,0.917997,8095,7233,133562,38030,0.528118,0.175501,0.22163,0.528118,70100500.0,375.03,raw,10000.0,1500.0,,0.130435,economic_unconstrained,xgboost,xgboost_05_missingness_challenger,missingness_challenger,XGBoost | missingness challenger
0.732683,186920,15141,171779,0.081003,0.918997,8009,7132,133663,38116,0.528961,0.173637,0.22189,0.528961,69392000.0,371.24,raw,10000.0,1500.0,,0.130435,economic_unconstrained,xgboost,xgboost_05_missingness_challenger,missingness_challenger,XGBoost | missingness challenger
0.733892,186920,14954,171966,0.080002,0.919998,7933,7021,133774,38192,0.530494,0.171989,0.22209,0.530494,68798500.0,368.06,raw,10000.0,1500.0,,0.130435,economic_unconstrained,xgboost,xgboost_05_missingness_challenger,missingness_challenger,XGBoost | missingness challenger
0.73502,186920,14767,172153,0.079002,0.920998,7846,6921,133874,38279,0.53132,0.170103,0.222355,0.53132,68078500.0,364.21,raw,10000.0,1500.0,,0.130435,economic_unconstrained,xgboost,xgboost_05_missingness_challenger,missingness_challenger,XGBoost | missingness challenger
0.73613,186920,14580,172340,0.078001,0.921999,7759,6821,133974,38366,0.532167,0.168217,0.222618,0.532167,67358500.0,360.36,raw,10000.0,1500.0,,0.130435,economic_unconstrained,xgboost,xgboost_05_missingness_challenger,missingness_challenger,XGBoost | missingness challenger
0.737205,186920,14393,172527,0.077001,0.922999,7678,6715,134080,38447,0.533454,0.166461,0.222846,0.533454,66707500.0,356.88,raw,10000.0,1500.0,,0.130435,economic_unconstrained,xgboost,xgboost_05_missingness_challenger,missingness_challenger,XGBoost | missingness challenger
0.738337,186920,14206,172714,0.076,0.924,7593,6613,134182,38532,0.534492,0.164618,0.223097,0.534492,66010500.0,353.15,raw,10000.0,1500.0,,0.130435,economic_unconstrained,xgboost,xgboost_05_missingness_challenger,missingness_challenger,XGBoost | missingness challenger
0.739433,186920,14019,172901,0.075,0.925,7504,6515,134280,38621,0.535274,0.162688,0.223371,0.535274,65267500.0,349.17,raw,10000.0,1500.0,,0.130435,economic_unconstrained,xgboost,xgboost_05_missingness_challenger,missingness_challenger,XGBoost | missingness challenger
0.740662,186920,13833,173087,0.074005,0.925995,7415,6418,134377,38710,0.536037,0.160759,0.223645,0.536037,64523000.0,345.19,raw,10000.0,1500.0,,0.130435,economic_unconstrained,xgboost,xgboost_05_missingness_challenger,missingness_challenger,XGBoost | missingness challenger
0.741947,186920,13646,173274,0.073004,0.926996,7327,6319,134476,38798,0.536934,0.158851,0.223911,0.536934,63791500.0,341.28,raw,10000.0,1500.0,,0.130435,economic_unconstrained,xgboost,xgboost_05_missingness_challenger,missingness_challenger,XGBoost | missingness challenger
0.743134,186920,13459,173461,0.072004,0.927996,7243,6216,134579,38882,0.538153,0.15703,0.224154,0.538153,63106000.0,337.61,raw,10000.0,1500.0,,0.130435,economic_unconstrained,xgboost,xgboost_05_missingness_challenger,missingness_challenger,XGBoost | missingness challenger
0.744283,186920,13272,173648,0.071004,0.928996,7150,6122,134673,38975,0.538728,0.155014,0.224448,0.538728,62317000.0,333.39,raw,10000.0,1500.0,,0.130435,economic_unconstrained,xgboost,xgboost_05_missingness_challenger,missingness_challenger,XGBoost | missingness challenger
0.745565,186920,13085,173835,0.070003,0.929997,7071,6014,134781,39054,0.54039,0.153301,0.224661,0.54039,61689000.0,330.03,raw,10000.0,1500.0,,0.130435,economic_unconstrained,xgboost,xgboost_05_missingness_challenger,missingness_challenger,XGBoost | missingness challenger
0.746713,186920,12898,174022,0.069003,0.930997,6987,5911,134884,39138,0.541712,0.15148,0.224903,0.541712,61003500.0,326.36,raw,10000.0,1500.0,,0.130435,economic_unconstrained,xgboost,xgboost_05_missingness_challenger,missingness_challenger,XGBoost | missingness challenger
0.747909,186920,12711,174209,0.068002,0.931998,6911,5800,134995,39214,0.543702,0.149832,0.225097,0.543702,60410000.0,323.19,raw,10000.0,1500.0,,0.130435,economic_unconstrained,xgboost,xgboost_05_missingness_challenger,missingness_challenger,XGBoost | missingness challenger
0.749028,186920,12524,174396,0.067002,0.932998,6823,5701,135094,39302,0.544794,0.147924,0.225361,0.544794,59678500.0,319.27,raw,10000.0,1500.0,,0.130435,economic_unconstrained,xgboost,xgboost_05_missingness_challenger,missingness_challenger,XGBoost | missingness challenger
0.750253,186920,12337,174583,0.066001,0.933999,6736,5601,135194,39389,0.546,0.146038,0.225618,0.546,58958500.0,315.42,raw,10000.0,1500.0,,0.130435,economic_unconstrained,xgboost,xgboost_05_missingness_challenger,missingness_challenger,XGBoost | missingness challenger
0.751516,186920,12150,174770,0.065001,0.934999,6634,5516,135279,39491,0.546008,0.143827,0.22596,0.546008,58066000.0,310.65,raw,10000.0,1500.0,,0.130435,economic_unconstrained,xgboost,xgboost_05_missingness_challenger,missingness_challenger,XGBoost | missingness challenger
0.752641,186920,11963,174957,0.064001,0.935999,6545,5418,135377,39580,0.547104,0.141897,0.226227,0.547104,57323000.0,306.67,raw,10000.0,1500.0,,0.130435,economic_unconstrained,xgboost,xgboost_05_missingness_challenger,missingness_challenger,XGBoost | missingness challenger
0.753828,186920,11776,175144,0.063,0.937,6453,5323,135472,39672,0.547979,0.139902,0.226511,0.547979,56545500.0,302.51,raw,10000.0,1500.0,,0.130435,economic_unconstrained,xgboost,xgboost_05_missingness_challenger,missingness_challenger,XGBoost | missingness challenger
0.755082,186920,11589,175331,0.062,0.938,6358,5231,135564,39767,0.548624,0.137843,0.226811,0.548624,55733500.0,298.17,raw,10000.0,1500.0,,0.130435,economic_unconstrained,xgboost,xgboost_05_missingness_challenger,missingness_challenger,XGBoost | missingness challenger
0.756239,186920,11403,175517,0.061005,0.938995,6273,5130,135665,39852,0.550118,0.136,0.227055,0.550118,55035000.0,294.43,raw,10000.0,1500.0,,0.130435,economic_unconstrained,xgboost,xgboost_05_missingness_challenger,missingness_challenger,XGBoost | missingness challenger
0.757563,186920,11216,175704,0.060004,0.939996,6169,5047,135748,39956,0.550018,0.133745,0.227405,0.550018,54119500.0,289.53,raw,10000.0,1500.0,,0.130435,economic_unconstrained,xgboost,xgboost_05_missingness_challenger,missingness_challenger,XGBoost | missingness challenger
0.758841,186920,11029,175891,0.059004,0.940996,6077,4952,135843,40048,0.551002,0.131751,0.227686,0.551002,53342000.0,285.37,raw,10000.0,1500.0,,0.130435,economic_unconstrained,xgboost,xgboost_05_missingness_challenger,missingness_challenger,XGBoost | missingness challenger
0.760095,186920,10842,176078,0.058003,0.941997,5987,4855,135940,40138,0.552204,0.129799,0.227956,0.552204,52587500.0,281.34,raw,10000.0,1500.0,,0.130435,economic_unconstrained,xgboost,xgboost_05_missingness_challenger,missingness_challenger,XGBoost | missingness challenger
0.761556,186920,10655,176265,0.057003,0.942997,5898,4757,136038,40227,0.553543,0.12787,0.228219,0.553543,51844500.0,277.36,raw,10000.0,1500.0,,0.130435,economic_unconstrained,xgboost,xgboost_05_missingness_challenger,missingness_challenger,XGBoost | missingness challenger
0.762966,186920,10468,176452,0.056003,0.943997,5805,4663,136132,40320,0.554547,0.125854,0.228504,0.554547,51055500.0,273.14,raw,10000.0,1500.0,,0.130435,economic_unconstrained,xgboost,xgboost_05_missingness_challenger,missingness_challenger,XGBoost | missingness challenger
0.764236,186920,10281,176639,0.055002,0.944998,5717,4564,136231,40408,0.556074,0.123946,0.22876,0.556074,50324000.0,269.23,raw,10000.0,1500.0,,0.130435,economic_unconstrained,xgboost,xgboost_05_missingness_challenger,missingness_challenger,XGBoost | missingness challenger
0.765355,186920,10094,176826,0.054002,0.945998,5622,4472,136323,40503,0.556965,0.121886,0.229056,0.556965,49512000.0,264.88,raw,10000.0,1500.0,,0.130435,economic_unconstrained,xgboost,xgboost_05_missingness_challenger,missingness_challenger,XGBoost | missingness challenger
0.766643,186920,9907,177013,0.053001,0.946999,5529,4378,136417,40596,0.55809,0.11987,0.229339,0.55809,48723000.0,260.66,raw,10000.0,1500.0,,0.130435,economic_unconstrained,xgboost,xgboost_05_missingness_challenger,missingness_challenger,XGBoost | missingness challenger
0.767977,186920,9720,177200,0.052001,0.947999,5439,4281,136514,40686,0.559568,0.117919,0.229605,0.559568,47968500.0,256.63,raw,10000.0,1500.0,,0.130435,economic_unconstrained,xgboost,xgboost_05_missingness_challenger,missingness_challenger,XGBoost | missingness challenger
0.769486,186920,9533,177387,0.051,0.949,5349,4184,136611,40776,0.561104,0.115967,0.22987,0.561104,47214000.0,252.59,raw,10000.0,1500.0,,0.130435,economic_unconstrained,xgboost,xgboost_05_missingness_challenger,missingness_challenger,XGBoost | missingness challenger
0.770924,186920,9346,177574,0.05,0.95,5247,4099,136696,40878,0.561417,0.113756,0.230203,0.561417,46321500.0,247.81,raw,10000.0,1500.0,,0.130435,economic_unconstrained,xgboost,xgboost_05_missingness_challenger,missingness_challenger,XGBoost | missingness challenger
0.77232,186920,9160,177760,0.049005,0.950995,5154,4006,136789,40971,0.562664,0.11174,0.230485,0.562664,45531000.0,243.59,raw,10000.0,1500.0,,0.130435,economic_unconstrained,xgboost,xgboost_05_missingness_challenger,missingness_challenger,XGBoost | missingness challenger
0.77371,186920,8973,177947,0.048004,0.951996,5049,3924,136871,41076,0.562688,0.109463,0.230833,0.562688,44604000.0,238.63,raw,10000.0,1500.0,,0.130435,economic_unconstrained,xgboost,xgboost_05_missingness_challenger,missingness_challenger,XGBoost | missingness challenger
0.775147,186920,8786,178134,0.047004,0.952996,4957,3829,136966,41168,0.564193,0.107469,0.231107,0.564193,43826500.0,234.47,raw,10000.0,1500.0,,0.130435,economic_unconstrained,xgboost,xgboost_05_missingness_challenger,missingness_challenger,XGBoost | missingness challenger
0.776565,186920,8599,178321,0.046004,0.953996,4863,3736,137059,41262,0.565531,0.105431,0.231392,0.565531,43026000.0,230.18,raw,10000.0,1500.0,,0.130435,economic_unconstrained,xgboost,xgboost_05_missingness_challenger,missingness_challenger,XGBoost | missingness challenger
0.778046,186920,8412,178508,0.045003,0.954997,4753,3659,137136,41372,0.565026,0.103046,0.231766,0.565026,42041500.0,224.92,raw,10000.0,1500.0,,0.130435,economic_unconstrained,xgboost,xgboost_05_missingness_challenger,missingness_challenger,XGBoost | missingness challenger
0.77959,186920,8225,178695,0.044003,0.955997,4657,3568,137227,41468,0.566201,0.100965,0.23206,0.566201,41218000.0,220.51,raw,10000.0,1500.0,,0.130435,economic_unconstrained,xgboost,xgboost_05_missingness_challenger,missingness_challenger,XGBoost | missingness challenger
0.781077,186920,8038,178882,0.043002,0.956998,4560,3478,137317,41565,0.567305,0.098862,0.23236,0.567305,40383000.0,216.04,raw,10000.0,1500.0,,0.130435,economic_unconstrained,xgboost,xgboost_05_missingness_challenger,missingness_challenger,XGBoost | missingness challenger
0.782466,186920,7851,179069,0.042002,0.957998,4467,3384,137411,41658,0.568972,0.096846,0.232637,0.568972,39594000.0,211.82,raw,10000.0,1500.0,,0.130435,economic_unconstrained,xgboost,xgboost_05_missingness_challenger,missingness_challenger,XGBoost | missingness challenger
0.784006,186920,7664,179256,0.041001,0.958999,4375,3289,137506,41750,0.570851,0.094851,0.232907,0.570851,38816500.0,207.66,raw,10000.0,1500.0,,0.130435,economic_unconstrained,xgboost,xgboost_05_missingness_challenger,missingness_challenger,XGBoost | missingness challenger
0.785517,186920,7477,179443,0.040001,0.959999,4279,3198,137597,41846,0.572288,0.09277,0.233199,0.572288,37993000.0,203.26,raw,10000.0,1500.0,,0.130435,economic_unconstrained,xgboost,xgboost_05_missingness_challenger,missingness_challenger,XGBoost | missingness challenger
0.786894,186920,7290,179630,0.039001,0.960999,4193,3097,137698,41932,0.575171,0.090905,0.233435,0.575171,37284500.0,199.47,raw,10000.0,1500.0,,0.130435,economic_unconstrained,xgboost,xgboost_05_missingness_challenger,missingness_challenger,XGBoost | missingness challenger
0.788415,186920,7103,179817,0.038,0.962,4108,2995,137800,42017,0.578347,0.089062,0.233665,0.578347,36587500.0,195.74,raw,10000.0,1500.0,,0.130435,economic_unconstrained,xgboost,xgboost_05_missingness_challenger,missingness_challenger,XGBoost | missingness challenger
0.79004,186920,6917,180003,0.037005,0.962995,4004,2913,137882,42121,0.578864,0.086808,0.234002,0.578864,35670500.0,190.83,raw,10000.0,1500.0,,0.130435,economic_unconstrained,xgboost,xgboost_05_missingness_challenger,missingness_challenger,XGBoost | missingness challenger
0.791664,186920,6730,180190,0.036005,0.963995,3913,2817,137978,42212,0.581426,0.084835,0.234264,0.581426,34904500.0,186.73,raw,10000.0,1500.0,,0.130435,economic_unconstrained,xgboost,xgboost_05_missingness_challenger,missingness_challenger,XGBoost | missingness challenger
0.793059,186920,6543,180377,0.035004,0.964996,3805,2738,138057,42320,0.581538,0.082493,0.23462,0.581538,33943000.0,181.59,raw,10000.0,1500.0,,0.130435,economic_unconstrained,xgboost,xgboost_05_missingness_challenger,missingness_challenger,XGBoost | missingness challenger
0.794735,186920,6356,180564,0.034004,0.965996,3718,2638,138157,42407,0.584959,0.080607,0.234859,0.584959,33223000.0,177.74,raw,10000.0,1500.0,,0.130435,economic_unconstrained,xgboost,xgboost_05_missingness_challenger,missingness_challenger,XGBoost | missingness challenger
0.796375,186920,6169,180751,0.033003,0.966997,3624,2545,138250,42501,0.587453,0.078569,0.235136,0.587453,32422500.0,173.46,raw,10000.0,1500.0,,0.130435,economic_unconstrained,xgboost,xgboost_05_missingness_challenger,missingness_challenger,XGBoost | missingness challenger
0.798163,186920,5982,180938,0.032003,0.967997,3525,2457,138338,42600,0.589268,0.076423,0.23544,0.589268,31564500.0,168.87,raw,10000.0,1500.0,,0.130435,economic_unconstrained,xgboost,xgboost_05_missingness_challenger,missingness_challenger,XGBoost | missingness challenger
0.799757,186920,5795,181125,0.031003,0.968997,3429,2366,138429,42696,0.591717,0.074341,0.235727,0.591717,30741000.0,164.46,raw,10000.0,1500.0,,0.130435,economic_unconstrained,xgboost,xgboost_05_missingness_challenger,missingness_challenger,XGBoost | missingness challenger
0.801522,186920,5608,181312,0.030002,0.969998,3336,2272,138523,42789,0.594864,0.072325,0.235997,0.594864,29952000.0,160.24,raw,10000.0,1500.0,,0.130435,economic_unconstrained,xgboost,xgboost_05_missingness_challenger,missingness_challenger,XGBoost | missingness challenger
0.803191,186920,5421,181499,0.029002,0.970998,3231,2190,138605,42894,0.596015,0.070049,0.236332,0.596015,29025000.0,155.28,raw,10000.0,1500.0,,0.130435,economic_unconstrained,xgboost,xgboost_05_missingness_challenger,missingness_challenger,XGBoost | missingness challenger
0.804783,186920,5234,181686,0.028001,0.971999,3121,2113,138682,43004,0.596293,0.067664,0.236694,0.596293,28040500.0,150.01,raw,10000.0,1500.0,,0.130435,economic_unconstrained,xgboost,xgboost_05_missingness_challenger,missingness_challenger,XGBoost | missingness challenger
0.806543,186920,5047,181873,0.027001,0.972999,3019,2028,138767,43106,0.598177,0.065453,0.237012,0.598177,27148000.0,145.24,raw,10000.0,1500.0,,0.130435,economic_unconstrained,xgboost,xgboost_05_missingness_challenger,missingness_challenger,XGBoost | missingness challenger
0.808438,186920,4860,182060,0.026,0.974,2912,1948,138847,43213,0.599177,0.063133,0.237356,0.599177,26198000.0,140.16,raw,10000.0,1500.0,,0.130435,economic_unconstrained,xgboost,xgboost_05_missingness_challenger,missingness_challenger,XGBoost | missingness challenger
0.810269,186920,4673,182247,0.025,0.975,2806,1867,138928,43319,0.600471,0.060835,0.237694,0.600471,25259500.0,135.14,raw,10000.0,1500.0,,0.130435,economic_unconstrained,xgboost,xgboost_05_missingness_challenger,missingness_challenger,XGBoost | missingness challenger
0.812094,186920,4487,182433,0.024005,0.975995,2698,1789,139006,43427,0.601293,0.058493,0.238044,0.601293,24296500.0,129.98,raw,10000.0,1500.0,,0.130435,economic_unconstrained,xgboost,xgboost_05_missingness_challenger,missingness_challenger,XGBoost | missingness challenger
0.814166,186920,4300,182620,0.023004,0.976996,2604,1696,139099,43521,0.605581,0.056455,0.238315,0.605581,23496000.0,125.7,raw,10000.0,1500.0,,0.130435,economic_unconstrained,xgboost,xgboost_05_missingness_challenger,missingness_challenger,XGBoost | missingness challenger
0.815972,186920,4113,182807,0.022004,0.977996,2501,1612,139183,43624,0.608072,0.054222,0.238634,0.608072,22592000.0,120.86,raw,10000.0,1500.0,,0.130435,economic_unconstrained,xgboost,xgboost_05_missingness_challenger,missingness_challenger,XGBoost | missingness challenger
0.817922,186920,3926,182994,0.021004,0.978996,2400,1526,139269,43725,0.611309,0.052033,0.238942,0.611309,21711000.0,116.15,raw,10000.0,1500.0,,0.130435,economic_unconstrained,xgboost,xgboost_05_missingness_challenger,missingness_challenger,XGBoost | missingness challenger
0.820089,186920,3739,183181,0.020003,0.979997,2285,1454,139341,43840,0.611126,0.049539,0.239326,0.611126,20669000.0,110.58,raw,10000.0,1500.0,,0.130435,economic_unconstrained,xgboost,xgboost_05_missingness_challenger,missingness_challenger,XGBoost | missingness challenger
0.8221,186920,3552,183368,0.019003,0.980997,2175,1377,139418,43950,0.612331,0.047154,0.239682,0.612331,19684500.0,105.31,raw,10000.0,1500.0,,0.130435,economic_unconstrained,xgboost,xgboost_05_missingness_challenger,missingness_challenger,XGBoost | missingness challenger
0.824257,186920,3365,183555,0.018002,0.981998,2076,1289,139506,44049,0.616939,0.045008,0.239977,0.616939,18826500.0,100.72,raw,10000.0,1500.0,,0.130435,economic_unconstrained,xgboost,xgboost_05_missingness_challenger,missingness_challenger,XGBoost | missingness challenger
0.826464,186920,3178,183742,0.017002,0.982998,1983,1195,139600,44142,0.623977,0.042992,0.240239,0.623977,18037500.0,96.5,raw,10000.0,1500.0,,0.130435,economic_unconstrained,xgboost,xgboost_05_missingness_challenger,missingness_challenger,XGBoost | missingness challenger
0.828535,186920,2991,183929,0.016001,0.983999,1880,1111,139684,44245,0.628552,0.040759,0.240555,0.628552,17133500.0,91.66,raw,10000.0,1500.0,,0.130435,economic_unconstrained,xgboost,xgboost_05_missingness_challenger,missingness_challenger,XGBoost | missingness challenger
0.830793,186920,2804,184116,0.015001,0.984999,1776,1028,139767,44349,0.633381,0.038504,0.240875,0.633381,16218000.0,86.76,raw,10000.0,1500.0,,0.130435,economic_unconstrained,xgboost,xgboost_05_missingness_challenger,missingness_challenger,XGBoost | missingness challenger
0.832951,186920,2617,184303,0.014001,0.985999,1665,952,139843,44460,0.636225,0.036098,0.241233,0.636225,15222000.0,81.44,raw,10000.0,1500.0,,0.130435,economic_unconstrained,xgboost,xgboost_05_missingness_challenger,missingness_challenger,XGBoost | missingness challenger
0.835362,186920,2430,184490,0.013,0.987,1564,866,139929,44561,0.643621,0.033908,0.241536,0.643621,14341000.0,76.72,raw,10000.0,1500.0,,0.130435,economic_unconstrained,xgboost,xgboost_05_missingness_challenger,missingness_challenger,XGBoost | missingness challenger
0.838246,186920,2244,184676,0.012005,0.987995,1446,798,139997,44679,0.644385,0.03135,0.241932,0.644385,13263000.0,70.96,raw,10000.0,1500.0,,0.130435,economic_unconstrained,xgboost,xgboost_05_missingness_challenger,missingness_challenger,XGBoost | missingness challenger
0.841113,186920,2057,184863,0.011005,0.988995,1326,731,140064,44799,0.644628,0.028748,0.242336,0.644628,12163500.0,65.07,raw,10000.0,1500.0,,0.130435,economic_unconstrained,xgboost,xgboost_05_missingness_challenger,missingness_challenger,XGBoost | missingness challenger
0.844148,186920,1870,185050,0.010004,0.989996,1197,673,140122,44928,0.640107,0.025951,0.242788,0.640107,10960500.0,58.64,raw,10000.0,1500.0,,0.130435,economic_unconstrained,xgboost,xgboost_05_missingness_challenger,missingness_challenger,XGBoost | missingness challenger
0.847015,186920,1683,185237,0.009004,0.990996,1085,598,140197,45040,0.644682,0.023523,0.243148,0.644682,9953000.0,53.25,raw,10000.0,1500.0,,0.130435,economic_unconstrained,xgboost,xgboost_05_missingness_challenger,missingness_challenger,XGBoost | missingness challenger
0.850079,186920,1496,185424,0.008003,0.991997,969,527,140268,45156,0.647727,0.021008,0.243528,0.647727,8899500.0,47.61,raw,10000.0,1500.0,,0.130435,economic_unconstrained,xgboost,xgboost_05_missingness_challenger,missingness_challenger,XGBoost | missingness challenger
0.853804,186920,1309,185611,0.007003,0.992997,859,450,140345,45266,0.656226,0.018623,0.243876,0.656226,7915000.0,42.34,raw,10000.0,1500.0,,0.130435,economic_unconstrained,xgboost,xgboost_05_missingness_challenger,missingness_challenger,XGBoost | missingness challenger
0.857529,186920,1122,185798,0.006003,0.993997,746,376,140419,45379,0.664884,0.016173,0.244238,0.664884,6896000.0,36.89,raw,10000.0,1500.0,,0.130435,economic_unconstrained,xgboost,xgboost_05_missingness_challenger,missingness_challenger,XGBoost | missingness challenger
0.86115,186920,935,185985,0.005002,0.994998,628,307,140488,45497,0.671658,0.013615,0.244627,0.671658,5819500.0,31.13,raw,10000.0,1500.0,,0.130435,economic_unconstrained,xgboost,xgboost_05_missingness_challenger,missingness_challenger,XGBoost | missingness challenger
0.865033,186920,748,186172,0.004002,0.995998,506,242,140553,45619,0.676471,0.01097,0.245037,0.676471,4697000.0,25.13,raw,10000.0,1500.0,,0.130435,economic_unconstrained,xgboost,xgboost_05_missingness_challenger,missingness_challenger,XGBoost | missingness challenger
0.870288,186920,561,186359,0.003001,0.996999,390,171,140624,45735,0.695187,0.008455,0.245413,0.695187,3643500.0,19.49,raw,10000.0,1500.0,,0.130435,economic_unconstrained,xgboost,xgboost_05_missingness_challenger,missingness_challenger,XGBoost | missingness challenger
0.877014,186920,374,186546,0.002001,0.997999,265,109,140686,45860,0.708556,0.005745,0.245837,0.708556,2486500.0,13.3,raw,10000.0,1500.0,,0.130435,economic_unconstrained,xgboost,xgboost_05_missingness_challenger,missingness_challenger,XGBoost | missingness challenger
0.885986,186920,187,186733,0.001,0.999,145,42,140753,45980,0.775401,0.003144,0.246234,0.775401,1387000.0,7.42,raw,10000.0,1500.0,,0.130435,economic_unconstrained,xgboost,xgboost_05_missingness_challenger,missingness_challenger,XGBoost | missingness challenger
0.92138,186920,1,186919,5e-06,0.999995,1,0,140795,46124,1.0,2.2e-05,0.246759,1.0,10000.0,0.05,raw,10000.0,1500.0,,0.130435,economic_unconstrained,xgboost,xgboost_05_missingness_challenger,missingness_challenger,XGBoost | missingness challenger
1.0,186920,0,186920,0.0,1.0,0,0,140795,46125,,0.0,0.246763,,0.0,0.0,raw,10000.0,1500.0,,0.130435,economic_unconstrained,xgboost,xgboost_05_missingness_challenger,missingness_challenger,XGBoost | missingness challenger
0.125063,186920,148227,38693,0.792997,0.207003,42935,105292,35503,3190,0.289657,0.93084,0.082444,0.289657,271412000.0,1452.02,platt_sigmoid,10000.0,1500.0,,0.130435,economic_unconstrained,xgboost,xgboost_05_missingness_challenger,missingness_challenger,XGBoost | missingness challenger
0.127769,186920,146545,40375,0.783999,0.216001,42715,103830,36965,3410,0.29148,0.92607,0.084458,0.29148,271405000.0,1451.98,platt_sigmoid,10000.0,1500.0,,0.130435,economic_unconstrained,xgboost,xgboost_05_missingness_challenger,missingness_challenger,XGBoost | missingness challenger
0.124141,186920,148788,38132,0.795998,0.204002,43004,105784,35011,3121,0.289029,0.932336,0.081847,0.289029,271364000.0,1451.77,platt_sigmoid,10000.0,1500.0,,0.130435,economic_unconstrained,xgboost,xgboost_05_missingness_challenger,missingness_challenger,XGBoost | missingness challenger
0.125387,186920,148040,38880,0.791997,0.208003,42905,105135,35660,3220,0.28982,0.93019,0.082819,0.28982,271347500.0,1451.68,platt_sigmoid,10000.0,1500.0,,0.130435,economic_unconstrained,xgboost,xgboost_05_missingness_challenger,missingness_challenger,XGBoost | missingness challenger
0.120586,186920,151031,35889,0.807998,0.192002,43295,107736,33059,2830,0.286663,0.938645,0.078854,0.286663,271346000.0,1451.67,platt_sigmoid,10000.0,1500.0,,0.130435,economic_unconstrained,xgboost,xgboost_05_missingness_challenger,missingness_challenger,XGBoost | missingness challenger
0.12002,186920,151405,35515,0.809999,0.190001,43342,108063,32732,2783,0.286265,0.939664,0.078361,0.286265,271325500.0,1451.56,platt_sigmoid,10000.0,1500.0,,0.130435,economic_unconstrained,xgboost,xgboost_05_missingness_challenger,missingness_challenger,XGBoost | missingness challenger
0.119409,186920,151779,35141,0.812,0.188,43390,108389,32406,2735,0.285876,0.940705,0.077829,0.285876,271316500.0,1451.51,platt_sigmoid,10000.0,1500.0,,0.130435,economic_unconstrained,xgboost,xgboost_05_missingness_challenger,missingness_challenger,XGBoost | missingness challenger
0.118463,186920,152339,34581,0.814996,0.185004,43463,108876,31919,2662,0.285304,0.942287,0.076979,0.285304,271316000.0,1451.51,platt_sigmoid,10000.0,1500.0,,0.130435,economic_unconstrained,xgboost,xgboost_05_missingness_challenger,missingness_challenger,XGBoost | missingness challenger
0.124764,186920,148414,38506,0.793997,0.206003,42951,105463,35332,3174,0.2894,0.931187,0.082429,0.2894,271315500.0,1451.51,platt_sigmoid,10000.0,1500.0,,0.130435,economic_unconstrained,xgboost,xgboost_05_missingness_challenger,missingness_challenger,XGBoost | missingness challenger
0.126301,186920,147480,39440,0.789001,0.210999,42829,104651,36144,3296,0.290405,0.928542,0.08357,0.290405,271313500.0,1451.5,platt_sigmoid,10000.0,1500.0,,0.130435,economic_unconstrained,xgboost,xgboost_05_missingness_challenger,missingness_challenger,XGBoost | missingness challenger
0.119073,186920,151967,34953,0.813006,0.186994,43414,108553,32242,2711,0.28568,0.941225,0.077561,0.28568,271310500.0,1451.48,platt_sigmoid,10000.0,1500.0,,0.130435,economic_unconstrained,xgboost,xgboost_05_missingness_challenger,missingness_challenger,XGBoost | missingness challenger
0.12599,186920,147667,39253,0.790001,0.209999,42853,104814,35981,3272,0.2902,0.929062,0.083357,0.2902,271309000.0,1451.47,platt_sigmoid,10000.0,1500.0,,0.130435,economic_unconstrained,xgboost,xgboost_05_missingness_challenger,missingness_challenger,XGBoost | missingness challenger
0.126605,186920,147293,39627,0.788,0.212,42804,104489,36306,3321,0.290604,0.928,0.083806,0.290604,271306500.0,1451.46,platt_sigmoid,10000.0,1500.0,,0.130435,economic_unconstrained,xgboost,xgboost_05_missingness_challenger,missingness_challenger,XGBoost | missingness challenger
0.125681,186920,147853,39067,0.790996,0.209004,42877,104976,35819,3248,0.289997,0.929583,0.083139,0.289997,271306000.0,1451.46,platt_sigmoid,10000.0,1500.0,,0.130435,economic_unconstrained,xgboost,xgboost_05_missingness_challenger,missingness_challenger,XGBoost | missingness challenger
0.124436,186920,148601,38319,0.794998,0.205002,42974,105627,35168,3151,0.289191,0.931686,0.082231,0.289191,271299500.0,1451.42,platt_sigmoid,10000.0,1500.0,,0.130435,economic_unconstrained,xgboost,xgboost_05_missingness_challenger,missingness_challenger,XGBoost | missingness challenger
0.127467,186920,146732,40188,0.784999,0.215001,42730,104002,36793,3395,0.291211,0.926396,0.084478,0.291211,271297000.0,1451.41,platt_sigmoid,10000.0,1500.0,,0.130435,economic_unconstrained,xgboost,xgboost_05_missingness_challenger,missingness_challenger,XGBoost | missingness challenger
0.123821,186920,148975,37945,0.796999,0.203001,43021,105954,34841,3104,0.28878,0.932705,0.081803,0.28878,271279000.0,1451.31,platt_sigmoid,10000.0,1500.0,,0.130435,economic_unconstrained,xgboost,xgboost_05_missingness_challenger,missingness_challenger,XGBoost | missingness challenger
0.126901,186920,147106,39814,0.787,0.213,42777,104329,36466,3348,0.29079,0.927415,0.084091,0.29079,271276500.0,1451.3,platt_sigmoid,10000.0,1500.0,,0.130435,economic_unconstrained,xgboost,xgboost_05_missingness_challenger,missingness_challenger,XGBoost | missingness challenger
0.123527,186920,149162,37758,0.797999,0.202001,43045,106117,34678,3080,0.288579,0.933225,0.081572,0.288579,271274500.0,1451.29,platt_sigmoid,10000.0,1500.0,,0.130435,economic_unconstrained,xgboost,xgboost_05_missingness_challenger,missingness_challenger,XGBoost | missingness challenger
0.120309,186920,151218,35702,0.808999,0.191001,43313,107905,32890,2812,0.286428,0.939035,0.078763,0.286428,271272500.0,1451.28,platt_sigmoid,10000.0,1500.0,,0.130435,economic_unconstrained,xgboost,xgboost_05_missingness_challenger,missingness_challenger,XGBoost | missingness challenger
0.120843,186920,150844,36076,0.806998,0.193002,43264,107580,33215,2861,0.286813,0.937973,0.079305,0.286813,271270000.0,1451.26,platt_sigmoid,10000.0,1500.0,,0.130435,economic_unconstrained,xgboost,xgboost_05_missingness_challenger,missingness_challenger,XGBoost | missingness challenger
0.118774,186920,152153,34767,0.814001,0.185999,43434,108719,32076,2691,0.285463,0.941659,0.077401,0.285463,271261500.0,1451.22,platt_sigmoid,10000.0,1500.0,,0.130435,economic_unconstrained,xgboost,xgboost_05_missingness_challenger,missingness_challenger,XGBoost | missingness challenger
0.122683,186920,149723,37197,0.801,0.199,43117,106606,34189,3008,0.287978,0.934786,0.080867,0.287978,271261000.0,1451.21,platt_sigmoid,10000.0,1500.0,,0.130435,economic_unconstrained,xgboost,xgboost_05_missingness_challenger,missingness_challenger,XGBoost | missingness challenger
0.122373,186920,149910,37010,0.802001,0.197999,43141,106769,34026,2984,0.287779,0.935306,0.080627,0.287779,271256500.0,1451.19,platt_sigmoid,10000.0,1500.0,,0.130435,economic_unconstrained,xgboost,xgboost_05_missingness_challenger,missingness_challenger,XGBoost | missingness challenger
0.117263,186920,153087,33833,0.818997,0.181003,43555,109532,31263,2570,0.284511,0.944282,0.075961,0.284511,271252000.0,1451.17,platt_sigmoid,10000.0,1500.0,,0.130435,economic_unconstrained,xgboost,xgboost_05_missingness_challenger,missingness_challenger,XGBoost | missingness challenger
0.131758,186920,144115,42805,0.770998,0.229002,42384,101731,39064,3741,0.294098,0.918894,0.087396,0.294098,271243500.0,1451.12,platt_sigmoid,10000.0,1500.0,,0.130435,economic_unconstrained,xgboost,xgboost_05_missingness_challenger,missingness_challenger,XGBoost | missingness challenger
0.118165,186920,152526,34394,0.815996,0.184004,43481,109045,31750,2644,0.285073,0.942678,0.076874,0.285073,271242500.0,1451.12,platt_sigmoid,10000.0,1500.0,,0.130435,economic_unconstrained,xgboost,xgboost_05_missingness_challenger,missingness_challenger,XGBoost | missingness challenger
0.12719,186920,146919,40001,0.785999,0.214001,42749,104170,36625,3376,0.29097,0.926808,0.084398,0.29097,271235000.0,1451.08,platt_sigmoid,10000.0,1500.0,,0.130435,economic_unconstrained,xgboost,xgboost_05_missingness_challenger,missingness_challenger,XGBoost | missingness challenger
0.130137,186920,145050,41870,0.776,0.224,42505,102545,38250,3620,0.293037,0.921518,0.086458,0.293037,271232500.0,1451.06,platt_sigmoid,10000.0,1500.0,,0.130435,economic_unconstrained,xgboost,xgboost_05_missingness_challenger,missingness_challenger,XGBoost | missingness challenger
0.122073,186920,150096,36824,0.802996,0.197004,43163,106933,33862,2962,0.287569,0.935783,0.080437,0.287569,271230500.0,1451.05,platt_sigmoid,10000.0,1500.0,,0.130435,economic_unconstrained,xgboost,xgboost_05_missingness_challenger,missingness_challenger,XGBoost | missingness challenger
0.119714,186920,151592,35328,0.810999,0.189001,43358,108234,32561,2767,0.286018,0.940011,0.078323,0.286018,271229000.0,1451.04,platt_sigmoid,10000.0,1500.0,,0.130435,economic_unconstrained,xgboost,xgboost_05_missingness_challenger,missingness_challenger,XGBoost | missingness challenger
0.128969,186920,145797,41123,0.779997,0.220003,42602,103195,37600,3523,0.292201,0.923621,0.08567,0.292201,271227500.0,1451.04,platt_sigmoid,10000.0,1500.0,,0.130435,economic_unconstrained,xgboost,xgboost_05_missingness_challenger,missingness_challenger,XGBoost | missingness challenger
0.128048,186920,146358,40562,0.782998,0.217002,42675,103683,37112,3450,0.29158,0.925203,0.085055,0.29158,271225500.0,1451.02,platt_sigmoid,10000.0,1500.0,,0.130435,economic_unconstrained,xgboost,xgboost_05_missingness_challenger,missingness_challenger,XGBoost | missingness challenger
0.116977,186920,153274,33646,0.819998,0.180002,43577,109697,31098,2548,0.284308,0.944759,0.07573,0.284308,271224500.0,1451.02,platt_sigmoid,10000.0,1500.0,,0.130435,economic_unconstrained,xgboost,xgboost_05_missingness_challenger,missingness_challenger,XGBoost | missingness challenger
0.123237,186920,149349,37571,0.799,0.201,43065,106284,34511,3060,0.288351,0.933659,0.081446,0.288351,271224000.0,1451.02,platt_sigmoid,10000.0,1500.0,,0.130435,economic_unconstrained,xgboost,xgboost_05_missingness_challenger,missingness_challenger,XGBoost | missingness challenger
0.122951,186920,149536,37384,0.8,0.2,43089,106447,34348,3036,0.288151,0.934179,0.081211,0.288151,271219500.0,1450.99,platt_sigmoid,10000.0,1500.0,,0.130435,economic_unconstrained,xgboost,xgboost_05_missingness_challenger,missingness_challenger,XGBoost | missingness challenger
0.130801,186920,144676,42244,0.774,0.226,42455,102221,38574,3670,0.293449,0.920434,0.086876,0.293449,271218500.0,1450.99,platt_sigmoid,10000.0,1500.0,,0.130435,economic_unconstrained,xgboost,xgboost_05_missingness_challenger,missingness_challenger,XGBoost | missingness challenger
0.128633,186920,145984,40936,0.780997,0.219003,42625,103359,37436,3500,0.291984,0.924119,0.085499,0.291984,271211500.0,1450.95,platt_sigmoid,10000.0,1500.0,,0.130435,economic_unconstrained,xgboost,xgboost_05_missingness_challenger,missingness_challenger,XGBoost | missingness challenger
0.121162,186920,150657,36263,0.805997,0.194003,43234,107423,33372,2891,0.28697,0.937322,0.079723,0.28697,271205500.0,1450.92,platt_sigmoid,10000.0,1500.0,,0.130435,economic_unconstrained,xgboost,xgboost_05_missingness_challenger,missingness_challenger,XGBoost | missingness challenger
0.131429,186920,144302,42618,0.771999,0.228001,42405,101897,38898,3720,0.293863,0.91935,0.087287,0.293863,271204500.0,1450.91,platt_sigmoid,10000.0,1500.0,,0.130435,economic_unconstrained,xgboost,xgboost_05_missingness_challenger,missingness_challenger,XGBoost | missingness challenger
0.131097,186920,144489,42431,0.772999,0.227001,42429,102060,38735,3696,0.293649,0.91987,0.087106,0.293649,271200000.0,1450.89,platt_sigmoid,10000.0,1500.0,,0.130435,economic_unconstrained,xgboost,xgboost_05_missingness_challenger,missingness_challenger,XGBoost | missingness challenger
0.117604,186920,152900,34020,0.817997,0.182003,43526,109374,31421,2599,0.28467,0.943653,0.076396,0.28467,271199000.0,1450.88,platt_sigmoid,10000.0,1500.0,,0.130435,economic_unconstrained,xgboost,xgboost_05_missingness_challenger,missingness_challenger,XGBoost | missingness challenger
0.13046,186920,144863,42057,0.775,0.225,42477,102386,38409,3648,0.293222,0.920911,0.086739,0.293222,271191000.0,1450.84,platt_sigmoid,10000.0,1500.0,,0.130435,economic_unconstrained,xgboost,xgboost_05_missingness_challenger,missingness_challenger,XGBoost | missingness challenger
0.121469,186920,150470,36450,0.804997,0.195003,43208,107262,33533,2917,0.287154,0.936759,0.080027,0.287154,271187000.0,1450.82,platt_sigmoid,10000.0,1500.0,,0.130435,economic_unconstrained,xgboost,xgboost_05_missingness_challenger,missingness_challenger,XGBoost | missingness challenger
0.129542,186920,145423,41497,0.777996,0.222004,42549,102874,37921,3576,0.292588,0.922472,0.086175,0.292588,271179000.0,1450.78,platt_sigmoid,10000.0,1500.0,,0.130435,economic_unconstrained,xgboost,xgboost_05_missingness_challenger,missingness_challenger,XGBoost | missingness challenger
0.128337,186920,146171,40749,0.781998,0.218002,42646,103525,37270,3479,0.291754,0.924575,0.085376,0.291754,271172500.0,1450.74,platt_sigmoid,10000.0,1500.0,,0.130435,economic_unconstrained,xgboost,xgboost_05_missingness_challenger,missingness_challenger,XGBoost | missingness challenger
0.121759,186920,150283,36637,0.803996,0.196004,43182,107101,33694,2943,0.287338,0.936195,0.080329,0.287338,271168500.0,1450.72,platt_sigmoid,10000.0,1500.0,,0.130435,economic_unconstrained,xgboost,xgboost_05_missingness_challenger,missingness_challenger,XGBoost | missingness challenger
0.129255,186920,145610,41310,0.778996,0.221004,42572,103038,37757,3553,0.29237,0.92297,0.086008,0.29237,271163000.0,1450.69,platt_sigmoid,10000.0,1500.0,,0.130435,economic_unconstrained,xgboost,xgboost_05_missingness_challenger,missingness_challenger,XGBoost | missingness challenger
0.132354,186920,143741,43179,0.768997,0.231003,42328,101413,39382,3797,0.294474,0.91768,0.087936,0.294474,271160500.0,1450.68,platt_sigmoid,10000.0,1500.0,,0.130435,economic_unconstrained,xgboost,xgboost_05_missingness_challenger,missingness_challenger,XGBoost | missingness challenger
0.129855,186920,145237,41683,0.777001,0.222999,42522,102715,38080,3603,0.292777,0.921886,0.086438,0.292777,271147500.0,1450.61,platt_sigmoid,10000.0,1500.0,,0.130435,economic_unconstrained,xgboost,xgboost_05_missingness_challenger,missingness_challenger,XGBoost | missingness challenger
0.132061,186920,143928,42992,0.769998,0.230002,42351,101577,39218,3774,0.294251,0.918179,0.087784,0.294251,271144500.0,1450.59,platt_sigmoid,10000.0,1500.0,,0.130435,economic_unconstrained,xgboost,xgboost_05_missingness_challenger,missingness_challenger,XGBoost | missingness challenger
0.116684,186920,153461,33459,0.820998,0.179002,43594,109867,30928,2531,0.284072,0.945127,0.075645,0.284072,271139500.0,1450.56,platt_sigmoid,10000.0,1500.0,,0.130435,economic_unconstrained,xgboost,xgboost_05_missingness_challenger,missingness_challenger,XGBoost | missingness challenger
0.117901,186920,152713,34207,0.816997,0.183003,43495,109218,31577,2630,0.284815,0.942981,0.076885,0.284815,271123000.0,1450.48,platt_sigmoid,10000.0,1500.0,,0.130435,economic_unconstrained,xgboost,xgboost_05_missingness_challenger,missingness_challenger,XGBoost | missingness challenger
0.13265,186920,143554,43366,0.767997,0.232003,42297,101257,39538,3828,0.294642,0.917008,0.088272,0.294642,271084500.0,1450.27,platt_sigmoid,10000.0,1500.0,,0.130435,economic_unconstrained,xgboost,xgboost_05_missingness_challenger,missingness_challenger,XGBoost | missingness challenger
0.11637,186920,153648,33272,0.821999,0.178001,43613,110035,30760,2512,0.28385,0.945539,0.075499,0.28385,271077500.0,1450.23,platt_sigmoid,10000.0,1500.0,,0.130435,economic_unconstrained,xgboost,xgboost_05_missingness_challenger,missingness_challenger,XGBoost | missingness challenger
0.138371,186920,140003,46917,0.749,0.251,41833,98170,42625,4292,0.298801,0.906949,0.091481,0.298801,271075000.0,1450.22,platt_sigmoid,10000.0,1500.0,,0.130435,economic_unconstrained,xgboost,xgboost_05_missingness_challenger,missingness_challenger,XGBoost | missingness challenger
0.132973,186920,143367,43553,0.766997,0.233003,42271,101096,39699,3854,0.294845,0.916444,0.08849,0.294845,271066000.0,1450.17,platt_sigmoid,10000.0,1500.0,,0.130435,economic_unconstrained,xgboost,xgboost_05_missingness_challenger,missingness_challenger,XGBoost | missingness challenger
0.134433,186920,142433,44487,0.762,0.238,42149,100284,40511,3976,0.295922,0.913799,0.089374,0.295922,271064000.0,1450.16,platt_sigmoid,10000.0,1500.0,,0.130435,economic_unconstrained,xgboost,xgboost_05_missingness_challenger,missingness_challenger,XGBoost | missingness challenger
0.138045,186920,140190,46730,0.75,0.25,41856,98334,42461,4269,0.298566,0.907447,0.091355,0.298566,271059000.0,1450.13,platt_sigmoid,10000.0,1500.0,,0.130435,economic_unconstrained,xgboost,xgboost_05_missingness_challenger,missingness_challenger,XGBoost | missingness challenger
0.138662,186920,139816,47104,0.747999,0.252001,41806,98010,42785,4319,0.299007,0.906363,0.091691,0.299007,271045000.0,1450.06,platt_sigmoid,10000.0,1500.0,,0.130435,economic_unconstrained,xgboost,xgboost_05_missingness_challenger,missingness_challenger,XGBoost | missingness challenger
0.137732,186920,140377,46543,0.751,0.249,41879,98498,42297,4246,0.298332,0.907946,0.091227,0.298332,271043000.0,1450.05,platt_sigmoid,10000.0,1500.0,,0.130435,economic_unconstrained,xgboost,xgboost_05_missingness_challenger,missingness_challenger,XGBoost | missingness challenger
0.134105,186920,142620,44300,0.763,0.237,42171,100449,40346,3954,0.295688,0.914276,0.089255,0.295688,271036500.0,1450.01,platt_sigmoid,10000.0,1500.0,,0.130435,economic_unconstrained,xgboost,xgboost_05_missingness_challenger,missingness_challenger,XGBoost | missingness challenger
0.133817,186920,142807,44113,0.764001,0.235999,42195,100612,40183,3930,0.295469,0.914797,0.089089,0.295469,271032000.0,1449.99,platt_sigmoid,10000.0,1500.0,,0.130435,economic_unconstrained,xgboost,xgboost_05_missingness_challenger,missingness_challenger,XGBoost | missingness challenger
0.133534,186920,142994,43926,0.765001,0.234999,42216,100778,40017,3909,0.295229,0.915252,0.088991,0.295229,270993000.0,1449.78,platt_sigmoid,10000.0,1500.0,,0.130435,economic_unconstrained,xgboost,xgboost_05_missingness_challenger,missingness_challenger,XGBoost | missingness challenger
0.137445,186920,140564,46356,0.752001,0.247999,41898,98666,42129,4227,0.298071,0.908358,0.091186,0.298071,270981000.0,1449.72,platt_sigmoid,10000.0,1500.0,,0.130435,economic_unconstrained,xgboost,xgboost_05_missingness_challenger,missingness_challenger,XGBoost | missingness challenger
0.116063,186920,153835,33085,0.822999,0.177001,43629,110206,30589,2496,0.283609,0.945886,0.075442,0.283609,270981000.0,1449.72,platt_sigmoid,10000.0,1500.0,,0.130435,economic_unconstrained,xgboost,xgboost_05_missingness_challenger,missingness_challenger,XGBoost | missingness challenger
0.115436,186920,154209,32711,0.825,0.175,43677,110532,30263,2448,0.283232,0.946927,0.074837,0.283232,270972000.0,1449.67,platt_sigmoid,10000.0,1500.0,,0.130435,economic_unconstrained,xgboost,xgboost_05_missingness_challenger,missingness_challenger,XGBoost | missingness challenger
0.133248,186920,143180,43740,0.765996,0.234004,42238,100942,39853,3887,0.294999,0.915729,0.088866,0.294999,270967000.0,1449.64,platt_sigmoid,10000.0,1500.0,,0.130435,economic_unconstrained,xgboost,xgboost_05_missingness_challenger,missingness_challenger,XGBoost | missingness challenger
0.137127,186920,140751,46169,0.753001,0.246999,41921,98830,41965,4204,0.297838,0.908856,0.091057,0.297838,270965000.0,1449.63,platt_sigmoid,10000.0,1500.0,,0.130435,economic_unconstrained,xgboost,xgboost_05_missingness_challenger,missingness_challenger,XGBoost | missingness challenger
0.138944,186920,139629,47291,0.746999,0.253001,41773,97856,42939,4352,0.299171,0.905648,0.092026,0.299171,270946000.0,1449.53,platt_sigmoid,10000.0,1500.0,,0.130435,economic_unconstrained,xgboost,xgboost_05_missingness_challenger,missingness_challenger,XGBoost | missingness challenger
0.134744,186920,142246,44674,0.760999,0.239001,42114,100132,40663,4011,0.296065,0.913041,0.089784,0.296065,270942000.0,1449.51,platt_sigmoid,10000.0,1500.0,,0.130435,economic_unconstrained,xgboost,xgboost_05_missingness_challenger,missingness_challenger,XGBoost | missingness challenger
0.114822,186920,154583,32337,0.827001,0.172999,43723,110860,29935,2402,0.282845,0.947924,0.07428,0.282845,270940000.0,1449.5,platt_sigmoid,10000.0,1500.0,,0.130435,economic_unconstrained,xgboost,xgboost_05_missingness_challenger,missingness_challenger,XGBoost | missingness challenger
0.139216,186920,139442,47478,0.745998,0.254002,41748,97694,43101,4377,0.299393,0.905106,0.09219,0.299393,270939000.0,1449.49,platt_sigmoid,10000.0,1500.0,,0.130435,economic_unconstrained,xgboost,xgboost_05_missingness_challenger,missingness_challenger,XGBoost | missingness challenger
0.136826,186920,140937,45983,0.753996,0.246004,41943,98994,41801,4182,0.297601,0.909333,0.090947,0.297601,270939000.0,1449.49,platt_sigmoid,10000.0,1500.0,,0.130435,economic_unconstrained,xgboost,xgboost_05_missingness_challenger,missingness_challenger,XGBoost | missingness challenger
0.115156,186920,154396,32524,0.826,0.174,43698,110698,30097,2427,0.283025,0.947382,0.074622,0.283025,270933000.0,1449.46,platt_sigmoid,10000.0,1500.0,,0.130435,economic_unconstrained,xgboost,xgboost_05_missingness_challenger,missingness_challenger,XGBoost | missingness challenger
0.114229,186920,154956,31964,0.828996,0.171004,43770,111186,29609,2355,0.282467,0.948943,0.073677,0.282467,270921000.0,1449.4,platt_sigmoid,10000.0,1500.0,,0.130435,economic_unconstrained,xgboost,xgboost_05_missingness_challenger,missingness_challenger,XGBoost | missingness challenger
0.115764,186920,154022,32898,0.824,0.176,43648,110374,30421,2477,0.283388,0.946298,0.075293,0.283388,270919000.0,1449.38,platt_sigmoid,10000.0,1500.0,,0.130435,economic_unconstrained,xgboost,xgboost_05_missingness_challenger,missingness_challenger,XGBoost | missingness challenger
0.135657,186920,141685,45235,0.757998,0.242002,42038,99647,41148,4087,0.2967,0.911393,0.09035,0.2967,270909500.0,1449.33,platt_sigmoid,10000.0,1500.0,,0.130435,economic_unconstrained,xgboost,xgboost_05_missingness_challenger,missingness_challenger,XGBoost | missingness challenger
0.135362,186920,141872,45048,0.758999,0.241001,42062,99810,40985,4063,0.296479,0.911913,0.090193,0.296479,270905000.0,1449.31,platt_sigmoid,10000.0,1500.0,,0.130435,economic_unconstrained,xgboost,xgboost_05_missingness_challenger,missingness_challenger,XGBoost | missingness challenger
0.114529,186920,154769,32151,0.827996,0.172004,43744,111025,29770,2381,0.282641,0.948379,0.074057,0.282641,270902500.0,1449.3,platt_sigmoid,10000.0,1500.0,,0.130435,economic_unconstrained,xgboost,xgboost_05_missingness_challenger,missingness_challenger,XGBoost | missingness challenger
0.113947,186920,155143,31777,0.829997,0.170003,43790,111353,29442,2335,0.282256,0.949377,0.073481,0.282256,270870500.0,1449.13,platt_sigmoid,10000.0,1500.0,,0.130435,economic_unconstrained,xgboost,xgboost_05_missingness_challenger,missingness_challenger,XGBoost | missingness challenger
0.13509,186920,142059,44861,0.759999,0.240001,42083,99976,40819,4042,0.296236,0.912369,0.090101,0.296236,270866000.0,1449.1,platt_sigmoid,10000.0,1500.0,,0.130435,economic_unconstrained,xgboost,xgboost_05_missingness_challenger,missingness_challenger,XGBoost | missingness challenger
0.135943,186920,141498,45422,0.756998,0.243002,42009,99489,41306,4116,0.296888,0.910764,0.090617,0.296888,270856500.0,1449.05,platt_sigmoid,10000.0,1500.0,,0.130435,economic_unconstrained,xgboost,xgboost_05_missingness_challenger,missingness_challenger,XGBoost | missingness challenger
0.136528,186920,141124,45796,0.754997,0.245003,41960,99164,41631,4165,0.297327,0.909702,0.090947,0.297327,270854000.0,1449.04,platt_sigmoid,10000.0,1500.0,,0.130435,economic_unconstrained,xgboost,xgboost_05_missingness_challenger,missingness_challenger,XGBoost | missingness challenger
0.136218,186920,141311,45609,0.755997,0.244003,41982,99329,41466,4143,0.297089,0.910179,0.090837,0.297089,270826500.0,1448.89,platt_sigmoid,10000.0,1500.0,,0.130435,economic_unconstrained,xgboost,xgboost_05_missingness_challenger,missingness_challenger,XGBoost | missingness challenger
0.113652,186920,155330,31590,0.830997,0.169003,43810,111520,29275,2315,0.282045,0.94981,0.073283,0.282045,270820000.0,1448.86,platt_sigmoid,10000.0,1500.0,,0.130435,economic_unconstrained,xgboost,xgboost_05_missingness_challenger,missingness_challenger,XGBoost | missingness challenger
0.11304,186920,155704,31216,0.832998,0.167002,43858,111846,28949,2267,0.281675,0.950851,0.072623,0.281675,270811000.0,1448.81,platt_sigmoid,10000.0,1500.0,,0.130435,economic_unconstrained,xgboost,xgboost_05_missingness_challenger,missingness_challenger,XGBoost | missingness challenger
0.112735,186920,155891,31029,0.833999,0.166001,43882,112009,28786,2243,0.281492,0.951371,0.072287,0.281492,270806500.0,1448.78,platt_sigmoid,10000.0,1500.0,,0.130435,economic_unconstrained,xgboost,xgboost_05_missingness_challenger,missingness_challenger,XGBoost | missingness challenger
0.139522,186920,139255,47665,0.744998,0.255002,41709,97546,43249,4416,0.299515,0.90426,0.092647,0.299515,270771000.0,1448.59,platt_sigmoid,10000.0,1500.0,,0.130435,economic_unconstrained,xgboost,xgboost_05_missingness_challenger,missingness_challenger,XGBoost | missingness challenger
0.113348,186920,155517,31403,0.831998,0.168002,43830,111687,29108,2295,0.281834,0.950244,0.073082,0.281834,270769500.0,1448.58,platt_sigmoid,10000.0,1500.0,,0.130435,economic_unconstrained,xgboost,xgboost_05_missingness_challenger,missingness_challenger,XGBoost | missingness challenger
0.139855,186920,139068,47852,0.743997,0.256003,41684,97384,43411,4441,0.299738,0.903718,0.092807,0.299738,270764000.0,1448.56,platt_sigmoid,10000.0,1500.0,,0.130435,economic_unconstrained,xgboost,xgboost_05_missingness_challenger,missingness_challenger,XGBoost | missingness challenger
0.140159,186920,138881,48039,0.742997,0.257003,41656,97225,43570,4469,0.29994,0.903111,0.093029,0.29994,270722500.0,1448.33,platt_sigmoid,10000.0,1500.0,,0.130435,economic_unconstrained,xgboost,xgboost_05_missingness_challenger,missingness_challenger,XGBoost | missingness challenger
0.112414,186920,156078,30842,0.834999,0.165001,43899,112179,28616,2226,0.281263,0.95174,0.072174,0.281263,270721500.0,1448.33,platt_sigmoid,10000.0,1500.0,,0.130435,economic_unconstrained,xgboost,xgboost_05_missingness_challenger,missingness_challenger,XGBoost | missingness challenger
0.112118,186920,156266,30654,0.836005,0.163995,43920,112346,28449,2205,0.281059,0.952195,0.071932,0.281059,270681000.0,1448.11,platt_sigmoid,10000.0,1500.0,,0.130435,economic_unconstrained,xgboost,xgboost_05_missingness_challenger,missingness_challenger,XGBoost | missingness challenger
0.141111,186920,138321,48599,0.740001,0.259999,41574,96747,44048,4551,0.300562,0.901333,0.093644,0.300562,270619500.0,1447.78,platt_sigmoid,10000.0,1500.0,,0.130435,economic_unconstrained,xgboost,xgboost_05_missingness_challenger,missingness_challenger,XGBoost | missingness challenger
0.140798,186920,138507,48413,0.740996,0.259004,41598,96909,43886,4527,0.300331,0.901854,0.093508,0.300331,270616500.0,1447.77,platt_sigmoid,10000.0,1500.0,,0.130435,economic_unconstrained,xgboost,xgboost_05_missingness_challenger,missingness_challenger,XGBoost | missingness challenger
0.111821,186920,156452,30468,0.837,0.163,43937,112515,28280,2188,0.280834,0.952564,0.071813,0.280834,270597500.0,1447.66,platt_sigmoid,10000.0,1500.0,,0.130435,economic_unconstrained,xgboost,xgboost_05_missingness_challenger,missingness_challenger,XGBoost | missingness challenger
0.141407,186920,138134,48786,0.739001,0.260999,41546,96588,44207,4579,0.300766,0.900726,0.093859,0.300766,270578000.0,1447.56,platt_sigmoid,10000.0,1500.0,,0.130435,economic_unconstrained,xgboost,xgboost_05_missingness_challenger,missingness_challenger,XGBoost | missingness challenger
0.140454,186920,138694,48226,0.741997,0.258003,41619,97075,43720,4506,0.300078,0.902309,0.093435,0.300078,270577500.0,1447.56,platt_sigmoid,10000.0,1500.0,,0.130435,economic_unconstrained,xgboost,xgboost_05_missingness_challenger,missingness_challenger,XGBoost | missingness challenger
0.142623,186920,137386,49534,0.734999,0.265001,41444,95942,44853,4681,0.301661,0.898515,0.094501,0.301661,270527000.0,1447.29,platt_sigmoid,10000.0,1500.0,,0.130435,economic_unconstrained,xgboost,xgboost_05_missingness_challenger,missingness_challenger,XGBoost | missingness challenger
0.142012,186920,137760,49160,0.737,0.263,41492,96268,44527,4633,0.30119,0.899556,0.094243,0.30119,270518000.0,1447.24,platt_sigmoid,10000.0,1500.0,,0.130435,economic_unconstrained,xgboost,xgboost_05_missingness_challenger,missingness_challenger,XGBoost | missingness challenger
0.141727,186920,137947,48973,0.738,0.262,41516,96431,44364,4609,0.300956,0.900076,0.094113,0.300956,270513500.0,1447.22,platt_sigmoid,10000.0,1500.0,,0.130435,economic_unconstrained,xgboost,xgboost_05_missingness_challenger,missingness_challenger,XGBoost | missingness challenger
0.111513,186920,156639,30281,0.838,0.162,43952,112687,28108,2173,0.280594,0.952889,0.071761,0.280594,270489500.0,1447.09,platt_sigmoid,10000.0,1500.0,,0.130435,economic_unconstrained,xgboost,xgboost_05_missingness_challenger,missingness_challenger,XGBoost | missingness challenger
0.142902,186920,137199,49721,0.733999,0.266001,41416,95783,45012,4709,0.301868,0.897908,0.094708,0.301868,270485500.0,1447.07,platt_sigmoid,10000.0,1500.0,,0.130435,economic_unconstrained,xgboost,xgboost_05_missingness_challenger,missingness_challenger,XGBoost | missingness challenger
0.142301,186920,137573,49347,0.735999,0.264001,41464,96109,44686,4661,0.301396,0.898949,0.094454,0.301396,270476500.0,1447.02,platt_sigmoid,10000.0,1500.0,,0.130435,economic_unconstrained,xgboost,xgboost_05_missingness_challenger,missingness_challenger,XGBoost | missingness challenger
0.111198,186920,156826,30094,0.839001,0.160999,43973,112853,27942,2152,0.280394,0.953344,0.071509,0.280394,270450500.0,1446.88,platt_sigmoid,10000.0,1500.0,,0.130435,economic_unconstrained,xgboost,xgboost_05_missingness_challenger,missingness_challenger,XGBoost | missingness challenger
0.110914,186920,157012,29908,0.839996,0.160004,43997,113015,27780,2128,0.280214,0.953864,0.071152,0.280214,270447500.0,1446.86,platt_sigmoid,10000.0,1500.0,,0.130435,economic_unconstrained,xgboost,xgboost_05_missingness_challenger,missingness_challenger,XGBoost | missingness challenger
0.143562,186920,136825,50095,0.731998,0.268002,41360,95465,45330,4765,0.302284,0.896694,0.095119,0.302284,270402500.0,1446.62,platt_sigmoid,10000.0,1500.0,,0.130435,economic_unconstrained,xgboost,xgboost_05_missingness_challenger,missingness_challenger,XGBoost | missingness challenger
0.143205,186920,137012,49908,0.732998,0.267002,41382,95630,45165,4743,0.302032,0.897171,0.095035,0.302032,270375000.0,1446.47,platt_sigmoid,10000.0,1500.0,,0.130435,economic_unconstrained,xgboost,xgboost_05_missingness_challenger,missingness_challenger,XGBoost | missingness challenger
0.143881,186920,136638,50282,0.730997,0.269003,41331,95307,45488,4794,0.302485,0.896065,0.095342,0.302485,270349500.0,1446.34,platt_sigmoid,10000.0,1500.0,,0.130435,economic_unconstrained,xgboost,xgboost_05_missingness_challenger,missingness_challenger,XGBoost | missingness challenger
0.110638,186920,157199,29721,0.840996,0.159004,44012,113187,27608,2113,0.279976,0.95419,0.071095,0.279976,270339500.0,1446.28,platt_sigmoid,10000.0,1500.0,,0.130435,economic_unconstrained,xgboost,xgboost_05_missingness_challenger,missingness_challenger,XGBoost | missingness challenger
0.144195,186920,136451,50469,0.729997,0.270003,41303,95148,45647,4822,0.302695,0.895458,0.095544,0.302695,270308000.0,1446.12,platt_sigmoid,10000.0,1500.0,,0.130435,economic_unconstrained,xgboost,xgboost_05_missingness_challenger,missingness_challenger,XGBoost | missingness challenger
0.110335,186920,157386,29534,0.841997,0.158003,44033,113353,27442,2092,0.279777,0.954645,0.070834,0.279777,270300500.0,1446.08,platt_sigmoid,10000.0,1500.0,,0.130435,economic_unconstrained,xgboost,xgboost_05_missingness_challenger,missingness_challenger,XGBoost | missingness challenger
0.110034,186920,157573,29347,0.842997,0.157003,44053,113520,27275,2072,0.279572,0.955079,0.070603,0.279572,270250000.0,1445.81,platt_sigmoid,10000.0,1500.0,,0.130435,economic_unconstrained,xgboost,xgboost_05_missingness_challenger,missingness_challenger,XGBoost | missingness challenger
0.145451,186920,135704,51216,0.726,0.274,41199,94505,46290,4926,0.303595,0.893203,0.096181,0.303595,270232500.0,1445.71,platt_sigmoid,10000.0,1500.0,,0.130435,economic_unconstrained,xgboost,xgboost_05_missingness_challenger,missingness_challenger,XGBoost | missingness challenger
0.144531,186920,136264,50656,0.728996,0.271004,41271,94993,45802,4854,0.302875,0.894764,0.095823,0.302875,270220500.0,1445.65,platt_sigmoid,10000.0,1500.0,,0.130435,economic_unconstrained,xgboost,xgboost_05_missingness_challenger,missingness_challenger,XGBoost | missingness challenger
0.144832,186920,136078,50842,0.728001,0.271999,41245,94833,45962,4880,0.303098,0.894201,0.095984,0.303098,270200500.0,1445.54,platt_sigmoid,10000.0,1500.0,,0.130435,economic_unconstrained,xgboost,xgboost_05_missingness_challenger,missingness_challenger,XGBoost | missingness challenger
0.109722,186920,157760,29160,0.843997,0.156003,44072,113688,27107,2053,0.279361,0.955491,0.070405,0.279361,270188000.0,1445.47,platt_sigmoid,10000.0,1500.0,,0.130435,economic_unconstrained,xgboost,xgboost_05_missingness_challenger,missingness_challenger,XGBoost | missingness challenger
0.145753,186920,135517,51403,0.725,0.275,41169,94348,46447,4956,0.303792,0.892553,0.096415,0.303792,270168000.0,1445.37,platt_sigmoid,10000.0,1500.0,,0.130435,economic_unconstrained,xgboost,xgboost_05_missingness_challenger,missingness_challenger,XGBoost | missingness challenger
0.145172,186920,135891,51029,0.727001,0.272999,41217,94674,46121,4908,0.303309,0.893593,0.096181,0.303309,270159000.0,1445.32,platt_sigmoid,10000.0,1500.0,,0.130435,economic_unconstrained,xgboost,xgboost_05_missingness_challenger,missingness_challenger,XGBoost | missingness challenger
0.109447,186920,157947,28973,0.844998,0.155002,44091,113856,26939,2034,0.279151,0.955902,0.070203,0.279151,270126000.0,1445.14,platt_sigmoid,10000.0,1500.0,,0.130435,economic_unconstrained,xgboost,xgboost_05_missingness_challenger,missingness_challenger,XGBoost | missingness challenger
0.108799,186920,158321,28599,0.846999,0.153001,44137,114184,26611,1988,0.278782,0.9569,0.069513,0.278782,270094000.0,1444.97,platt_sigmoid,10000.0,1500.0,,0.130435,economic_unconstrained,xgboost,xgboost_05_missingness_challenger,missingness_challenger,XGBoost | missingness challenger
0.146054,186920,135330,51590,0.724,0.276,41137,94193,46602,4988,0.303975,0.891859,0.096685,0.303975,270080500.0,1444.9,platt_sigmoid,10000.0,1500.0,,0.130435,economic_unconstrained,xgboost,xgboost_05_missingness_challenger,missingness_challenger,XGBoost | missingness challenger
0.109149,186920,158134,28786,0.845998,0.154002,44105,114029,26766,2020,0.278909,0.956206,0.070173,0.278909,270006500.0,1444.5,platt_sigmoid,10000.0,1500.0,,0.130435,economic_unconstrained,xgboost,xgboost_05_missingness_challenger,missingness_challenger,XGBoost | missingness challenger
0.14635,186920,135143,51777,0.722999,0.277001,41103,94040,46755,5022,0.304144,0.891122,0.096993,0.304144,269970000.0,1444.31,platt_sigmoid,10000.0,1500.0,,0.130435,economic_unconstrained,xgboost,xgboost_05_missingness_challenger,missingness_challenger,XGBoost | missingness challenger
0.108464,186920,158508,28412,0.847999,0.152001,44150,114358,26437,1975,0.278535,0.957182,0.069513,0.278535,269963000.0,1444.27,platt_sigmoid,10000.0,1500.0,,0.130435,economic_unconstrained,xgboost,xgboost_05_missingness_challenger,missingness_challenger,XGBoost | missingness challenger
0.147033,186920,134769,52151,0.720998,0.279002,41049,93720,47075,5076,0.304588,0.889951,0.097333,0.304588,269910000.0,1443.99,platt_sigmoid,10000.0,1500.0,,0.130435,economic_unconstrained,xgboost,xgboost_05_missingness_challenger,missingness_challenger,XGBoost | missingness challenger
0.146704,186920,134956,51964,0.721999,0.278001,41073,93883,46912,5052,0.304344,0.890472,0.097221,0.304344,269905500.0,1443.96,platt_sigmoid,10000.0,1500.0,,0.130435,economic_unconstrained,xgboost,xgboost_05_missingness_challenger,missingness_challenger,XGBoost | missingness challenger
0.10816,186920,158695,28225,0.849,0.151,44168,114527,26268,1957,0.27832,0.957572,0.069336,0.27832,269889500.0,1443.88,platt_sigmoid,10000.0,1500.0,,0.130435,economic_unconstrained,xgboost,xgboost_05_missingness_challenger,missingness_challenger,XGBoost | missingness challenger
0.107803,186920,158882,28038,0.85,0.15,44187,114695,26100,1938,0.278112,0.957984,0.06912,0.278112,269827500.0,1443.55,platt_sigmoid,10000.0,1500.0,,0.130435,economic_unconstrained,xgboost,xgboost_05_missingness_challenger,missingness_challenger,XGBoost | missingness challenger
0.149546,186920,133274,53646,0.713,0.287,40842,92432,48363,5283,0.306451,0.885463,0.098479,0.306451,269772000.0,1443.25,platt_sigmoid,10000.0,1500.0,,0.130435,economic_unconstrained,xgboost,xgboost_05_missingness_challenger,missingness_challenger,XGBoost | missingness challenger
0.149203,186920,133461,53459,0.714001,0.285999,40866,92595,48200,5259,0.306202,0.885984,0.098374,0.306202,269767500.0,1443.22,platt_sigmoid,10000.0,1500.0,,0.130435,economic_unconstrained,xgboost,xgboost_05_missingness_challenger,missingness_challenger,XGBoost | missingness challenger
0.148867,186920,133648,53272,0.715001,0.284999,40890,92758,48037,5235,0.305953,0.886504,0.098269,0.305953,269763000.0,1443.2,platt_sigmoid,10000.0,1500.0,,0.130435,economic_unconstrained,xgboost,xgboost_05_missingness_challenger,missingness_challenger,XGBoost | missingness challenger
0.147342,186920,134582,52338,0.719998,0.280002,41010,93572,47223,5115,0.304721,0.889106,0.09773,0.304721,269742000.0,1443.09,platt_sigmoid,10000.0,1500.0,,0.130435,economic_unconstrained,xgboost,xgboost_05_missingness_challenger,missingness_challenger,XGBoost | missingness challenger
0.10749,186920,159069,27851,0.851,0.149,44203,114866,25929,1922,0.277886,0.958331,0.06901,0.277886,269731000.0,1443.03,platt_sigmoid,10000.0,1500.0,,0.130435,economic_unconstrained,xgboost,xgboost_05_missingness_challenger,missingness_challenger,XGBoost | missingness challenger
0.14987,186920,133087,53833,0.712,0.288,40814,92273,48522,5311,0.306672,0.884856,0.098657,0.306672,269730500.0,1443.03,platt_sigmoid,10000.0,1500.0,,0.130435,economic_unconstrained,xgboost,xgboost_05_missingness_challenger,missingness_challenger,XGBoost | missingness challenger
0.147659,186920,134395,52525,0.718997,0.281003,40984,93411,47384,5141,0.304952,0.888542,0.097877,0.304952,269723500.0,1442.99,platt_sigmoid,10000.0,1500.0,,0.130435,economic_unconstrained,xgboost,xgboost_05_missingness_challenger,missingness_challenger,XGBoost | missingness challenger
0.148511,186920,133835,53085,0.716001,0.283999,40909,92926,47869,5216,0.305667,0.886916,0.098258,0.305667,269701000.0,1442.87,platt_sigmoid,10000.0,1500.0,,0.130435,economic_unconstrained,xgboost,xgboost_05_missingness_challenger,missingness_challenger,XGBoost | missingness challenger
0.148206,186920,134021,52899,0.716997,0.283003,40933,93088,47707,5192,0.305422,0.887436,0.098149,0.305422,269698000.0,1442.85,platt_sigmoid,10000.0,1500.0,,0.130435,economic_unconstrained,xgboost,xgboost_05_missingness_challenger,missingness_challenger,XGBoost | missingness challenger
0.147939,186920,134208,52712,0.717997,0.282003,40956,93252,47543,5169,0.305168,0.887935,0.098061,0.305168,269682000.0,1442.77,platt_sigmoid,10000.0,1500.0,,0.130435,economic_unconstrained,xgboost,xgboost_05_missingness_challenger,missingness_challenger,XGBoost | missingness challenger
0.107182,186920,159255,27665,0.851996,0.148004,44222,115033,25762,1903,0.27768,0.958743,0.068787,0.27768,269670500.0,1442.71,platt_sigmoid,10000.0,1500.0,,0.130435,economic_unconstrained,xgboost,xgboost_05_missingness_challenger,missingness_challenger,XGBoost | missingness challenger
0.150206,186920,132900,54020,0.710999,0.289001,40784,92116,48679,5341,0.306877,0.884206,0.098871,0.306877,269666000.0,1442.68,platt_sigmoid,10000.0,1500.0,,0.130435,economic_unconstrained,xgboost,xgboost_05_missingness_challenger,missingness_challenger,XGBoost | missingness challenger
0.10685,186920,159442,27478,0.852996,0.147004,44244,115198,25597,1881,0.277493,0.95922,0.068455,0.277493,269643000.0,1442.56,platt_sigmoid,10000.0,1500.0,,0.130435,economic_unconstrained,xgboost,xgboost_05_missingness_challenger,missingness_challenger,XGBoost | missingness challenger
0.106565,186920,159629,27291,0.853996,0.146004,44266,115363,25432,1859,0.277306,0.959696,0.068118,0.277306,269615500.0,1442.41,platt_sigmoid,10000.0,1500.0,,0.130435,economic_unconstrained,xgboost,xgboost_05_missingness_challenger,missingness_challenger,XGBoost | missingness challenger
0.150506,186920,132713,54207,0.709999,0.290001,40754,91959,48836,5371,0.307084,0.883556,0.099083,0.307084,269601500.0,1442.34,platt_sigmoid,10000.0,1500.0,,0.130435,economic_unconstrained,xgboost,xgboost_05_missingness_challenger,missingness_challenger,XGBoost | missingness challenger
0.15084,186920,132526,54394,0.708999,0.291001,40728,91798,48997,5397,0.307321,0.882992,0.099221,0.307321,269583000.0,1442.24,platt_sigmoid,10000.0,1500.0,,0.130435,economic_unconstrained,xgboost,xgboost_05_missingness_challenger,missingness_challenger,XGBoost | missingness challenger
0.106249,186920,159816,27104,0.854997,0.145003,44284,115532,25263,1841,0.277094,0.960087,0.067924,0.277094,269542000.0,1442.02,platt_sigmoid,10000.0,1500.0,,0.130435,economic_unconstrained,xgboost,xgboost_05_missingness_challenger,missingness_challenger,XGBoost | missingness challenger
0.151141,186920,132339,54581,0.707998,0.292002,40698,91641,49154,5427,0.307528,0.882341,0.09943,0.307528,269518500.0,1441.89,platt_sigmoid,10000.0,1500.0,,0.130435,economic_unconstrained,xgboost,xgboost_05_missingness_challenger,missingness_challenger,XGBoost | missingness challenger
0.105941,186920,160003,26917,0.855997,0.144003,44304,115699,25096,1821,0.276895,0.96052,0.067652,0.276895,269491500.0,1441.75,platt_sigmoid,10000.0,1500.0,,0.130435,economic_unconstrained,xgboost,xgboost_05_missingness_challenger,missingness_challenger,XGBoost | missingness challenger
0.151422,186920,132152,54768,0.706998,0.293002,40671,91481,49314,5454,0.307759,0.881756,0.099584,0.307759,269488500.0,1441.73,platt_sigmoid,10000.0,1500.0,,0.130435,economic_unconstrained,xgboost,xgboost_05_missingness_challenger,missingness_challenger,XGBoost | missingness challenger
0.151742,186920,131965,54955,0.705997,0.294003,40643,91322,49473,5482,0.307983,0.881149,0.099754,0.307983,269447000.0,1441.51,platt_sigmoid,10000.0,1500.0,,0.130435,economic_unconstrained,xgboost,xgboost_05_missingness_challenger,missingness_challenger,XGBoost | missingness challenger
0.10561,186920,160190,26730,0.856998,0.143002,44324,115866,24929,1801,0.276696,0.960954,0.067377,0.276696,269441000.0,1441.48,platt_sigmoid,10000.0,1500.0,,0.130435,economic_unconstrained,xgboost,xgboost_05_missingness_challenger,missingness_challenger,XGBoost | missingness challenger
0.104954,186920,160564,26356,0.858999,0.141001,44371,116193,24602,1754,0.276345,0.961973,0.06655,0.276345,269420500.0,1441.37,platt_sigmoid,10000.0,1500.0,,0.130435,economic_unconstrained,xgboost,xgboost_05_missingness_challenger,missingness_challenger,XGBoost | missingness challenger
0.104596,186920,160751,26169,0.859999,0.140001,44390,116361,24434,1735,0.276141,0.962385,0.0663,0.276141,269358500.0,1441.04,platt_sigmoid,10000.0,1500.0,,0.130435,economic_unconstrained,xgboost,xgboost_05_missingness_challenger,missingness_challenger,XGBoost | missingness challenger
0.105312,186920,160377,26543,0.857998,0.142002,44341,116036,24759,1784,0.27648,0.961322,0.067212,0.27648,269356000.0,1441.02,platt_sigmoid,10000.0,1500.0,,0.130435,economic_unconstrained,xgboost,xgboost_05_missingness_challenger,missingness_challenger,XGBoost | missingness challenger
0.152037,186920,131778,55142,0.704997,0.295003,40609,91169,49626,5516,0.308162,0.880412,0.100033,0.308162,269336500.0,1440.92,platt_sigmoid,10000.0,1500.0,,0.130435,economic_unconstrained,xgboost,xgboost_05_missingness_challenger,missingness_challenger,XGBoost | missingness challenger
0.103645,186920,161312,25608,0.863,0.137,44461,116851,23944,1664,0.275621,0.963924,0.06498,0.275621,269333500.0,1440.9,platt_sigmoid,10000.0,1500.0,,0.130435,economic_unconstrained,xgboost,xgboost_05_missingness_challenger,missingness_challenger,XGBoost | missingness challenger
0.104282,186920,160938,25982,0.860999,0.139001,44412,116526,24269,1713,0.275957,0.962862,0.06593,0.275957,269331000.0,1440.89,platt_sigmoid,10000.0,1500.0,,0.130435,economic_unconstrained,xgboost,xgboost_05_missingness_challenger,missingness_challenger,XGBoost | missingness challenger
0.103925,186920,161125,25795,0.862,0.138,44431,116694,24101,1694,0.275755,0.963274,0.065672,0.275755,269269000.0,1440.56,platt_sigmoid,10000.0,1500.0,,0.130435,economic_unconstrained,xgboost,xgboost_05_missingness_challenger,missingness_challenger,XGBoost | missingness challenger
0.152699,186920,131405,55515,0.703001,0.296999,40553,90852,49943,5572,0.308611,0.879198,0.100369,0.308611,269252000.0,1440.47,platt_sigmoid,10000.0,1500.0,,0.130435,economic_unconstrained,xgboost,xgboost_05_missingness_challenger,missingness_challenger,XGBoost | missingness challenger
0.103342,186920,161499,25421,0.864001,0.135999,44476,117023,23772,1649,0.275395,0.964249,0.064868,0.275395,269225500.0,1440.32,platt_sigmoid,10000.0,1500.0,,0.130435,economic_unconstrained,xgboost,xgboost_05_missingness_challenger,missingness_challenger,XGBoost | missingness challenger
0.152353,186920,131591,55329,0.703996,0.296004,40574,91017,49778,5551,0.308334,0.879653,0.100327,0.308334,269214500.0,1440.27,platt_sigmoid,10000.0,1500.0,,0.130435,economic_unconstrained,xgboost,xgboost_05_missingness_challenger,missingness_challenger,XGBoost | missingness challenger
0.153023,186920,131218,55702,0.702001,0.297999,40524,90694,50101,5601,0.30883,0.878569,0.100553,0.30883,269199000.0,1440.18,platt_sigmoid,10000.0,1500.0,,0.130435,economic_unconstrained,xgboost,xgboost_05_missingness_challenger,missingness_challenger,XGBoost | missingness challenger
0.103028,186920,161685,25235,0.864996,0.135004,44497,117188,23607,1628,0.275208,0.964705,0.064514,0.275208,269188000.0,1440.12,platt_sigmoid,10000.0,1500.0,,0.130435,economic_unconstrained,xgboost,xgboost_05_missingness_challenger,missingness_challenger,XGBoost | missingness challenger
0.102701,186920,161872,25048,0.865996,0.134004,44514,117358,23437,1611,0.274995,0.965073,0.064317,0.274995,269103000.0,1439.67,platt_sigmoid,10000.0,1500.0,,0.130435,economic_unconstrained,xgboost,xgboost_05_missingness_challenger,missingness_challenger,XGBoost | missingness challenger
0.15368,186920,130844,56076,0.7,0.3,40466,90378,50417,5659,0.309269,0.877312,0.100917,0.309269,269093000.0,1439.62,platt_sigmoid,10000.0,1500.0,,0.130435,economic_unconstrained,xgboost,xgboost_05_missingness_challenger,missingness_challenger,XGBoost | missingness challenger
0.102399,186920,162059,24861,0.866997,0.133003,44537,117522,23273,1588,0.27482,0.965572,0.063875,0.27482,269087000.0,1439.58,platt_sigmoid,10000.0,1500.0,,0.130435,economic_unconstrained,xgboost,xgboost_05_missingness_challenger,missingness_challenger,XGBoost | missingness challenger
0.102071,186920,162246,24674,0.867997,0.132003,44560,117686,23109,1565,0.274645,0.96607,0.063427,0.274645,269071000.0,1439.5,platt_sigmoid,10000.0,1500.0,,0.130435,economic_unconstrained,xgboost,xgboost_05_missingness_challenger,missingness_challenger,XGBoost | missingness challenger
0.153354,186920,131031,55889,0.701,0.299,40488,90543,50252,5637,0.308996,0.877789,0.100861,0.308996,269065500.0,1439.47,platt_sigmoid,10000.0,1500.0,,0.130435,economic_unconstrained,xgboost,xgboost_05_missingness_challenger,missingness_challenger,XGBoost | missingness challenger
0.101724,186920,162433,24487,0.868997,0.131003,44575,117858,22937,1550,0.274421,0.966396,0.063299,0.274421,268963000.0,1438.92,platt_sigmoid,10000.0,1500.0,,0.130435,economic_unconstrained,xgboost,xgboost_05_missingness_challenger,missingness_challenger,XGBoost | missingness challenger
0.101378,186920,162620,24300,0.869998,0.130002,44595,118025,22770,1530,0.274228,0.966829,0.062963,0.274228,268912500.0,1438.65,platt_sigmoid,10000.0,1500.0,,0.130435,economic_unconstrained,xgboost,xgboost_05_missingness_challenger,missingness_challenger,XGBoost | missingness challenger
0.153984,186920,130657,56263,0.699,0.301,40423,90234,50561,5702,0.309383,0.876379,0.101345,0.309383,268879000.0,1438.47,platt_sigmoid,10000.0,1500.0,,0.130435,economic_unconstrained,xgboost,xgboost_05_missingness_challenger,missingness_challenger,XGBoost | missingness challenger
0.154597,186920,130283,56637,0.696999,0.303001,40369,89914,50881,5756,0.309856,0.875209,0.10163,0.309856,268819000.0,1438.15,platt_sigmoid,10000.0,1500.0,,0.130435,economic_unconstrained,xgboost,xgboost_05_missingness_challenger,missingness_challenger,XGBoost | missingness challenger
0.154302,186920,130470,56450,0.697999,0.302001,40393,90077,50718,5732,0.309596,0.875729,0.101541,0.309596,268814500.0,1438.13,platt_sigmoid,10000.0,1500.0,,0.130435,economic_unconstrained,xgboost,xgboost_05_missingness_challenger,missingness_challenger,XGBoost | missingness challenger
0.100756,186920,162994,23926,0.871999,0.128001,44632,118362,22433,1493,0.273826,0.967631,0.062401,0.273826,268777000.0,1437.93,platt_sigmoid,10000.0,1500.0,,0.130435,economic_unconstrained,xgboost,xgboost_05_missingness_challenger,missingness_challenger,XGBoost | missingness challenger
0.100367,186920,163181,23739,0.872999,0.127001,44656,118525,22270,1469,0.273659,0.968152,0.061881,0.273659,268772500.0,1437.9,platt_sigmoid,10000.0,1500.0,,0.130435,economic_unconstrained,xgboost,xgboost_05_missingness_challenger,missingness_challenger,XGBoost | missingness challenger
0.101056,186920,162807,24113,0.870998,0.129002,44607,118200,22595,1518,0.273987,0.967089,0.062954,0.273987,268770000.0,1437.89,platt_sigmoid,10000.0,1500.0,,0.130435,economic_unconstrained,xgboost,xgboost_05_missingness_challenger,missingness_challenger,XGBoost | missingness challenger
0.154925,186920,130096,56824,0.695998,0.304002,40336,89760,51035,5789,0.310048,0.874493,0.101876,0.310048,268720000.0,1437.62,platt_sigmoid,10000.0,1500.0,,0.130435,economic_unconstrained,xgboost,xgboost_05_missingness_challenger,missingness_challenger,XGBoost | missingness challenger
0.155473,186920,129722,57198,0.693997,0.306003,40286,89436,51359,5839,0.310556,0.873409,0.102084,0.310556,268706000.0,1437.55,platt_sigmoid,10000.0,1500.0,,0.130435,economic_unconstrained,xgboost,xgboost_05_missingness_challenger,missingness_challenger,XGBoost | missingness challenger
0.100042,186920,163368,23552,0.874,0.126,44674,118694,22101,1451,0.273456,0.968542,0.061608,0.273456,268699000.0,1437.51,platt_sigmoid,10000.0,1500.0,,0.130435,economic_unconstrained,xgboost,xgboost_05_missingness_challenger,missingness_challenger,XGBoost | missingness challenger
0.099694,186920,163555,23365,0.875,0.125,44697,118858,21937,1428,0.273284,0.969041,0.061117,0.273284,268683000.0,1437.42,platt_sigmoid,10000.0,1500.0,,0.130435,economic_unconstrained,xgboost,xgboost_05_missingness_challenger,missingness_challenger,XGBoost | missingness challenger
0.155182,186920,129909,57011,0.694998,0.305002,40305,89604,51191,5820,0.310256,0.873821,0.102086,0.310256,268644000.0,1437.21,platt_sigmoid,10000.0,1500.0,,0.130435,economic_unconstrained,xgboost,xgboost_05_missingness_challenger,missingness_challenger,XGBoost | missingness challenger
0.099322,186920,163742,23178,0.876,0.124,44716,119026,21769,1409,0.273088,0.969453,0.06079,0.273088,268621000.0,1437.09,platt_sigmoid,10000.0,1500.0,,0.130435,economic_unconstrained,xgboost,xgboost_05_missingness_challenger,missingness_challenger,XGBoost | missingness challenger
0.155817,186920,129535,57385,0.692997,0.307003,40247,89288,51507,5878,0.310704,0.872564,0.102431,0.310704,268538000.0,1436.65,platt_sigmoid,10000.0,1500.0,,0.130435,economic_unconstrained,xgboost,xgboost_05_missingness_challenger,missingness_challenger,XGBoost | missingness challenger
0.099005,186920,163928,22992,0.876996,0.123004,44733,119195,21600,1392,0.272882,0.969821,0.060543,0.272882,268537500.0,1436.64,platt_sigmoid,10000.0,1500.0,,0.130435,economic_unconstrained,xgboost,xgboost_05_missingness_challenger,missingness_challenger,XGBoost | missingness challenger
0.156121,186920,129348,57572,0.691997,0.308003,40216,89132,51663,5909,0.310913,0.871892,0.102637,0.310913,268462000.0,1436.24,platt_sigmoid,10000.0,1500.0,,0.130435,economic_unconstrained,xgboost,xgboost_05_missingness_challenger,missingness_challenger,XGBoost | missingness challenger
0.156415,186920,129162,57758,0.691001,0.308999,40191,88971,51824,5934,0.311167,0.87135,0.102739,0.311167,268453500.0,1436.19,platt_sigmoid,10000.0,1500.0,,0.130435,economic_unconstrained,xgboost,xgboost_05_missingness_challenger,missingness_challenger,XGBoost | missingness challenger
0.09867,186920,164115,22805,0.877996,0.122004,44749,119366,21429,1376,0.272669,0.970168,0.060338,0.272669,268441000.0,1436.13,platt_sigmoid,10000.0,1500.0,,0.130435,economic_unconstrained,xgboost,xgboost_05_missingness_challenger,missingness_challenger,XGBoost | missingness challenger
0.156724,186920,128975,57945,0.690001,0.309999,40162,88813,51982,5963,0.311394,0.870721,0.102908,0.311394,268400500.0,1435.91,platt_sigmoid,10000.0,1500.0,,0.130435,economic_unconstrained,xgboost,xgboost_05_missingness_challenger,missingness_challenger,XGBoost | missingness challenger
0.157345,186920,128601,58319,0.688,0.312,40113,88488,52307,6012,0.311918,0.869659,0.103088,0.311918,268398000.0,1435.9,platt_sigmoid,10000.0,1500.0,,0.130435,economic_unconstrained,xgboost,xgboost_05_missingness_challenger,missingness_challenger,XGBoost | missingness challenger
0.157054,186920,128788,58132,0.689001,0.310999,40137,88651,52144,5988,0.311652,0.870179,0.103007,0.311652,268393500.0,1435.87,platt_sigmoid,10000.0,1500.0,,0.130435,economic_unconstrained,xgboost,xgboost_05_missingness_challenger,missingness_challenger,XGBoost | missingness challenger
0.098303,186920,164302,22618,0.878996,0.121004,44767,119535,21260,1358,0.272468,0.970558,0.060041,0.272468,268367500.0,1435.73,platt_sigmoid,10000.0,1500.0,,0.130435,economic_unconstrained,xgboost,xgboost_05_missingness_challenger,missingness_challenger,XGBoost | missingness challenger
0.157605,186920,128414,58506,0.687,0.313,40083,88331,52464,6042,0.312139,0.869008,0.103271,0.312139,268333500.0,1435.55,platt_sigmoid,10000.0,1500.0,,0.130435,economic_unconstrained,xgboost,xgboost_05_missingness_challenger,missingness_challenger,XGBoost | missingness challenger
0.157913,186920,128227,58693,0.685999,0.314001,40058,88169,52626,6067,0.312399,0.868466,0.103368,0.312399,268326500.0,1435.52,platt_sigmoid,10000.0,1500.0,,0.130435,economic_unconstrained,xgboost,xgboost_05_missingness_challenger,missingness_challenger,XGBoost | missingness challenger
0.097939,186920,164489,22431,0.879997,0.120003,44781,119708,21087,1344,0.272243,0.970862,0.059917,0.272243,268248000.0,1435.1,platt_sigmoid,10000.0,1500.0,,0.130435,economic_unconstrained,xgboost,xgboost_05_missingness_challenger,missingness_challenger,XGBoost | missingness challenger
0.097594,186920,164676,22244,0.880997,0.119003,44800,119876,20919,1325,0.272049,0.971274,0.059567,0.272049,268186000.0,1434.76,platt_sigmoid,10000.0,1500.0,,0.130435,economic_unconstrained,xgboost,xgboost_05_missingness_challenger,missingness_challenger,XGBoost | missingness challenger
0.097271,186920,164863,22057,0.881998,0.118002,44822,120041,20754,1303,0.271874,0.971751,0.059074,0.271874,268158500.0,1434.62,platt_sigmoid,10000.0,1500.0,,0.130435,economic_unconstrained,xgboost,xgboost_05_missingness_challenger,missingness_challenger,XGBoost | missingness challenger
0.158203,186920,128040,58880,0.684999,0.315001,40016,88024,52771,6109,0.312527,0.867556,0.103753,0.312527,268124000.0,1434.43,platt_sigmoid,10000.0,1500.0,,0.130435,economic_unconstrained,xgboost,xgboost_05_missingness_challenger,missingness_challenger,XGBoost | missingness challenger
0.096927,186920,165050,21870,0.882998,0.117002,44838,120212,20583,1287,0.271663,0.972098,0.058848,0.271663,268062000.0,1434.1,platt_sigmoid,10000.0,1500.0,,0.130435,economic_unconstrained,xgboost,xgboost_05_missingness_challenger,missingness_challenger,XGBoost | missingness challenger
0.1588,186920,127666,59254,0.682998,0.317002,39959,87707,53088,6166,0.312996,0.86632,0.10406,0.312996,268029500.0,1433.93,platt_sigmoid,10000.0,1500.0,,0.130435,economic_unconstrained,xgboost,xgboost_05_missingness_challenger,missingness_challenger,XGBoost | missingness challenger
0.096607,186920,165237,21683,0.883999,0.116001,44857,120380,20415,1268,0.271471,0.972509,0.058479,0.271471,268000000.0,1433.77,platt_sigmoid,10000.0,1500.0,,0.130435,economic_unconstrained,xgboost,xgboost_05_missingness_challenger,missingness_challenger,XGBoost | missingness challenger
0.158496,186920,127853,59067,0.683999,0.316001,39980,87873,52922,6145,0.312703,0.866775,0.104034,0.312703,267990500.0,1433.72,platt_sigmoid,10000.0,1500.0,,0.130435,economic_unconstrained,xgboost,xgboost_05_missingness_challenger,missingness_challenger,XGBoost | missingness challenger
0.096277,186920,165424,21496,0.884999,0.115001,44876,120548,20247,1249,0.271279,0.972921,0.058104,0.271279,267938000.0,1433.44,platt_sigmoid,10000.0,1500.0,,0.130435,economic_unconstrained,xgboost,xgboost_05_missingness_challenger,missingness_challenger,XGBoost | missingness challenger
0.095908,186920,165611,21309,0.885999,0.114001,44894,120717,20078,1231,0.271081,0.973312,0.057769,0.271081,267864500.0,1433.04,platt_sigmoid,10000.0,1500.0,,0.130435,economic_unconstrained,xgboost,xgboost_05_missingness_challenger,missingness_challenger,XGBoost | missingness challenger
0.15914,186920,127479,59441,0.681998,0.318002,39918,87561,53234,6207,0.313134,0.865431,0.104423,0.313134,267838500.0,1432.9,platt_sigmoid,10000.0,1500.0,,0.130435,economic_unconstrained,xgboost,xgboost_05_missingness_challenger,missingness_challenger,XGBoost | missingness challenger
0.095527,186920,165798,21122,0.887,0.113,44909,120889,19906,1216,0.270866,0.973637,0.05757,0.270866,267756500.0,1432.47,platt_sigmoid,10000.0,1500.0,,0.130435,economic_unconstrained,xgboost,xgboost_05_missingness_challenger,missingness_challenger,XGBoost | missingness challenger
0.159484,186920,127292,59628,0.680997,0.319003,39884,87408,53387,6241,0.313327,0.864694,0.104666,0.313327,267728000.0,1432.31,platt_sigmoid,10000.0,1500.0,,0.130435,economic_unconstrained,xgboost,xgboost_05_missingness_challenger,missingness_challenger,XGBoost | missingness challenger
0.159788,186920,127105,59815,0.679997,0.320003,39854,87251,53544,6271,0.313552,0.864043,0.10484,0.313552,267663500.0,1431.97,platt_sigmoid,10000.0,1500.0,,0.130435,economic_unconstrained,xgboost,xgboost_05_missingness_challenger,missingness_challenger,XGBoost | missingness challenger
0.095202,186920,165985,20935,0.888,0.112,44921,121064,19731,1204,0.270633,0.973897,0.057511,0.270633,267614000.0,1431.7,platt_sigmoid,10000.0,1500.0,,0.130435,economic_unconstrained,xgboost,xgboost_05_missingness_challenger,missingness_challenger,XGBoost | missingness challenger
0.160106,186920,126919,60001,0.679002,0.320998,39820,87099,53696,6305,0.313743,0.863306,0.105082,0.313743,267551500.0,1431.37,platt_sigmoid,10000.0,1500.0,,0.130435,economic_unconstrained,xgboost,xgboost_05_missingness_challenger,missingness_challenger,XGBoost | missingness challenger
0.094825,186920,166171,20749,0.888995,0.111005,44937,121234,19561,1188,0.270426,0.974244,0.057256,0.270426,267519000.0,1431.2,platt_sigmoid,10000.0,1500.0,,0.130435,economic_unconstrained,xgboost,xgboost_05_missingness_challenger,missingness_challenger,XGBoost | missingness challenger
0.094507,186920,166358,20562,0.889996,0.110004,44958,121400,19395,1167,0.270249,0.974699,0.056755,0.270249,267480000.0,1430.99,platt_sigmoid,10000.0,1500.0,,0.130435,economic_unconstrained,xgboost,xgboost_05_missingness_challenger,missingness_challenger,XGBoost | missingness challenger
0.160395,186920,126732,60188,0.678001,0.321999,39788,86944,53851,6337,0.313954,0.862612,0.105287,0.313954,267464000.0,1430.9,platt_sigmoid,10000.0,1500.0,,0.130435,economic_unconstrained,xgboost,xgboost_05_missingness_challenger,missingness_challenger,XGBoost | missingness challenger
0.160695,186920,126545,60375,0.677001,0.322999,39763,86782,54013,6362,0.31422,0.86207,0.105375,0.31422,267457000.0,1430.86,platt_sigmoid,10000.0,1500.0,,0.130435,economic_unconstrained,xgboost,xgboost_05_missingness_challenger,missingness_challenger,XGBoost | missingness challenger
0.094164,186920,166545,20375,0.890996,0.109004,44973,121572,19223,1152,0.270035,0.975024,0.05654,0.270035,267372000.0,1430.41,platt_sigmoid,10000.0,1500.0,,0.130435,economic_unconstrained,xgboost,xgboost_05_missingness_challenger,missingness_challenger,XGBoost | missingness challenger
0.093826,186920,166732,20188,0.891997,0.108003,44994,121738,19057,1131,0.269858,0.97548,0.056023,0.269858,267333000.0,1430.2,platt_sigmoid,10000.0,1500.0,,0.130435,economic_unconstrained,xgboost,xgboost_05_missingness_challenger,missingness_challenger,XGBoost | missingness challenger
0.160998,186920,126358,60562,0.676,0.324,39723,86635,54160,6402,0.314369,0.861203,0.10571,0.314369,267277500.0,1429.9,platt_sigmoid,10000.0,1500.0,,0.130435,economic_unconstrained,xgboost,xgboost_05_missingness_challenger,missingness_challenger,XGBoost | missingness challenger
0.093485,186920,166919,20001,0.892997,0.107003,45008,121911,18884,1117,0.26964,0.975783,0.055847,0.26964,267213500.0,1429.56,platt_sigmoid,10000.0,1500.0,,0.130435,economic_unconstrained,xgboost,xgboost_05_missingness_challenger,missingness_challenger,XGBoost | missingness challenger
0.161262,186920,126171,60749,0.675,0.325,39689,86482,54313,6436,0.314565,0.860466,0.105944,0.314565,267167000.0,1429.31,platt_sigmoid,10000.0,1500.0,,0.130435,economic_unconstrained,xgboost,xgboost_05_missingness_challenger,missingness_challenger,XGBoost | missingness challenger
0.161567,186920,125984,60936,0.674,0.326,39663,86321,54474,6462,0.314826,0.859902,0.106046,0.314826,267148500.0,1429.21,platt_sigmoid,10000.0,1500.0,,0.130435,economic_unconstrained,xgboost,xgboost_05_missingness_challenger,missingness_challenger,XGBoost | missingness challenger
0.093127,186920,167106,19814,0.893997,0.106003,45025,122081,18714,1100,0.26944,0.976152,0.055516,0.26944,267128500.0,1429.11,platt_sigmoid,10000.0,1500.0,,0.130435,economic_unconstrained,xgboost,xgboost_05_missingness_challenger,missingness_challenger,XGBoost | missingness challenger
0.161866,186920,125797,61123,0.672999,0.327001,39629,86168,54627,6496,0.315023,0.859165,0.106278,0.315023,267038000.0,1428.62,platt_sigmoid,10000.0,1500.0,,0.130435,economic_unconstrained,xgboost,xgboost_05_missingness_challenger,missingness_challenger,XGBoost | missingness challenger
0.092783,186920,167293,19627,0.894998,0.105002,45038,122255,18540,1087,0.269216,0.976434,0.055383,0.269216,266997500.0,1428.41,platt_sigmoid,10000.0,1500.0,,0.130435,economic_unconstrained,xgboost,xgboost_05_missingness_challenger,missingness_challenger,XGBoost | missingness challenger
0.162202,186920,125610,61310,0.671999,0.328001,39591,86019,54776,6534,0.31519,0.858341,0.106573,0.31519,266881500.0,1427.78,platt_sigmoid,10000.0,1500.0,,0.130435,economic_unconstrained,xgboost,xgboost_05_missingness_challenger,missingness_challenger,XGBoost | missingness challenger
0.092402,186920,167480,19440,0.895998,0.104002,45049,122431,18364,1076,0.268981,0.976672,0.05535,0.268981,266843500.0,1427.58,platt_sigmoid,10000.0,1500.0,,0.130435,economic_unconstrained,xgboost,xgboost_05_missingness_challenger,missingness_challenger,XGBoost | missingness challenger
0.162502,186920,125423,61497,0.670998,0.329002,39554,85869,54926,6571,0.315365,0.857539,0.106851,0.315365,266736500.0,1427.01,platt_sigmoid,10000.0,1500.0,,0.130435,economic_unconstrained,xgboost,xgboost_05_missingness_challenger,missingness_challenger,XGBoost | missingness challenger
0.162797,186920,125236,61684,0.669998,0.330002,39529,85707,55088,6596,0.315636,0.856997,0.106932,0.315636,266729500.0,1426.97,platt_sigmoid,10000.0,1500.0,,0.130435,economic_unconstrained,xgboost,xgboost_05_missingness_challenger,missingness_challenger,XGBoost | missingness challenger
0.09209,186920,167667,19253,0.896999,0.103001,45061,122606,18189,1064,0.268753,0.976932,0.055264,0.268753,266701000.0,1426.82,platt_sigmoid,10000.0,1500.0,,0.130435,economic_unconstrained,xgboost,xgboost_05_missingness_challenger,missingness_challenger,XGBoost | missingness challenger
0.163112,186920,125050,61870,0.669003,0.330997,39497,85553,55242,6628,0.31585,0.856304,0.107128,0.31585,266640500.0,1426.5,platt_sigmoid,10000.0,1500.0,,0.130435,economic_unconstrained,xgboost,xgboost_05_missingness_challenger,missingness_challenger,XGBoost | missingness challenger
0.091676,186920,167854,19066,0.897999,0.102001,45074,122780,18015,1051,0.268531,0.977214,0.055124,0.268531,266570000.0,1426.12,platt_sigmoid,10000.0,1500.0,,0.130435,economic_unconstrained,xgboost,xgboost_05_missingness_challenger,missingness_challenger,XGBoost | missingness challenger
0.163465,186920,124862,62058,0.667997,0.332003,39463,85399,55396,6662,0.316053,0.855566,0.107351,0.316053,266531500.0,1425.91,platt_sigmoid,10000.0,1500.0,,0.130435,economic_unconstrained,xgboost,xgboost_05_missingness_challenger,missingness_challenger,XGBoost | missingness challenger
0.091372,186920,168041,18879,0.899,0.101,45090,122951,17844,1035,0.268327,0.977561,0.054823,0.268327,266473500.0,1425.6,platt_sigmoid,10000.0,1500.0,,0.130435,economic_unconstrained,xgboost,xgboost_05_missingness_challenger,missingness_challenger,XGBoost | missingness challenger
0.091024,186920,168228,18692,0.9,0.1,45109,123119,17676,1016,0.268142,0.977973,0.054355,0.268142,266411500.0,1425.27,platt_sigmoid,10000.0,1500.0,,0.130435,economic_unconstrained,xgboost,xgboost_05_missingness_challenger,missingness_challenger,XGBoost | missingness challenger
0.090672,186920,168415,18505,0.901,0.099,45129,123286,17509,996,0.267963,0.978407,0.053823,0.267963,266361000.0,1425.0,platt_sigmoid,10000.0,1500.0,,0.130435,economic_unconstrained,xgboost,xgboost_05_missingness_challenger,missingness_challenger,XGBoost | missingness challenger
0.163794,186920,124675,62245,0.666997,0.333003,39419,85256,55539,6706,0.316174,0.854612,0.107736,0.316174,266306000.0,1424.71,platt_sigmoid,10000.0,1500.0,,0.130435,economic_unconstrained,xgboost,xgboost_05_missingness_challenger,missingness_challenger,XGBoost | missingness challenger
0.090289,186920,168601,18319,0.901996,0.098004,45147,123454,17341,978,0.267774,0.978797,0.053387,0.267774,266289000.0,1424.61,platt_sigmoid,10000.0,1500.0,,0.130435,economic_unconstrained,xgboost,xgboost_05_missingness_challenger,missingness_challenger,XGBoost | missingness challenger
0.164074,186920,124489,62431,0.666001,0.333999,39391,85098,55697,6734,0.316422,0.854005,0.107863,0.316422,266263000.0,1424.48,platt_sigmoid,10000.0,1500.0,,0.130435,economic_unconstrained,xgboost,xgboost_05_missingness_challenger,missingness_challenger,XGBoost | missingness challenger
0.1644,186920,124302,62618,0.665001,0.334999,39360,84942,55853,6765,0.316648,0.853333,0.108036,0.316648,266187000.0,1424.07,platt_sigmoid,10000.0,1500.0,,0.130435,economic_unconstrained,xgboost,xgboost_05_missingness_challenger,missingness_challenger,XGBoost | missingness challenger
0.089941,186920,168788,18132,0.902996,0.097004,45162,123626,17169,963,0.267566,0.979122,0.053111,0.267566,266181000.0,1424.04,platt_sigmoid,10000.0,1500.0,,0.130435,economic_unconstrained,xgboost,xgboost_05_missingness_challenger,missingness_challenger,XGBoost | missingness challenger
0.164726,186920,124115,62805,0.664001,0.335999,39331,84784,56011,6794,0.316892,0.852705,0.108176,0.316892,266134000.0,1423.79,platt_sigmoid,10000.0,1500.0,,0.130435,economic_unconstrained,xgboost,xgboost_05_missingness_challenger,missingness_challenger,XGBoost | missingness challenger
0.089614,186920,168975,17945,0.903996,0.096004,45180,123795,17000,945,0.267377,0.979512,0.052661,0.267377,266107500.0,1423.64,platt_sigmoid,10000.0,1500.0,,0.130435,economic_unconstrained,xgboost,xgboost_05_missingness_challenger,missingness_challenger,XGBoost | missingness challenger
0.089266,186920,169162,17758,0.904997,0.095003,45197,123965,16830,928,0.267182,0.979881,0.052258,0.267182,266022500.0,1423.19,platt_sigmoid,10000.0,1500.0,,0.130435,economic_unconstrained,xgboost,xgboost_05_missingness_challenger,missingness_challenger,XGBoost | missingness challenger
0.165012,186920,123928,62992,0.663,0.337,39292,84636,56159,6833,0.317055,0.851859,0.108474,0.317055,265966000.0,1422.89,platt_sigmoid,10000.0,1500.0,,0.130435,economic_unconstrained,xgboost,xgboost_05_missingness_challenger,missingness_challenger,XGBoost | missingness challenger
0.088906,186920,169349,17571,0.905997,0.094003,45210,124139,16656,915,0.266963,0.980163,0.052074,0.266963,265891500.0,1422.49,platt_sigmoid,10000.0,1500.0,,0.130435,economic_unconstrained,xgboost,xgboost_05_missingness_challenger,missingness_challenger,XGBoost | missingness challenger
0.165328,186920,123741,63179,0.662,0.338,39261,84480,56315,6864,0.317284,0.851187,0.108644,0.317284,265890000.0,1422.48,platt_sigmoid,10000.0,1500.0,,0.130435,economic_unconstrained,xgboost,xgboost_05_missingness_challenger,missingness_challenger,XGBoost | missingness challenger
0.088597,186920,169536,17384,0.906998,0.093002,45225,124311,16484,900,0.266758,0.980488,0.051772,0.266758,265783500.0,1421.91,platt_sigmoid,10000.0,1500.0,,0.130435,economic_unconstrained,xgboost,xgboost_05_missingness_challenger,missingness_challenger,XGBoost | missingness challenger
0.165635,186920,123554,63366,0.660999,0.339001,39226,84328,56467,6899,0.317481,0.850428,0.108875,0.317481,265768000.0,1421.83,platt_sigmoid,10000.0,1500.0,,0.130435,economic_unconstrained,xgboost,xgboost_05_missingness_challenger,missingness_challenger,XGBoost | missingness challenger
0.088213,186920,169723,17197,0.907998,0.092002,45242,124481,16314,883,0.266564,0.980856,0.051346,0.266564,265698500.0,1421.46,platt_sigmoid,10000.0,1500.0,,0.130435,economic_unconstrained,xgboost,xgboost_05_missingness_challenger,missingness_challenger,XGBoost | missingness challenger
0.08785,186920,169910,17010,0.908999,0.091001,45261,124649,16146,864,0.266382,0.981268,0.050794,0.266382,265636500.0,1421.12,platt_sigmoid,10000.0,1500.0,,0.130435,economic_unconstrained,xgboost,xgboost_05_missingness_challenger,missingness_challenger,XGBoost | missingness challenger
0.165942,186920,123367,63553,0.659999,0.340001,39189,84178,56617,6936,0.317662,0.849626,0.109137,0.317662,265623000.0,1421.05,platt_sigmoid,10000.0,1500.0,,0.130435,economic_unconstrained,xgboost,xgboost_05_missingness_challenger,missingness_challenger,XGBoost | missingness challenger
0.087473,186920,170097,16823,0.909999,0.090001,45278,124819,15976,847,0.266189,0.981637,0.050348,0.266189,265551500.0,1420.67,platt_sigmoid,10000.0,1500.0,,0.130435,economic_unconstrained,xgboost,xgboost_05_missingness_challenger,missingness_challenger,XGBoost | missingness challenger
0.087108,186920,170284,16636,0.910999,0.089001,45294,124990,15805,831,0.265991,0.981984,0.049952,0.265991,265455000.0,1420.15,platt_sigmoid,10000.0,1500.0,,0.130435,economic_unconstrained,xgboost,xgboost_05_missingness_challenger,missingness_challenger,XGBoost | missingness challenger
0.16625,186920,123180,63740,0.658999,0.341001,39147,84033,56762,6978,0.317803,0.848715,0.109476,0.317803,265420500.0,1419.97,platt_sigmoid,10000.0,1500.0,,0.130435,economic_unconstrained,xgboost,xgboost_05_missingness_challenger,missingness_challenger,XGBoost | missingness challenger
0.166605,186920,122993,63927,0.657998,0.342002,39120,83873,56922,7005,0.318067,0.84813,0.109578,0.318067,265390500.0,1419.81,platt_sigmoid,10000.0,1500.0,,0.130435,economic_unconstrained,xgboost,xgboost_05_missingness_challenger,missingness_challenger,XGBoost | missingness challenger
0.166948,186920,122806,64114,0.656998,0.343002,39088,83718,57077,7037,0.318291,0.847436,0.109758,0.318291,265303000.0,1419.34,platt_sigmoid,10000.0,1500.0,,0.130435,economic_unconstrained,xgboost,xgboost_05_missingness_challenger,missingness_challenger,XGBoost | missingness challenger
0.086732,186920,170471,16449,0.912,0.088,45304,125167,15628,821,0.265758,0.982201,0.049912,0.265758,265289500.0,1419.27,platt_sigmoid,10000.0,1500.0,,0.130435,economic_unconstrained,xgboost,xgboost_05_missingness_challenger,missingness_challenger,XGBoost | missingness challenger
0.167267,186920,122619,64301,0.655997,0.344003,39059,83560,57235,7066,0.31854,0.846808,0.109889,0.31854,265250000.0,1419.06,platt_sigmoid,10000.0,1500.0,,0.130435,economic_unconstrained,xgboost,xgboost_05_missingness_challenger,missingness_challenger,XGBoost | missingness challenger
0.086369,186920,170658,16262,0.913,0.087,45318,125340,15455,807,0.265549,0.982504,0.049625,0.265549,265170000.0,1418.63,platt_sigmoid,10000.0,1500.0,,0.130435,economic_unconstrained,xgboost,xgboost_05_missingness_challenger,missingness_challenger,XGBoost | missingness challenger
0.167619,186920,122432,64488,0.654997,0.345003,39027,83405,57390,7098,0.318765,0.846114,0.110067,0.318765,265162500.0,1418.59,platt_sigmoid,10000.0,1500.0,,0.130435,economic_unconstrained,xgboost,xgboost_05_missingness_challenger,missingness_challenger,XGBoost | missingness challenger
0.167938,186920,122246,64674,0.654002,0.345998,38999,83247,57548,7126,0.319021,0.845507,0.110183,0.319021,265119500.0,1418.36,platt_sigmoid,10000.0,1500.0,,0.130435,economic_unconstrained,xgboost,xgboost_05_missingness_challenger,missingness_challenger,XGBoost | missingness challenger
0.086007,186920,170844,16076,0.913995,0.086005,45335,125509,15286,790,0.265359,0.982873,0.049142,0.265359,265086500.0,1418.18,platt_sigmoid,10000.0,1500.0,,0.130435,economic_unconstrained,xgboost,xgboost_05_missingness_challenger,missingness_challenger,XGBoost | missingness challenger
0.168265,186920,122059,64861,0.653001,0.346999,38963,83096,57699,7162,0.319214,0.844726,0.110421,0.319214,264986000.0,1417.64,platt_sigmoid,10000.0,1500.0,,0.130435,economic_unconstrained,xgboost,xgboost_05_missingness_challenger,missingness_challenger,XGBoost | missingness challenger
0.085642,186920,171031,15889,0.914996,0.085004,45348,125683,15112,777,0.265145,0.983154,0.048902,0.265145,264955500.0,1417.48,platt_sigmoid,10000.0,1500.0,,0.130435,economic_unconstrained,xgboost,xgboost_05_missingness_challenger,missingness_challenger,XGBoost | missingness challenger
0.085242,186920,171218,15702,0.915996,0.084004,45367,125851,14944,758,0.264966,0.983566,0.048274,0.264966,264893500.0,1417.15,platt_sigmoid,10000.0,1500.0,,0.130435,economic_unconstrained,xgboost,xgboost_05_missingness_challenger,missingness_challenger,XGBoost | missingness challenger
0.084865,186920,171405,15515,0.916997,0.083003,45383,126022,14773,742,0.264771,0.983913,0.047825,0.264771,264797000.0,1416.63,platt_sigmoid,10000.0,1500.0,,0.130435,economic_unconstrained,xgboost,xgboost_05_missingness_challenger,missingness_challenger,XGBoost | missingness challenger
0.168586,186920,121872,65048,0.652001,0.347999,38920,82952,57843,7205,0.319351,0.843794,0.110764,0.319351,264772000.0,1416.5,platt_sigmoid,10000.0,1500.0,,0.130435,economic_unconstrained,xgboost,xgboost_05_missingness_challenger,missingness_challenger,XGBoost | missingness challenger
0.168902,186920,121685,65235,0.651,0.349,38891,82794,58001,7234,0.319604,0.843165,0.110891,0.319604,264719000.0,1416.22,platt_sigmoid,10000.0,1500.0,,0.130435,economic_unconstrained,xgboost,xgboost_05_missingness_challenger,missingness_challenger,XGBoost | missingness challenger
0.169243,186920,121498,65422,0.65,0.35,38860,82638,58157,7265,0.319841,0.842493,0.111048,0.319841,264643000.0,1415.81,platt_sigmoid,10000.0,1500.0,,0.130435,economic_unconstrained,xgboost,xgboost_05_missingness_challenger,missingness_challenger,XGBoost | missingness challenger
0.169574,186920,121311,65609,0.649,0.351,38834,82477,58318,7291,0.320119,0.84193,0.111128,0.320119,264624500.0,1415.71,platt_sigmoid,10000.0,1500.0,,0.130435,economic_unconstrained,xgboost,xgboost_05_missingness_challenger,missingness_challenger,XGBoost | missingness challenger
0.084483,186920,171592,15328,0.917997,0.082003,45390,126202,14593,735,0.264523,0.984065,0.047951,0.264523,264597000.0,1415.56,platt_sigmoid,10000.0,1500.0,,0.130435,economic_unconstrained,xgboost,xgboost_05_missingness_challenger,missingness_challenger,XGBoost | missingness challenger
0.169942,186920,121124,65796,0.647999,0.352001,38806,82318,58477,7319,0.320382,0.841322,0.111238,0.320382,264583000.0,1415.49,platt_sigmoid,10000.0,1500.0,,0.130435,economic_unconstrained,xgboost,xgboost_05_missingness_challenger,missingness_challenger,XGBoost | missingness challenger
0.170282,186920,120937,65983,0.646999,0.353001,38772,82165,58630,7353,0.320597,0.840585,0.111438,0.320597,264472500.0,1414.9,platt_sigmoid,10000.0,1500.0,,0.130435,economic_unconstrained,xgboost,xgboost_05_missingness_challenger,missingness_challenger,XGBoost | missingness challenger
0.084104,186920,171779,15141,0.918997,0.081003,45403,126376,14419,722,0.264311,0.984347,0.047685,0.264311,264466000.0,1414.86,platt_sigmoid,10000.0,1500.0,,0.130435,economic_unconstrained,xgboost,xgboost_05_missingness_challenger,missingness_challenger,XGBoost | missingness challenger
0.083723,186920,171966,14954,0.919998,0.080002,45414,126552,14243,711,0.264087,0.984585,0.047546,0.264087,264312000.0,1414.04,platt_sigmoid,10000.0,1500.0,,0.130435,economic_unconstrained,xgboost,xgboost_05_missingness_challenger,missingness_challenger,XGBoost | missingness challenger
0.170573,186920,120750,66170,0.645998,0.354002,38733,82017,58778,7392,0.32077,0.83974,0.111712,0.32077,264304500.0,1414.0,platt_sigmoid,10000.0,1500.0,,0.130435,economic_unconstrained,xgboost,xgboost_05_missingness_challenger,missingness_challenger,XGBoost | missingness challenger
0.170857,186920,120563,66357,0.644998,0.355002,38700,81863,58932,7425,0.320994,0.839024,0.111895,0.320994,264205500.0,1413.47,platt_sigmoid,10000.0,1500.0,,0.130435,economic_unconstrained,xgboost,xgboost_05_missingness_challenger,missingness_challenger,XGBoost | missingness challenger
0.171152,186920,120376,66544,0.643997,0.356003,38672,81704,59091,7453,0.32126,0.838417,0.112001,0.32126,264164000.0,1413.25,platt_sigmoid,10000.0,1500.0,,0.130435,economic_unconstrained,xgboost,xgboost_05_missingness_challenger,missingness_challenger,XGBoost | missingness challenger
0.083315,186920,172153,14767,0.920998,0.079002,45425,126728,14067,700,0.263864,0.984824,0.047403,0.263864,264158000.0,1413.21,platt_sigmoid,10000.0,1500.0,,0.130435,economic_unconstrained,xgboost,xgboost_05_missingness_challenger,missingness_challenger,XGBoost | missingness challenger
0.0829,186920,172340,14580,0.921999,0.078001,45441,126899,13896,684,0.263671,0.985171,0.046914,0.263671,264061500.0,1412.7,platt_sigmoid,10000.0,1500.0,,0.130435,economic_unconstrained,xgboost,xgboost_05_missingness_challenger,missingness_challenger,XGBoost | missingness challenger
0.171484,186920,120189,66731,0.642997,0.357003,38634,81555,59240,7491,0.321444,0.837593,0.112257,0.321444,264007500.0,1412.41,platt_sigmoid,10000.0,1500.0,,0.130435,economic_unconstrained,xgboost,xgboost_05_missingness_challenger,missingness_challenger,XGBoost | missingness challenger
0.082486,186920,172527,14393,0.922999,0.077001,45455,127072,13723,670,0.263466,0.985474,0.04655,0.263466,263942000.0,1412.06,platt_sigmoid,10000.0,1500.0,,0.130435,economic_unconstrained,xgboost,xgboost_05_missingness_challenger,missingness_challenger,XGBoost | missingness challenger
0.171804,186920,120002,66918,0.641997,0.358003,38603,81399,59396,7522,0.321686,0.836921,0.112406,0.321686,263931500.0,1412.0,platt_sigmoid,10000.0,1500.0,,0.130435,economic_unconstrained,xgboost,xgboost_05_missingness_challenger,missingness_challenger,XGBoost | missingness challenger
0.082121,186920,172714,14206,0.924,0.076,45468,127246,13549,657,0.263256,0.985756,0.046248,0.263256,263811000.0,1411.36,platt_sigmoid,10000.0,1500.0,,0.130435,economic_unconstrained,xgboost,xgboost_05_missingness_challenger,missingness_challenger,XGBoost | missingness challenger
0.172152,186920,119816,67104,0.641001,0.358999,38563,81253,59542,7562,0.321852,0.836054,0.112691,0.321852,263750500.0,1411.03,platt_sigmoid,10000.0,1500.0,,0.130435,economic_unconstrained,xgboost,xgboost_05_missingness_challenger,missingness_challenger,XGBoost | missingness challenger
0.08175,186920,172901,14019,0.925,0.075,45483,127418,13377,642,0.263058,0.986081,0.045795,0.263058,263703000.0,1410.78,platt_sigmoid,10000.0,1500.0,,0.130435,economic_unconstrained,xgboost,xgboost_05_missingness_challenger,missingness_challenger,XGBoost | missingness challenger
0.081345,186920,173087,13833,0.925995,0.074005,45493,127594,13201,632,0.262833,0.986298,0.045688,0.262833,263539000.0,1409.9,platt_sigmoid,10000.0,1500.0,,0.130435,economic_unconstrained,xgboost,xgboost_05_missingness_challenger,missingness_challenger,XGBoost | missingness challenger
0.17245,186920,119629,67291,0.640001,0.359999,38520,81109,59686,7605,0.321996,0.835122,0.113017,0.321996,263536500.0,1409.89,platt_sigmoid,10000.0,1500.0,,0.130435,economic_unconstrained,xgboost,xgboost_05_missingness_challenger,missingness_challenger,XGBoost | missingness challenger
0.080921,186920,173274,13646,0.926996,0.073004,45504,127770,13025,621,0.262613,0.986537,0.045508,0.262613,263385000.0,1409.08,platt_sigmoid,10000.0,1500.0,,0.130435,economic_unconstrained,xgboost,xgboost_05_missingness_challenger,missingness_challenger,XGBoost | missingness challenger
0.17279,186920,119442,67478,0.639001,0.360999,38482,80960,59835,7643,0.322181,0.834298,0.113267,0.322181,263380000.0,1409.05,platt_sigmoid,10000.0,1500.0,,0.130435,economic_unconstrained,xgboost,xgboost_05_missingness_challenger,missingness_challenger,XGBoost | missingness challenger
0.173143,186920,119255,67665,0.638,0.362,38446,80809,59986,7679,0.322385,0.833518,0.113486,0.322385,263246500.0,1408.34,platt_sigmoid,10000.0,1500.0,,0.130435,economic_unconstrained,xgboost,xgboost_05_missingness_challenger,missingness_challenger,XGBoost | missingness challenger
0.080538,186920,173461,13459,0.927996,0.072004,45514,127947,12848,611,0.262388,0.986753,0.045397,0.262388,263219500.0,1408.19,platt_sigmoid,10000.0,1500.0,,0.130435,economic_unconstrained,xgboost,xgboost_05_missingness_challenger,missingness_challenger,XGBoost | missingness challenger
0.173497,186920,119068,67852,0.637,0.363,38417,80651,60144,7708,0.322648,0.832889,0.1136,0.322648,263193500.0,1408.05,platt_sigmoid,10000.0,1500.0,,0.130435,economic_unconstrained,xgboost,xgboost_05_missingness_challenger,missingness_challenger,XGBoost | missingness challenger
0.173819,186920,118881,68039,0.635999,0.364001,38387,80494,60301,7738,0.322903,0.832238,0.113729,0.322903,263129000.0,1407.71,platt_sigmoid,10000.0,1500.0,,0.130435,economic_unconstrained,xgboost,xgboost_05_missingness_challenger,missingness_challenger,XGBoost | missingness challenger
0.080125,186920,173648,13272,0.928996,0.071004,45529,128119,12676,596,0.262191,0.987079,0.044907,0.262191,263111500.0,1407.62,platt_sigmoid,10000.0,1500.0,,0.130435,economic_unconstrained,xgboost,xgboost_05_missingness_challenger,missingness_challenger,XGBoost | missingness challenger
0.079713,186920,173835,13085,0.929997,0.070003,45546,128289,12506,579,0.262007,0.987447,0.044249,0.262007,263026500.0,1407.16,platt_sigmoid,10000.0,1500.0,,0.130435,economic_unconstrained,xgboost,xgboost_05_missingness_challenger,missingness_challenger,XGBoost | missingness challenger
0.174163,186920,118694,68226,0.634999,0.365001,38352,80342,60453,7773,0.323117,0.83148,0.11393,0.323117,263007000.0,1407.06,platt_sigmoid,10000.0,1500.0,,0.130435,economic_unconstrained,xgboost,xgboost_05_missingness_challenger,missingness_challenger,XGBoost | missingness challenger
0.079296,186920,174022,12898,0.930997,0.069003,45564,128458,12337,561,0.261829,0.987837,0.043495,0.261829,262953000.0,1406.77,platt_sigmoid,10000.0,1500.0,,0.130435,economic_unconstrained,xgboost,xgboost_05_missingness_challenger,missingness_challenger,XGBoost | missingness challenger
0.078886,186920,174209,12711,0.931998,0.068002,45581,128628,12167,544,0.261645,0.988206,0.042798,0.261645,262868000.0,1406.31,platt_sigmoid,10000.0,1500.0,,0.130435,economic_unconstrained,xgboost,xgboost_05_missingness_challenger,missingness_challenger,XGBoost | missingness challenger
0.174488,186920,118507,68413,0.633999,0.366001,38315,80192,60603,7810,0.323314,0.830678,0.11416,0.323314,262862000.0,1406.28,platt_sigmoid,10000.0,1500.0,,0.130435,economic_unconstrained,xgboost,xgboost_05_missingness_challenger,missingness_challenger,XGBoost | missingness challenger
0.174831,186920,118320,68600,0.632998,0.367002,38275,80045,60750,7850,0.323487,0.82981,0.114431,0.323487,262682500.0,1405.32,platt_sigmoid,10000.0,1500.0,,0.130435,economic_unconstrained,xgboost,xgboost_05_missingness_challenger,missingness_challenger,XGBoost | missingness challenger
0.078463,186920,174396,12524,0.932998,0.067002,45587,128809,11986,538,0.261399,0.988336,0.042958,0.261399,262656500.0,1405.18,platt_sigmoid,10000.0,1500.0,,0.130435,economic_unconstrained,xgboost,xgboost_05_missingness_challenger,missingness_challenger,XGBoost | missingness challenger
0.175161,186920,118133,68787,0.631998,0.368002,38233,79900,60895,7892,0.323644,0.8289,0.114731,0.323644,262480000.0,1404.24,platt_sigmoid,10000.0,1500.0,,0.130435,economic_unconstrained,xgboost,xgboost_05_missingness_challenger,missingness_challenger,XGBoost | missingness challenger
0.078074,186920,174583,12337,0.933999,0.066001,45596,128987,11808,529,0.261171,0.988531,0.042879,0.261171,262479500.0,1404.23,platt_sigmoid,10000.0,1500.0,,0.130435,economic_unconstrained,xgboost,xgboost_05_missingness_challenger,missingness_challenger,XGBoost | missingness challenger
0.077677,186920,174770,12150,0.934999,0.065001,45611,129159,11636,514,0.260977,0.988856,0.042305,0.260977,262371500.0,1403.66,platt_sigmoid,10000.0,1500.0,,0.130435,economic_unconstrained,xgboost,xgboost_05_missingness_challenger,missingness_challenger,XGBoost | missingness challenger
0.175487,186920,117946,68974,0.630997,0.369003,38193,79753,61042,7932,0.323818,0.828033,0.115,0.323818,262300500.0,1403.28,platt_sigmoid,10000.0,1500.0,,0.130435,economic_unconstrained,xgboost,xgboost_05_missingness_challenger,missingness_challenger,XGBoost | missingness challenger
0.077268,186920,174957,11963,0.935999,0.064001,45625,129332,11463,500,0.260778,0.98916,0.041796,0.260778,262252000.0,1403.02,platt_sigmoid,10000.0,1500.0,,0.130435,economic_unconstrained,xgboost,xgboost_05_missingness_challenger,missingness_challenger,XGBoost | missingness challenger
0.175808,186920,117759,69161,0.629997,0.370003,38157,79602,61193,7968,0.324026,0.827252,0.115209,0.324026,262167000.0,1402.56,platt_sigmoid,10000.0,1500.0,,0.130435,economic_unconstrained,xgboost,xgboost_05_missingness_challenger,missingness_challenger,XGBoost | missingness challenger
0.076865,186920,175144,11776,0.937,0.063,45642,129502,11293,483,0.260597,0.989528,0.041016,0.260597,262167000.0,1402.56,platt_sigmoid,10000.0,1500.0,,0.130435,economic_unconstrained,xgboost,xgboost_05_missingness_challenger,missingness_challenger,XGBoost | missingness challenger
0.176132,186920,117573,69347,0.629002,0.370998,38128,79445,61350,7997,0.324292,0.826623,0.115319,0.324292,262112500.0,1402.27,platt_sigmoid,10000.0,1500.0,,0.130435,economic_unconstrained,xgboost,xgboost_05_missingness_challenger,missingness_challenger,XGBoost | missingness challenger
0.076464,186920,175331,11589,0.938,0.062,45657,129674,11121,468,0.260405,0.989854,0.040383,0.260405,262059000.0,1401.98,platt_sigmoid,10000.0,1500.0,,0.130435,economic_unconstrained,xgboost,xgboost_05_missingness_challenger,missingness_challenger,XGBoost | missingness challenger
0.176443,186920,117386,69534,0.628001,0.371999,38096,79290,61505,8029,0.324536,0.82593,0.115469,0.324536,262025000.0,1401.8,platt_sigmoid,10000.0,1500.0,,0.130435,economic_unconstrained,xgboost,xgboost_05_missingness_challenger,missingness_challenger,XGBoost | missingness challenger
0.076073,186920,175517,11403,0.938995,0.061005,45669,129848,10947,456,0.260197,0.990114,0.039989,0.260197,261918000.0,1401.23,platt_sigmoid,10000.0,1500.0,,0.130435,economic_unconstrained,xgboost,xgboost_05_missingness_challenger,missingness_challenger,XGBoost | missingness challenger
0.176781,186920,117199,69721,0.627001,0.372999,38058,79141,61654,8067,0.32473,0.825106,0.115704,0.32473,261868500.0,1400.97,platt_sigmoid,10000.0,1500.0,,0.130435,economic_unconstrained,xgboost,xgboost_05_missingness_challenger,missingness_challenger,XGBoost | missingness challenger
0.075666,186920,175704,11216,0.939996,0.060004,45684,130020,10775,441,0.260005,0.990439,0.039319,0.260005,261810000.0,1400.65,platt_sigmoid,10000.0,1500.0,,0.130435,economic_unconstrained,xgboost,xgboost_05_missingness_challenger,missingness_challenger,XGBoost | missingness challenger
0.177132,186920,117012,69908,0.626,0.374,38027,78985,61810,8098,0.324984,0.824434,0.115838,0.324984,261792500.0,1400.56,platt_sigmoid,10000.0,1500.0,,0.130435,economic_unconstrained,xgboost,xgboost_05_missingness_challenger,missingness_challenger,XGBoost | missingness challenger
0.177445,186920,116825,70095,0.625,0.375,37999,78826,61969,8126,0.325264,0.823827,0.115928,0.325264,261751000.0,1400.34,platt_sigmoid,10000.0,1500.0,,0.130435,economic_unconstrained,xgboost,xgboost_05_missingness_challenger,missingness_challenger,XGBoost | missingness challenger
0.075253,186920,175891,11029,0.940996,0.059004,45699,130192,10603,426,0.259814,0.990764,0.038625,0.259814,261702000.0,1400.07,platt_sigmoid,10000.0,1500.0,,0.130435,economic_unconstrained,xgboost,xgboost_05_missingness_challenger,missingness_challenger,XGBoost | missingness challenger
0.177749,186920,116638,70282,0.624,0.376,37968,78670,62125,8157,0.32552,0.823154,0.116061,0.32552,261675000.0,1399.93,platt_sigmoid,10000.0,1500.0,,0.130435,economic_unconstrained,xgboost,xgboost_05_missingness_challenger,missingness_challenger,XGBoost | missingness challenger
0.17811,186920,116451,70469,0.622999,0.377001,37927,78524,62271,8198,0.325691,0.822266,0.116335,0.325691,261484000.0,1398.91,platt_sigmoid,10000.0,1500.0,,0.130435,economic_unconstrained,xgboost,xgboost_05_missingness_challenger,missingness_challenger,XGBoost | missingness challenger
0.074881,186920,176078,10842,0.941997,0.058003,45703,130375,10420,422,0.259561,0.990851,0.038923,0.259561,261467500.0,1398.82,platt_sigmoid,10000.0,1500.0,,0.130435,economic_unconstrained,xgboost,xgboost_05_missingness_challenger,missingness_challenger,XGBoost | missingness challenger
0.074429,186920,176265,10655,0.942997,0.057003,45718,130547,10248,407,0.259371,0.991176,0.038198,0.259371,261359500.0,1398.24,platt_sigmoid,10000.0,1500.0,,0.130435,economic_unconstrained,xgboost,xgboost_05_missingness_challenger,missingness_challenger,XGBoost | missingness challenger
0.178419,186920,116264,70656,0.621999,0.378001,37886,78378,62417,8239,0.325862,0.821377,0.116607,0.325862,261293000.0,1397.89,platt_sigmoid,10000.0,1500.0,,0.130435,economic_unconstrained,xgboost,xgboost_05_missingness_challenger,missingness_challenger,XGBoost | missingness challenger
0.178736,186920,116077,70843,0.620998,0.379002,37855,78222,62573,8270,0.32612,0.820705,0.116737,0.32612,261217000.0,1397.48,platt_sigmoid,10000.0,1500.0,,0.130435,economic_unconstrained,xgboost,xgboost_05_missingness_challenger,missingness_challenger,XGBoost | missingness challenger
0.074028,186920,176452,10468,0.943997,0.056003,45729,130723,10072,396,0.259158,0.991415,0.03783,0.259158,261205500.0,1397.42,platt_sigmoid,10000.0,1500.0,,0.130435,economic_unconstrained,xgboost,xgboost_05_missingness_challenger,missingness_challenger,XGBoost | missingness challenger
0.073651,186920,176639,10281,0.944998,0.055002,45742,130897,9898,383,0.258958,0.991696,0.037253,0.258958,261074500.0,1396.72,platt_sigmoid,10000.0,1500.0,,0.130435,economic_unconstrained,xgboost,xgboost_05_missingness_challenger,missingness_challenger,XGBoost | missingness challenger
0.179069,186920,115890,71030,0.619998,0.380002,37816,78074,62721,8309,0.326309,0.819859,0.116979,0.326309,261049000.0,1396.58,platt_sigmoid,10000.0,1500.0,,0.130435,economic_unconstrained,xgboost,xgboost_05_missingness_challenger,missingness_challenger,XGBoost | missingness challenger
0.179408,186920,115703,71217,0.618997,0.381003,37781,77922,62873,8344,0.326534,0.8191,0.117163,0.326534,260927000.0,1395.93,platt_sigmoid,10000.0,1500.0,,0.130435,economic_unconstrained,xgboost,xgboost_05_missingness_challenger,missingness_challenger,XGBoost | missingness challenger
0.073243,186920,176826,10094,0.945998,0.054002,45749,131077,9718,376,0.258723,0.991848,0.03725,0.258723,260874500.0,1395.65,platt_sigmoid,10000.0,1500.0,,0.130435,economic_unconstrained,xgboost,xgboost_05_missingness_challenger,missingness_challenger,XGBoost | missingness challenger
0.179734,186920,115516,71404,0.617997,0.382003,37738,77778,63017,8387,0.326691,0.818168,0.117458,0.326691,260713000.0,1394.78,platt_sigmoid,10000.0,1500.0,,0.130435,economic_unconstrained,xgboost,xgboost_05_missingness_challenger,missingness_challenger,XGBoost | missingness challenger
0.072847,186920,177013,9907,0.946999,0.053001,45759,131254,9541,366,0.258506,0.992065,0.036944,0.258506,260709000.0,1394.76,platt_sigmoid,10000.0,1500.0,,0.130435,economic_unconstrained,xgboost,xgboost_05_missingness_challenger,missingness_challenger,XGBoost | missingness challenger
0.072492,186920,177200,9720,0.947999,0.052001,45774,131426,9369,351,0.258318,0.99239,0.036111,0.258318,260601000.0,1394.18,platt_sigmoid,10000.0,1500.0,,0.130435,economic_unconstrained,xgboost,xgboost_05_missingness_challenger,missingness_challenger,XGBoost | missingness challenger
0.180072,186920,115330,71590,0.617002,0.382998,37697,77633,63162,8428,0.326862,0.817279,0.117726,0.326862,260520500.0,1393.75,platt_sigmoid,10000.0,1500.0,,0.130435,economic_unconstrained,xgboost,xgboost_05_missingness_challenger,missingness_challenger,XGBoost | missingness challenger
0.072097,186920,177387,9533,0.949,0.051,45785,131602,9193,340,0.258108,0.992629,0.035666,0.258108,260447000.0,1393.36,platt_sigmoid,10000.0,1500.0,,0.130435,economic_unconstrained,xgboost,xgboost_05_missingness_challenger,missingness_challenger,XGBoost | missingness challenger
0.180382,186920,115143,71777,0.616001,0.383999,37660,77483,63312,8465,0.327072,0.816477,0.117935,0.327072,260375500.0,1392.98,platt_sigmoid,10000.0,1500.0,,0.130435,economic_unconstrained,xgboost,xgboost_05_missingness_challenger,missingness_challenger,XGBoost | missingness challenger
0.07166,186920,177574,9346,0.95,0.05,45796,131778,9017,329,0.257898,0.992867,0.035202,0.257898,260293000.0,1392.54,platt_sigmoid,10000.0,1500.0,,0.130435,economic_unconstrained,xgboost,xgboost_05_missingness_challenger,missingness_challenger,XGBoost | missingness challenger
0.180686,186920,114956,71964,0.615001,0.384999,37626,77330,63465,8499,0.327308,0.81574,0.118101,0.327308,260265000.0,1392.39,platt_sigmoid,10000.0,1500.0,,0.130435,economic_unconstrained,xgboost,xgboost_05_missingness_challenger,missingness_challenger,XGBoost | missingness challenger
0.18103,186920,114769,72151,0.614001,0.385999,37591,77178,63617,8534,0.327536,0.814981,0.11828,0.327536,260143000.0,1391.73,platt_sigmoid,10000.0,1500.0,,0.130435,economic_unconstrained,xgboost,xgboost_05_missingness_challenger,missingness_challenger,XGBoost | missingness challenger
0.071268,186920,177760,9160,0.950995,0.049005,45801,131959,8836,324,0.257656,0.992976,0.035371,0.257656,260071500.0,1391.35,platt_sigmoid,10000.0,1500.0,,0.130435,economic_unconstrained,xgboost,xgboost_05_missingness_challenger,missingness_challenger,XGBoost | missingness challenger
0.181382,186920,114582,72338,0.613,0.387,37548,77034,63761,8577,0.327695,0.814049,0.118568,0.327695,259929000.0,1390.59,platt_sigmoid,10000.0,1500.0,,0.130435,economic_unconstrained,xgboost,xgboost_05_missingness_challenger,missingness_challenger,XGBoost | missingness challenger
0.07086,186920,177947,8973,0.951996,0.048004,45811,132136,8659,314,0.257442,0.993192,0.034994,0.257442,259906000.0,1390.47,platt_sigmoid,10000.0,1500.0,,0.130435,economic_unconstrained,xgboost,xgboost_05_missingness_challenger,missingness_challenger,XGBoost | missingness challenger
0.181711,186920,114395,72525,0.612,0.388,37513,76882,63913,8612,0.327925,0.81329,0.118745,0.327925,259807000.0,1389.94,platt_sigmoid,10000.0,1500.0,,0.130435,economic_unconstrained,xgboost,xgboost_05_missingness_challenger,missingness_challenger,XGBoost | missingness challenger
0.070419,186920,178134,8786,0.952996,0.047004,45822,132312,8483,303,0.257233,0.993431,0.034487,0.257233,259752000.0,1389.64,platt_sigmoid,10000.0,1500.0,,0.130435,economic_unconstrained,xgboost,xgboost_05_missingness_challenger,missingness_challenger,XGBoost | missingness challenger
0.182002,186920,114208,72712,0.610999,0.389001,37476,76732,64063,8649,0.328138,0.812488,0.118949,0.328138,259662000.0,1389.16,platt_sigmoid,10000.0,1500.0,,0.130435,economic_unconstrained,xgboost,xgboost_05_missingness_challenger,missingness_challenger,XGBoost | missingness challenger
0.182343,186920,114021,72899,0.609999,0.390001,37446,76575,64220,8679,0.328413,0.811837,0.119055,0.328413,259597500.0,1388.82,platt_sigmoid,10000.0,1500.0,,0.130435,economic_unconstrained,xgboost,xgboost_05_missingness_challenger,missingness_challenger,XGBoost | missingness challenger
0.06998,186920,178321,8599,0.953996,0.046004,45830,132491,8304,295,0.257008,0.993604,0.034306,0.257008,259563500.0,1388.63,platt_sigmoid,10000.0,1500.0,,0.130435,economic_unconstrained,xgboost,xgboost_05_missingness_challenger,missingness_challenger,XGBoost | missingness challenger
0.182643,186920,113834,73086,0.608999,0.391001,37416,76418,64377,8709,0.328689,0.811187,0.119161,0.328689,259533000.0,1388.47,platt_sigmoid,10000.0,1500.0,,0.130435,economic_unconstrained,xgboost,xgboost_05_missingness_challenger,missingness_challenger,XGBoost | missingness challenger
0.182954,186920,113647,73273,0.607998,0.392002,37379,76268,64527,8746,0.328904,0.810385,0.119362,0.328904,259388000.0,1387.7,platt_sigmoid,10000.0,1500.0,,0.130435,economic_unconstrained,xgboost,xgboost_05_missingness_challenger,missingness_challenger,XGBoost | missingness challenger
0.069577,186920,178508,8412,0.954997,0.045003,45839,132669,8126,286,0.25679,0.993799,0.033999,0.25679,259386500.0,1387.69,platt_sigmoid,10000.0,1500.0,,0.130435,economic_unconstrained,xgboost,xgboost_05_missingness_challenger,missingness_challenger,XGBoost | missingness challenger
0.183327,186920,113460,73460,0.606998,0.393002,37340,76120,64675,8785,0.329103,0.809539,0.119589,0.329103,259220000.0,1386.8,platt_sigmoid,10000.0,1500.0,,0.130435,economic_unconstrained,xgboost,xgboost_05_missingness_challenger,missingness_challenger,XGBoost | missingness challenger
0.069136,186920,178695,8225,0.955997,0.044003,45846,132849,7946,279,0.25656,0.993951,0.033921,0.25656,259186500.0,1386.62,platt_sigmoid,10000.0,1500.0,,0.130435,economic_unconstrained,xgboost,xgboost_05_missingness_challenger,missingness_challenger,XGBoost | missingness challenger
0.183671,186920,113273,73647,0.605997,0.394003,37299,75974,64821,8826,0.329284,0.80865,0.119842,0.329284,259029000.0,1385.77,platt_sigmoid,10000.0,1500.0,,0.130435,economic_unconstrained,xgboost,xgboost_05_missingness_challenger,missingness_challenger,XGBoost | missingness challenger
0.068737,186920,178882,8038,0.956998,0.043002,45855,133027,7768,270,0.256342,0.994146,0.03359,0.256342,259009500.0,1385.67,platt_sigmoid,10000.0,1500.0,,0.130435,economic_unconstrained,xgboost,xgboost_05_missingness_challenger,missingness_challenger,XGBoost | missingness challenger
0.068312,186920,179069,7851,0.957998,0.042002,45867,133202,7593,258,0.256141,0.994407,0.032862,0.256141,258867000.0,1384.91,platt_sigmoid,10000.0,1500.0,,0.130435,economic_unconstrained,xgboost,xgboost_05_missingness_challenger,missingness_challenger,XGBoost | missingness challenger
0.184052,186920,113086,73834,0.604997,0.395003,37259,75827,64968,8866,0.329475,0.807783,0.12008,0.329475,258849500.0,1384.81,platt_sigmoid,10000.0,1500.0,,0.130435,economic_unconstrained,xgboost,xgboost_05_missingness_challenger,missingness_challenger,XGBoost | missingness challenger
0.184375,186920,112900,74020,0.604002,0.395998,37217,75683,65112,8908,0.329646,0.806873,0.120346,0.329646,258645500.0,1383.72,platt_sigmoid,10000.0,1500.0,,0.130435,economic_unconstrained,xgboost,xgboost_05_missingness_challenger,missingness_challenger,XGBoost | missingness challenger
0.067876,186920,179256,7664,0.958999,0.041001,45871,133385,7410,254,0.255897,0.994493,0.033142,0.255897,258632500.0,1383.65,platt_sigmoid,10000.0,1500.0,,0.130435,economic_unconstrained,xgboost,xgboost_05_missingness_challenger,missingness_challenger,XGBoost | missingness challenger
0.067495,186920,179443,7477,0.959999,0.040001,45879,133564,7231,246,0.255675,0.994667,0.032901,0.255675,258444000.0,1382.64,platt_sigmoid,10000.0,1500.0,,0.130435,economic_unconstrained,xgboost,xgboost_05_missingness_challenger,missingness_challenger,XGBoost | missingness challenger
0.184712,186920,112713,74207,0.603001,0.396999,37174,75539,65256,8951,0.329811,0.80594,0.120622,0.329811,258431500.0,1382.58,platt_sigmoid,10000.0,1500.0,,0.130435,economic_unconstrained,xgboost,xgboost_05_missingness_challenger,missingness_challenger,XGBoost | missingness challenger
0.185043,186920,112526,74394,0.602001,0.397999,37136,75390,65405,8989,0.330022,0.805117,0.12083,0.330022,258275000.0,1381.74,platt_sigmoid,10000.0,1500.0,,0.130435,economic_unconstrained,xgboost,xgboost_05_missingness_challenger,missingness_challenger,XGBoost | missingness challenger
0.067069,186920,179630,7290,0.960999,0.039001,45886,133744,7051,239,0.255447,0.994818,0.032785,0.255447,258244000.0,1381.58,platt_sigmoid,10000.0,1500.0,,0.130435,economic_unconstrained,xgboost,xgboost_05_missingness_challenger,missingness_challenger,XGBoost | missingness challenger
0.185377,186920,112339,74581,0.601,0.399,37101,75238,65557,9024,0.330259,0.804358,0.120996,0.330259,258153000.0,1381.09,platt_sigmoid,10000.0,1500.0,,0.130435,economic_unconstrained,xgboost,xgboost_05_missingness_challenger,missingness_challenger,XGBoost | missingness challenger
0.066654,186920,179817,7103,0.962,0.038,45895,133922,6873,230,0.255232,0.995014,0.032381,0.255232,258067000.0,1380.63,platt_sigmoid,10000.0,1500.0,,0.130435,economic_unconstrained,xgboost,xgboost_05_missingness_challenger,missingness_challenger,XGBoost | missingness challenger
0.185728,186920,112152,74768,0.6,0.4,37069,75083,65712,9056,0.330525,0.803664,0.121121,0.330525,258065500.0,1380.62,platt_sigmoid,10000.0,1500.0,,0.130435,economic_unconstrained,xgboost,xgboost_05_missingness_challenger,missingness_challenger,XGBoost | missingness challenger
0.06626,186920,180003,6917,0.962995,0.037005,45911,134092,6703,214,0.255057,0.99536,0.030938,0.255057,257972000.0,1380.12,platt_sigmoid,10000.0,1500.0,,0.130435,economic_unconstrained,xgboost,xgboost_05_missingness_challenger,missingness_challenger,XGBoost | missingness challenger
0.186104,186920,111965,74955,0.599,0.401,37035,74930,65865,9090,0.330773,0.802927,0.121273,0.330773,257955000.0,1380.03,platt_sigmoid,10000.0,1500.0,,0.130435,economic_unconstrained,xgboost,xgboost_05_missingness_challenger,missingness_challenger,XGBoost | missingness challenger
0.18643,186920,111778,75142,0.597999,0.402001,36994,74784,66011,9131,0.33096,0.802038,0.121517,0.33096,257764000.0,1379.01,platt_sigmoid,10000.0,1500.0,,0.130435,economic_unconstrained,xgboost,xgboost_05_missingness_challenger,missingness_challenger,XGBoost | missingness challenger
0.065828,186920,180190,6730,0.963995,0.036005,45915,134275,6520,210,0.254814,0.995447,0.031204,0.254814,257737500.0,1378.87,platt_sigmoid,10000.0,1500.0,,0.130435,economic_unconstrained,xgboost,xgboost_05_missingness_challenger,missingness_challenger,XGBoost | missingness challenger
0.186784,186920,111591,75329,0.596999,0.403001,36954,74637,66158,9171,0.331156,0.801171,0.121746,0.331156,257584500.0,1378.05,platt_sigmoid,10000.0,1500.0,,0.130435,economic_unconstrained,xgboost,xgboost_05_missingness_challenger,missingness_challenger,XGBoost | missingness challenger
0.065448,186920,180377,6543,0.964996,0.035004,45921,134456,6339,204,0.254583,0.995577,0.031178,0.254583,257526000.0,1377.73,platt_sigmoid,10000.0,1500.0,,0.130435,economic_unconstrained,xgboost,xgboost_05_missingness_challenger,missingness_challenger,XGBoost | missingness challenger
0.187141,186920,111404,75516,0.595998,0.404002,36917,74487,66308,9208,0.331379,0.800369,0.121934,0.331379,257439500.0,1377.27,platt_sigmoid,10000.0,1500.0,,0.130435,economic_unconstrained,xgboost,xgboost_05_missingness_challenger,missingness_challenger,XGBoost | missingness challenger
0.187462,186920,111217,75703,0.594998,0.405002,36886,74331,66464,9239,0.331658,0.799696,0.122043,0.331658,257363500.0,1376.86,platt_sigmoid,10000.0,1500.0,,0.130435,economic_unconstrained,xgboost,xgboost_05_missingness_challenger,missingness_challenger,XGBoost | missingness challenger
0.064959,186920,180564,6356,0.965996,0.034004,45931,134633,6162,194,0.254375,0.995794,0.030522,0.254375,257360500.0,1376.85,platt_sigmoid,10000.0,1500.0,,0.130435,economic_unconstrained,xgboost,xgboost_05_missingness_challenger,missingness_challenger,XGBoost | missingness challenger
0.187812,186920,111030,75890,0.593997,0.406003,36853,74177,66618,9272,0.331919,0.798981,0.122177,0.331919,257264500.0,1376.33,platt_sigmoid,10000.0,1500.0,,0.130435,economic_unconstrained,xgboost,xgboost_05_missingness_challenger,missingness_challenger,XGBoost | missingness challenger
0.06455,186920,180751,6169,0.966997,0.033003,45940,134811,5984,185,0.254162,0.995989,0.029989,0.254162,257183500.0,1375.9,platt_sigmoid,10000.0,1500.0,,0.130435,economic_unconstrained,xgboost,xgboost_05_missingness_challenger,missingness_challenger,XGBoost | missingness challenger
0.188176,186920,110843,76077,0.592997,0.407003,36819,74024,66771,9306,0.332173,0.798244,0.122323,0.332173,257154000.0,1375.74,platt_sigmoid,10000.0,1500.0,,0.130435,economic_unconstrained,xgboost,xgboost_05_missingness_challenger,missingness_challenger,XGBoost | missingness challenger
0.188544,186920,110657,76263,0.592002,0.407998,36789,73868,66927,9336,0.33246,0.797593,0.122418,0.33246,257088000.0,1375.39,platt_sigmoid,10000.0,1500.0,,0.130435,economic_unconstrained,xgboost,xgboost_05_missingness_challenger,missingness_challenger,XGBoost | missingness challenger
0.064144,186920,180938,5982,0.967997,0.032003,45949,134989,5806,176,0.253949,0.996184,0.029422,0.253949,257006500.0,1374.95,platt_sigmoid,10000.0,1500.0,,0.130435,economic_unconstrained,xgboost,xgboost_05_missingness_challenger,missingness_challenger,XGBoost | missingness challenger
0.188873,186920,110470,76450,0.591001,0.408999,36751,73719,67076,9374,0.332679,0.79677,0.122616,0.332679,256931500.0,1374.55,platt_sigmoid,10000.0,1500.0,,0.130435,economic_unconstrained,xgboost,xgboost_05_missingness_challenger,missingness_challenger,XGBoost | missingness challenger
0.063733,186920,181125,5795,0.968997,0.031003,45956,135169,5626,169,0.253725,0.996336,0.029163,0.253725,256806500.0,1373.88,platt_sigmoid,10000.0,1500.0,,0.130435,economic_unconstrained,xgboost,xgboost_05_missingness_challenger,missingness_challenger,XGBoost | missingness challenger
0.189552,186920,110096,76824,0.589001,0.410999,36688,73408,67387,9437,0.333236,0.795404,0.122839,0.333236,256768000.0,1373.68,platt_sigmoid,10000.0,1500.0,,0.130435,economic_unconstrained,xgboost,xgboost_05_missingness_challenger,missingness_challenger,XGBoost | missingness challenger
0.1892,186920,110283,76637,0.590001,0.409999,36712,73571,67224,9413,0.332889,0.795924,0.122826,0.332889,256763500.0,1373.65,platt_sigmoid,10000.0,1500.0,,0.130435,economic_unconstrained,xgboost,xgboost_05_missingness_challenger,missingness_challenger,XGBoost | missingness challenger
0.18987,186920,109909,77011,0.588,0.412,36651,73258,67537,9474,0.333467,0.794602,0.123021,0.333467,256623000.0,1372.9,platt_sigmoid,10000.0,1500.0,,0.130435,economic_unconstrained,xgboost,xgboost_05_missingness_challenger,missingness_challenger,XGBoost | missingness challenger
0.063316,186920,181312,5608,0.969998,0.030002,45962,135350,5445,163,0.253497,0.996466,0.029066,0.253497,256595000.0,1372.75,platt_sigmoid,10000.0,1500.0,,0.130435,economic_unconstrained,xgboost,xgboost_05_missingness_challenger,missingness_challenger,XGBoost | missingness challenger
0.190215,186920,109722,77198,0.587,0.413,36620,73102,67693,9505,0.333753,0.79393,0.123125,0.333753,256547000.0,1372.5,platt_sigmoid,10000.0,1500.0,,0.130435,economic_unconstrained,xgboost,xgboost_05_missingness_challenger,missingness_challenger,XGBoost | missingness challenger
0.062898,186920,181499,5421,0.970998,0.029002,45972,135527,5268,153,0.253291,0.996683,0.028224,0.253291,256429500.0,1371.87,platt_sigmoid,10000.0,1500.0,,0.130435,economic_unconstrained,xgboost,xgboost_05_missingness_challenger,missingness_challenger,XGBoost | missingness challenger
0.190518,186920,109535,77385,0.585999,0.414001,36577,72958,67837,9548,0.33393,0.792997,0.123383,0.33393,256333000.0,1371.35,platt_sigmoid,10000.0,1500.0,,0.130435,economic_unconstrained,xgboost,xgboost_05_missingness_challenger,missingness_challenger,XGBoost | missingness challenger
0.062503,186920,181686,5234,0.971999,0.028001,45982,135704,5091,143,0.253085,0.9969,0.027321,0.253085,256264000.0,1370.98,platt_sigmoid,10000.0,1500.0,,0.130435,economic_unconstrained,xgboost,xgboost_05_missingness_challenger,missingness_challenger,XGBoost | missingness challenger
0.190814,186920,109348,77572,0.584999,0.415001,36541,72807,67988,9584,0.334172,0.792217,0.12355,0.334172,256199500.0,1370.64,platt_sigmoid,10000.0,1500.0,,0.130435,economic_unconstrained,xgboost,xgboost_05_missingness_challenger,missingness_challenger,XGBoost | missingness challenger
0.062049,186920,181873,5047,0.972999,0.027001,45989,135884,4911,136,0.252863,0.997051,0.026947,0.252863,256064000.0,1369.91,platt_sigmoid,10000.0,1500.0,,0.130435,economic_unconstrained,xgboost,xgboost_05_missingness_challenger,missingness_challenger,XGBoost | missingness challenger
0.19115,186920,109161,77759,0.583999,0.416001,36501,72660,68135,9624,0.334378,0.79135,0.123767,0.334378,256020000.0,1369.68,platt_sigmoid,10000.0,1500.0,,0.130435,economic_unconstrained,xgboost,xgboost_05_missingness_challenger,missingness_challenger,XGBoost | missingness challenger
0.061566,186920,182060,4860,0.974,0.026,46002,136058,4737,123,0.252675,0.997333,0.025309,0.252675,255933000.0,1369.21,platt_sigmoid,10000.0,1500.0,,0.130435,economic_unconstrained,xgboost,xgboost_05_missingness_challenger,missingness_challenger,XGBoost | missingness challenger
0.191475,186920,108974,77946,0.582998,0.417002,36464,72510,68285,9661,0.334612,0.790547,0.123945,0.334612,255875000.0,1368.9,platt_sigmoid,10000.0,1500.0,,0.130435,economic_unconstrained,xgboost,xgboost_05_missingness_challenger,missingness_challenger,XGBoost | missingness challenger
0.061127,186920,182247,4673,0.975,0.025,46006,136241,4554,119,0.252438,0.99742,0.025465,0.252438,255698500.0,1367.96,platt_sigmoid,10000.0,1500.0,,0.130435,economic_unconstrained,xgboost,xgboost_05_missingness_challenger,missingness_challenger,XGBoost | missingness challenger
0.191811,186920,108787,78133,0.581998,0.418002,36423,72364,68431,9702,0.33481,0.789659,0.124173,0.33481,255684000.0,1367.88,platt_sigmoid,10000.0,1500.0,,0.130435,economic_unconstrained,xgboost,xgboost_05_missingness_challenger,missingness_challenger,XGBoost | missingness challenger
0.060674,186920,182433,4487,0.975995,0.024005,46012,136421,4374,113,0.252213,0.99755,0.025184,0.252213,255488500.0,1366.83,platt_sigmoid,10000.0,1500.0,,0.130435,economic_unconstrained,xgboost,xgboost_05_missingness_challenger,missingness_challenger,XGBoost | missingness challenger
0.192143,186920,108600,78320,0.580997,0.419003,36379,72221,68574,9746,0.334982,0.788705,0.124438,0.334982,255458500.0,1366.67,platt_sigmoid,10000.0,1500.0,,0.130435,economic_unconstrained,xgboost,xgboost_05_missingness_challenger,missingness_challenger,XGBoost | missingness challenger
0.060162,186920,182620,4300,0.976996,0.023004,46018,136602,4193,107,0.251988,0.99768,0.024884,0.251988,255277000.0,1365.7,platt_sigmoid,10000.0,1500.0,,0.130435,economic_unconstrained,xgboost,xgboost_05_missingness_challenger,missingness_challenger,XGBoost | missingness challenger
0.192487,186920,108414,78506,0.580002,0.419998,36335,72079,68716,9790,0.33515,0.787751,0.124704,0.33515,255231500.0,1365.46,platt_sigmoid,10000.0,1500.0,,0.130435,economic_unconstrained,xgboost,xgboost_05_missingness_challenger,missingness_challenger,XGBoost | missingness challenger
0.059668,186920,182807,4113,0.977996,0.022004,46027,136780,4015,98,0.251779,0.997875,0.023827,0.251779,255100000.0,1364.75,platt_sigmoid,10000.0,1500.0,,0.130435,economic_unconstrained,xgboost,xgboost_05_missingness_challenger,missingness_challenger,XGBoost | missingness challenger
0.192802,186920,108227,78693,0.579002,0.420998,36299,71928,68867,9826,0.335397,0.78697,0.124865,0.335397,255098000.0,1364.74,platt_sigmoid,10000.0,1500.0,,0.130435,economic_unconstrained,xgboost,xgboost_05_missingness_challenger,missingness_challenger,XGBoost | missingness challenger
0.059228,186920,182994,3926,0.978996,0.021004,46038,136956,3839,87,0.251582,0.998114,0.02216,0.251582,254946000.0,1363.93,platt_sigmoid,10000.0,1500.0,,0.130435,economic_unconstrained,xgboost,xgboost_05_missingness_challenger,missingness_challenger,XGBoost | missingness challenger
0.193159,186920,108040,78880,0.578001,0.421999,36259,71781,69014,9866,0.335607,0.786103,0.125076,0.335607,254918500.0,1363.78,platt_sigmoid,10000.0,1500.0,,0.130435,economic_unconstrained,xgboost,xgboost_05_missingness_challenger,missingness_challenger,XGBoost | missingness challenger
0.193477,186920,107853,79067,0.577001,0.422999,36225,71628,69167,9900,0.335874,0.785366,0.12521,0.335874,254808000.0,1363.19,platt_sigmoid,10000.0,1500.0,,0.130435,economic_unconstrained,xgboost,xgboost_05_missingness_challenger,missingness_challenger,XGBoost | missingness challenger
0.05878,186920,183181,3739,0.979997,0.020003,46046,137135,3660,79,0.251369,0.998287,0.021129,0.251369,254757500.0,1362.92,platt_sigmoid,10000.0,1500.0,,0.130435,economic_unconstrained,xgboost,xgboost_05_missingness_challenger,missingness_challenger,XGBoost | missingness challenger
0.193809,186920,107666,79254,0.576,0.424,36191,71475,69320,9934,0.336141,0.784629,0.125344,0.336141,254697500.0,1362.6,platt_sigmoid,10000.0,1500.0,,0.130435,economic_unconstrained,xgboost,xgboost_05_missingness_challenger,missingness_challenger,XGBoost | missingness challenger
0.058377,186920,183368,3552,0.980997,0.019003,46056,137312,3483,69,0.251167,0.998504,0.019426,0.251167,254592000.0,1362.04,platt_sigmoid,10000.0,1500.0,,0.130435,economic_unconstrained,xgboost,xgboost_05_missingness_challenger,missingness_challenger,XGBoost | missingness challenger
0.194148,186920,107479,79441,0.575,0.425,36145,71334,69461,9980,0.336298,0.783631,0.125628,0.336298,254449000.0,1361.27,platt_sigmoid,10000.0,1500.0,,0.130435,economic_unconstrained,xgboost,xgboost_05_missingness_challenger,missingness_challenger,XGBoost | missingness challenger
0.057963,186920,183555,3365,0.981998,0.018002,46060,137495,3300,65,0.250933,0.998591,0.019316,0.250933,254357500.0,1360.78,platt_sigmoid,10000.0,1500.0,,0.130435,economic_unconstrained,xgboost,xgboost_05_missingness_challenger,missingness_challenger,XGBoost | missingness challenger
0.194464,186920,107292,79628,0.574,0.426,36108,71184,69611,10017,0.33654,0.782829,0.125797,0.33654,254304000.0,1360.5,platt_sigmoid,10000.0,1500.0,,0.130435,economic_unconstrained,xgboost,xgboost_05_missingness_challenger,missingness_challenger,XGBoost | missingness challenger
0.194833,186920,107105,79815,0.572999,0.427001,36074,71031,69764,10051,0.33681,0.782092,0.125929,0.33681,254193500.0,1359.91,platt_sigmoid,10000.0,1500.0,,0.130435,economic_unconstrained,xgboost,xgboost_05_missingness_challenger,missingness_challenger,XGBoost | missingness challenger
0.057528,186920,183742,3178,0.982998,0.017002,46067,137675,3120,58,0.250716,0.998743,0.01825,0.250716,254157500.0,1359.71,platt_sigmoid,10000.0,1500.0,,0.130435,economic_unconstrained,xgboost,xgboost_05_missingness_challenger,missingness_challenger,XGBoost | missingness challenger
0.195202,186920,106918,80002,0.571999,0.428001,36041,70877,69918,10084,0.33709,0.781377,0.126047,0.33709,254094500.0,1359.38,platt_sigmoid,10000.0,1500.0,,0.130435,economic_unconstrained,xgboost,xgboost_05_missingness_challenger,missingness_challenger,XGBoost | missingness challenger
0.057038,186920,183929,2991,0.983999,0.016001,46068,137861,2934,57,0.250466,0.998764,0.019057,0.250466,253888500.0,1358.27,platt_sigmoid,10000.0,1500.0,,0.130435,economic_unconstrained,xgboost,xgboost_05_missingness_challenger,missingness_challenger,XGBoost | missingness challenger
0.195512,186920,106731,80189,0.570998,0.429002,35997,70734,70061,10128,0.337268,0.780423,0.126302,0.337268,253869000.0,1358.17,platt_sigmoid,10000.0,1500.0,,0.130435,economic_unconstrained,xgboost,xgboost_05_missingness_challenger,missingness_challenger,XGBoost | missingness challenger
0.195841,186920,106544,80376,0.569998,0.430002,35962,70582,70213,10163,0.337532,0.779664,0.126443,0.337532,253747000.0,1357.52,platt_sigmoid,10000.0,1500.0,,0.130435,economic_unconstrained,xgboost,xgboost_05_missingness_challenger,missingness_challenger,XGBoost | missingness challenger
0.056534,186920,184116,2804,0.984999,0.015001,46075,138041,2754,50,0.25025,0.998916,0.017832,0.25025,253688500.0,1357.2,platt_sigmoid,10000.0,1500.0,,0.130435,economic_unconstrained,xgboost,xgboost_05_missingness_challenger,missingness_challenger,XGBoost | missingness challenger
0.196169,186920,106357,80563,0.568997,0.431003,35928,70429,70366,10197,0.337806,0.778927,0.126572,0.337806,253636500.0,1356.93,platt_sigmoid,10000.0,1500.0,,0.130435,economic_unconstrained,xgboost,xgboost_05_missingness_challenger,missingness_challenger,XGBoost | missingness challenger
0.196521,186920,106170,80750,0.567997,0.432003,35892,70278,70517,10233,0.338062,0.778146,0.126724,0.338062,253503000.0,1356.21,platt_sigmoid,10000.0,1500.0,,0.130435,economic_unconstrained,xgboost,xgboost_05_missingness_challenger,missingness_challenger,XGBoost | missingness challenger
0.056077,186920,184303,2617,0.985999,0.014001,46083,138220,2575,42,0.250039,0.999089,0.016049,0.250039,253500000.0,1356.2,platt_sigmoid,10000.0,1500.0,,0.130435,economic_unconstrained,xgboost,xgboost_05_missingness_challenger,missingness_challenger,XGBoost | missingness challenger
0.196869,186920,105984,80936,0.567002,0.432998,35851,70133,70662,10274,0.338268,0.777257,0.12694,0.338268,253310500.0,1355.18,platt_sigmoid,10000.0,1500.0,,0.130435,economic_unconstrained,xgboost,xgboost_05_missingness_challenger,missingness_challenger,XGBoost | missingness challenger
0.055614,186920,184490,2430,0.987,0.013,46090,138400,2395,35,0.249824,0.999241,0.014403,0.249824,253300000.0,1355.13,platt_sigmoid,10000.0,1500.0,,0.130435,economic_unconstrained,xgboost,xgboost_05_missingness_challenger,missingness_challenger,XGBoost | missingness challenger
0.197204,186920,105797,81123,0.566001,0.433999,35810,69987,70808,10315,0.338478,0.776369,0.127153,0.338478,253119500.0,1354.16,platt_sigmoid,10000.0,1500.0,,0.130435,economic_unconstrained,xgboost,xgboost_05_missingness_challenger,missingness_challenger,XGBoost | missingness challenger
0.055093,186920,184676,2244,0.987995,0.012005,46095,138581,2214,30,0.249599,0.99935,0.013369,0.249599,253078500.0,1353.94,platt_sigmoid,10000.0,1500.0,,0.130435,economic_unconstrained,xgboost,xgboost_05_missingness_challenger,missingness_challenger,XGBoost | missingness challenger
0.197574,186920,105610,81310,0.565001,0.434999,35763,69847,70948,10362,0.338633,0.77535,0.127438,0.338633,252859500.0,1352.77,platt_sigmoid,10000.0,1500.0,,0.130435,economic_unconstrained,xgboost,xgboost_05_missingness_challenger,missingness_challenger,XGBoost | missingness challenger
0.054584,186920,184863,2057,0.988995,0.011005,46099,138764,2031,26,0.249368,0.999436,0.01264,0.249368,252844000.0,1352.69,platt_sigmoid,10000.0,1500.0,,0.130435,economic_unconstrained,xgboost,xgboost_05_missingness_challenger,missingness_challenger,XGBoost | missingness challenger
0.197942,186920,105423,81497,0.564001,0.435999,35725,69698,71097,10400,0.338873,0.774526,0.127612,0.338873,252703000.0,1351.93,platt_sigmoid,10000.0,1500.0,,0.130435,economic_unconstrained,xgboost,xgboost_05_missingness_challenger,missingness_challenger,XGBoost | missingness challenger
0.05406,186920,185050,1870,0.989996,0.010004,46103,138947,1848,22,0.249138,0.999523,0.011765,0.249138,252609500.0,1351.43,platt_sigmoid,10000.0,1500.0,,0.130435,economic_unconstrained,xgboost,xgboost_05_missingness_challenger,missingness_challenger,XGBoost | missingness challenger
0.198249,186920,105236,81684,0.563,0.437,35678,69558,71237,10447,0.339028,0.773507,0.127895,0.339028,252443000.0,1350.54,platt_sigmoid,10000.0,1500.0,,0.130435,economic_unconstrained,xgboost,xgboost_05_missingness_challenger,missingness_challenger,XGBoost | missingness challenger
0.053533,186920,185237,1683,0.990996,0.009004,46107,139130,1665,18,0.248908,0.99961,0.010695,0.248908,252375000.0,1350.18,platt_sigmoid,10000.0,1500.0,,0.130435,economic_unconstrained,xgboost,xgboost_05_missingness_challenger,missingness_challenger,XGBoost | missingness challenger
0.198614,186920,105049,81871,0.562,0.438,35646,69403,71392,10479,0.339327,0.772813,0.127994,0.339327,252355500.0,1350.07,platt_sigmoid,10000.0,1500.0,,0.130435,economic_unconstrained,xgboost,xgboost_05_missingness_challenger,missingness_challenger,XGBoost | missingness challenger
0.19898,186920,104862,82058,0.560999,0.439001,35609,69253,71542,10516,0.33958,0.772011,0.128153,0.33958,252210500.0,1349.3,platt_sigmoid,10000.0,1500.0,,0.130435,economic_unconstrained,xgboost,xgboost_05_missingness_challenger,missingness_challenger,XGBoost | missingness challenger
0.052942,186920,185424,1496,0.991997,0.008003,46110,139314,1481,15,0.248673,0.999675,0.010027,0.248673,252129000.0,1348.86,platt_sigmoid,10000.0,1500.0,,0.130435,economic_unconstrained,xgboost,xgboost_05_missingness_challenger,missingness_challenger,XGBoost | missingness challenger
0.199324,186920,104675,82245,0.559999,0.440001,35569,69106,71689,10556,0.339804,0.771144,0.128348,0.339804,252031000.0,1348.34,platt_sigmoid,10000.0,1500.0,,0.130435,economic_unconstrained,xgboost,xgboost_05_missingness_challenger,missingness_challenger,XGBoost | missingness challenger
0.199679,186920,104488,82432,0.558999,0.441001,35531,68957,71838,10594,0.340049,0.77032,0.128518,0.340049,251874500.0,1347.5,platt_sigmoid,10000.0,1500.0,,0.130435,economic_unconstrained,xgboost,xgboost_05_missingness_challenger,missingness_challenger,XGBoost | missingness challenger
0.052369,186920,185611,1309,0.992997,0.007003,46112,139499,1296,13,0.248434,0.999718,0.009931,0.248434,251871500.0,1347.48,platt_sigmoid,10000.0,1500.0,,0.130435,economic_unconstrained,xgboost,xgboost_05_missingness_challenger,missingness_challenger,XGBoost | missingness challenger
0.200023,186920,104301,82619,0.557998,0.442002,35495,68806,71989,10630,0.340313,0.769539,0.128663,0.340313,251741000.0,1346.78,platt_sigmoid,10000.0,1500.0,,0.130435,economic_unconstrained,xgboost,xgboost_05_missingness_challenger,missingness_challenger,XGBoost | missingness challenger
0.051808,186920,185798,1122,0.993997,0.006003,46113,139685,1110,12,0.248189,0.99974,0.010695,0.248189,251602500.0,1346.04,platt_sigmoid,10000.0,1500.0,,0.130435,economic_unconstrained,xgboost,xgboost_05_missingness_challenger,missingness_challenger,XGBoost | missingness challenger
0.200392,186920,104114,82806,0.556998,0.443002,35455,68659,72136,10670,0.34054,0.768672,0.128855,0.34054,251561500.0,1345.82,platt_sigmoid,10000.0,1500.0,,0.130435,economic_unconstrained,xgboost,xgboost_05_missingness_challenger,missingness_challenger,XGBoost | missingness challenger
0.200761,186920,103927,82993,0.555997,0.444003,35415,68512,72283,10710,0.340768,0.767805,0.129047,0.340768,251382000.0,1344.86,platt_sigmoid,10000.0,1500.0,,0.130435,economic_unconstrained,xgboost,xgboost_05_missingness_challenger,missingness_challenger,XGBoost | missingness challenger
0.051157,186920,185985,935,0.994998,0.005002,46113,139872,923,12,0.247939,0.99974,0.012834,0.247939,251322000.0,1344.54,platt_sigmoid,10000.0,1500.0,,0.130435,economic_unconstrained,xgboost,xgboost_05_missingness_challenger,missingness_challenger,XGBoost | missingness challenger
0.2011,186920,103741,83179,0.555002,0.444998,35378,68363,72432,10747,0.341022,0.767003,0.129203,0.341022,251235500.0,1344.08,platt_sigmoid,10000.0,1500.0,,0.130435,economic_unconstrained,xgboost,xgboost_05_missingness_challenger,missingness_challenger,XGBoost | missingness challenger
0.050382,186920,186172,748,0.995998,0.004002,46115,140057,738,10,0.247701,0.999783,0.013369,0.247701,251064500.0,1343.17,platt_sigmoid,10000.0,1500.0,,0.130435,economic_unconstrained,xgboost,xgboost_05_missingness_challenger,missingness_challenger,XGBoost | missingness challenger
0.201444,186920,103554,83366,0.554002,0.445998,35334,68220,72575,10791,0.341213,0.766049,0.129441,0.341213,251010000.0,1342.87,platt_sigmoid,10000.0,1500.0,,0.130435,economic_unconstrained,xgboost,xgboost_05_missingness_challenger,missingness_challenger,XGBoost | missingness challenger
0.049655,186920,186359,561,0.996999,0.003001,46118,140241,554,7,0.247469,0.999848,0.012478,0.247469,250818500.0,1341.85,platt_sigmoid,10000.0,1500.0,,0.130435,economic_unconstrained,xgboost,xgboost_05_missingness_challenger,missingness_challenger,XGBoost | missingness challenger
0.201759,186920,103367,83553,0.553001,0.446999,35291,68076,72719,10834,0.341415,0.765117,0.129666,0.341415,250796000.0,1341.73,platt_sigmoid,10000.0,1500.0,,0.130435,economic_unconstrained,xgboost,xgboost_05_missingness_challenger,missingness_challenger,XGBoost | missingness challenger
0.20209,186920,103180,83740,0.552001,0.447999,35260,67920,72875,10865,0.341733,0.764444,0.129747,0.341733,250720000.0,1341.32,platt_sigmoid,10000.0,1500.0,,0.130435,economic_unconstrained,xgboost,xgboost_05_missingness_challenger,missingness_challenger,XGBoost | missingness challenger
0.202454,186920,102993,83927,0.551,0.449,35225,67768,73027,10900,0.342014,0.763686,0.129875,0.342014,250598000.0,1340.67,platt_sigmoid,10000.0,1500.0,,0.130435,economic_unconstrained,xgboost,xgboost_05_missingness_challenger,missingness_challenger,XGBoost | missingness challenger
0.048845,186920,186546,374,0.997999,0.002001,46120,140426,369,5,0.247231,0.999892,0.013369,0.247231,250561000.0,1340.47,platt_sigmoid,10000.0,1500.0,,0.130435,economic_unconstrained,xgboost,xgboost_05_missingness_challenger,missingness_challenger,XGBoost | missingness challenger
0.2028,186920,102806,84114,0.55,0.45,35182,67624,73171,10943,0.342217,0.762753,0.130097,0.342217,250384000.0,1339.52,platt_sigmoid,10000.0,1500.0,,0.130435,economic_unconstrained,xgboost,xgboost_05_missingness_challenger,missingness_challenger,XGBoost | missingness challenger
0.04776,186920,186733,187,0.999,0.001,46121,140612,183,4,0.246989,0.999913,0.02139,0.246989,250292000.0,1339.03,platt_sigmoid,10000.0,1500.0,,0.130435,economic_unconstrained,xgboost,xgboost_05_missingness_challenger,missingness_challenger,XGBoost | missingness challenger
0.203106,186920,102619,84301,0.549,0.451,35138,67481,73314,10987,0.342412,0.761799,0.130331,0.342412,250158500.0,1338.32,platt_sigmoid,10000.0,1500.0,,0.130435,economic_unconstrained,xgboost,xgboost_05_missingness_challenger,missingness_challenger,XGBoost | missingness challenger
0.044591,186920,186920,0,1.0,0.0,46125,140795,0,0,0.246763,1.0,,0.246763,250057500.0,1337.78,platt_sigmoid,10000.0,1500.0,,0.130435,economic_unconstrained,xgboost,xgboost_05_missingness_challenger,missingness_challenger,XGBoost | missingness challenger
0.0,186920,186920,0,1.0,0.0,46125,140795,0,0,0.246763,1.0,,0.246763,250057500.0,1337.78,platt_sigmoid,10000.0,1500.0,,0.130435,economic_unconstrained,xgboost,xgboost_05_missingness_challenger,missingness_challenger,XGBoost | missingness challenger
0.203455,186920,102432,84488,0.547999,0.452001,35096,67336,73459,11029,0.342627,0.760889,0.130539,0.342627,249956000.0,1337.24,platt_sigmoid,10000.0,1500.0,,0.130435,economic_unconstrained,xgboost,xgboost_05_missingness_challenger,missingness_challenger,XGBoost | missingness challenger
0.203777,186920,102245,84675,0.546999,0.453001,35050,67195,73600,11075,0.342804,0.759892,0.130794,0.342804,249707500.0,1335.91,platt_sigmoid,10000.0,1500.0,,0.130435,economic_unconstrained,xgboost,xgboost_05_missingness_challenger,missingness_challenger,XGBoost | missingness challenger
0.204124,186920,102058,84862,0.545998,0.454002,35003,67055,73740,11122,0.342972,0.758873,0.13106,0.342972,249447500.0,1334.51,platt_sigmoid,10000.0,1500.0,,0.130435,economic_unconstrained,xgboost,xgboost_05_missingness_challenger,missingness_challenger,XGBoost | missingness challenger
0.204476,186920,101871,85049,0.544998,0.455002,34969,66902,73893,11156,0.343267,0.758136,0.131171,0.343267,249337000.0,1333.92,platt_sigmoid,10000.0,1500.0,,0.130435,economic_unconstrained,xgboost,xgboost_05_missingness_challenger,missingness_challenger,XGBoost | missingness challenger
0.204852,186920,101684,85236,0.543997,0.456003,34927,66757,74038,11198,0.343486,0.757225,0.131376,0.343486,249134500.0,1332.84,platt_sigmoid,10000.0,1500.0,,0.130435,economic_unconstrained,xgboost,xgboost_05_missingness_challenger,missingness_challenger,XGBoost | missingness challenger
0.205169,186920,101498,85422,0.543002,0.456998,34884,66614,74181,11241,0.343692,0.756293,0.131594,0.343692,248919000.0,1331.69,platt_sigmoid,10000.0,1500.0,,0.130435,economic_unconstrained,xgboost,xgboost_05_missingness_challenger,missingness_challenger,XGBoost | missingness challenger
0.205529,186920,101311,85609,0.542002,0.457998,34848,66463,74332,11277,0.343971,0.755512,0.131727,0.343971,248785500.0,1330.97,platt_sigmoid,10000.0,1500.0,,0.130435,economic_unconstrained,xgboost,xgboost_05_missingness_challenger,missingness_challenger,XGBoost | missingness challenger
0.205879,186920,101124,85796,0.541001,0.458999,34816,66308,74487,11309,0.34429,0.754818,0.131813,0.34429,248698000.0,1330.51,platt_sigmoid,10000.0,1500.0,,0.130435,economic_unconstrained,xgboost,xgboost_05_missingness_challenger,missingness_challenger,XGBoost | missingness challenger
0.206311,186920,100937,85983,0.540001,0.459999,34772,66165,74630,11353,0.344492,0.753864,0.132038,0.344492,248472500.0,1329.3,platt_sigmoid,10000.0,1500.0,,0.130435,economic_unconstrained,xgboost,xgboost_05_missingness_challenger,missingness_challenger,XGBoost | missingness challenger
0.206677,186920,100750,86170,0.539001,0.460999,34734,66016,74779,11391,0.344754,0.753041,0.132192,0.344754,248316000.0,1328.46,platt_sigmoid,10000.0,1500.0,,0.130435,economic_unconstrained,xgboost,xgboost_05_missingness_challenger,missingness_challenger,XGBoost | missingness challenger
0.207057,186920,100563,86357,0.538,0.462,34698,65865,74930,11427,0.345037,0.75226,0.132323,0.345037,248182500.0,1327.75,platt_sigmoid,10000.0,1500.0,,0.130435,economic_unconstrained,xgboost,xgboost_05_missingness_challenger,missingness_challenger,XGBoost | missingness challenger
0.207452,186920,100376,86544,0.537,0.463,34640,65736,75059,11485,0.345102,0.751003,0.132707,0.345102,247796000.0,1325.68,platt_sigmoid,10000.0,1500.0,,0.130435,economic_unconstrained,xgboost,xgboost_05_missingness_challenger,missingness_challenger,XGBoost | missingness challenger
0.207833,186920,100189,86731,0.535999,0.464001,34599,65590,75205,11526,0.345337,0.750114,0.132894,0.345337,247605000.0,1324.66,platt_sigmoid,10000.0,1500.0,,0.130435,economic_unconstrained,xgboost,xgboost_05_missingness_challenger,missingness_challenger,XGBoost | missingness challenger
0.208189,186920,100002,86918,0.534999,0.465001,34559,65443,75352,11566,0.345583,0.749247,0.133068,0.345583,247425500.0,1323.7,platt_sigmoid,10000.0,1500.0,,0.130435,economic_unconstrained,xgboost,xgboost_05_missingness_challenger,missingness_challenger,XGBoost | missingness challenger
0.208535,186920,99815,87105,0.533999,0.466001,34519,65296,75499,11606,0.34583,0.748379,0.133241,0.34583,247246000.0,1322.74,platt_sigmoid,10000.0,1500.0,,0.130435,economic_unconstrained,xgboost,xgboost_05_missingness_challenger,missingness_challenger,XGBoost | missingness challenger
0.20889,186920,99628,87292,0.532998,0.467002,34480,65148,75647,11645,0.346087,0.747534,0.133403,0.346087,247078000.0,1321.84,platt_sigmoid,10000.0,1500.0,,0.130435,economic_unconstrained,xgboost,xgboost_05_missingness_challenger,missingness_challenger,XGBoost | missingness challenger
0.209268,186920,99441,87479,0.531998,0.468002,34444,64997,75798,11681,0.346376,0.746753,0.133529,0.346376,246944500.0,1321.12,platt_sigmoid,10000.0,1500.0,,0.130435,economic_unconstrained,xgboost,xgboost_05_missingness_challenger,missingness_challenger,XGBoost | missingness challenger
0.209635,186920,99254,87666,0.530997,0.469003,34403,64851,75944,11722,0.346616,0.745864,0.133712,0.346616,246753500.0,1320.1,platt_sigmoid,10000.0,1500.0,,0.130435,economic_unconstrained,xgboost,xgboost_05_missingness_challenger,missingness_challenger,XGBoost | missingness challenger
0.209971,186920,99068,87852,0.530002,0.469998,34368,64700,76095,11757,0.346913,0.745106,0.133827,0.346913,246630000.0,1319.44,platt_sigmoid,10000.0,1500.0,,0.130435,economic_unconstrained,xgboost,xgboost_05_missingness_challenger,missingness_challenger,XGBoost | missingness challenger
0.210388,186920,98881,88039,0.529002,0.470998,34325,64556,76239,11800,0.347134,0.744173,0.134032,0.347134,246416000.0,1318.3,platt_sigmoid,10000.0,1500.0,,0.130435,economic_unconstrained,xgboost,xgboost_05_missingness_challenger,missingness_challenger,XGBoost | missingness challenger
0.210781,186920,98694,88226,0.528001,0.471999,34283,64411,76384,11842,0.347367,0.743263,0.134223,0.347367,246213500.0,1317.21,platt_sigmoid,10000.0,1500.0,,0.130435,economic_unconstrained,xgboost,xgboost_05_missingness_challenger,missingness_challenger,XGBoost | missingness challenger
0.211125,186920,98507,88413,0.527001,0.472999,34235,64272,76523,11890,0.347539,0.742222,0.134482,0.347539,245942000.0,1315.76,platt_sigmoid,10000.0,1500.0,,0.130435,economic_unconstrained,xgboost,xgboost_05_missingness_challenger,missingness_challenger,XGBoost | missingness challenger
0.211451,186920,98320,88600,0.526,0.474,34191,64129,76666,11934,0.347752,0.741268,0.134695,0.347752,245716500.0,1314.55,platt_sigmoid,10000.0,1500.0,,0.130435,economic_unconstrained,xgboost,xgboost_05_missingness_challenger,missingness_challenger,XGBoost | missingness challenger
0.211794,186920,98133,88787,0.525,0.475,34147,63986,76809,11978,0.347967,0.740314,0.134907,0.347967,245491000.0,1313.35,platt_sigmoid,10000.0,1500.0,,0.130435,economic_unconstrained,xgboost,xgboost_05_missingness_challenger,missingness_challenger,XGBoost | missingness challenger
0.212147,186920,97946,88974,0.524,0.476,34114,63832,76963,12011,0.348294,0.739599,0.134994,0.348294,245392000.0,1312.82,platt_sigmoid,10000.0,1500.0,,0.130435,economic_unconstrained,xgboost,xgboost_05_missingness_challenger,missingness_challenger,XGBoost | missingness challenger
0.212487,186920,97759,89161,0.522999,0.477001,34073,63686,77109,12052,0.348541,0.73871,0.135171,0.348541,245201000.0,1311.8,platt_sigmoid,10000.0,1500.0,,0.130435,economic_unconstrained,xgboost,xgboost_05_missingness_challenger,missingness_challenger,XGBoost | missingness challenger
0.212872,186920,97572,89348,0.521999,0.478001,34023,63549,77246,12102,0.348696,0.737626,0.135448,0.348696,244906500.0,1310.22,platt_sigmoid,10000.0,1500.0,,0.130435,economic_unconstrained,xgboost,xgboost_05_missingness_challenger,missingness_challenger,XGBoost | missingness challenger
0.213267,186920,97385,89535,0.520998,0.479002,33984,63401,77394,12141,0.348965,0.73678,0.135601,0.348965,244738500.0,1309.32,platt_sigmoid,10000.0,1500.0,,0.130435,economic_unconstrained,xgboost,xgboost_05_missingness_challenger,missingness_challenger,XGBoost | missingness challenger
0.21369,186920,97198,89722,0.519998,0.480002,33945,63253,77542,12180,0.349236,0.735935,0.135753,0.349236,244570500.0,1308.42,platt_sigmoid,10000.0,1500.0,,0.130435,economic_unconstrained,xgboost,xgboost_05_missingness_challenger,missingness_challenger,XGBoost | missingness challenger
0.214136,186920,97011,89909,0.518997,0.481003,33896,63115,77680,12229,0.349404,0.734873,0.136015,0.349404,244287500.0,1306.91,platt_sigmoid,10000.0,1500.0,,0.130435,economic_unconstrained,xgboost,xgboost_05_missingness_challenger,missingness_challenger,XGBoost | missingness challenger
0.214502,186920,96825,90095,0.518002,0.481998,33858,62967,77828,12267,0.349682,0.734049,0.136156,0.349682,244129500.0,1306.06,platt_sigmoid,10000.0,1500.0,,0.130435,economic_unconstrained,xgboost,xgboost_05_missingness_challenger,missingness_challenger,XGBoost | missingness challenger
0.214852,186920,96638,90282,0.517002,0.482998,33817,62821,77974,12308,0.349935,0.73316,0.136328,0.349935,243938500.0,1305.04,platt_sigmoid,10000.0,1500.0,,0.130435,economic_unconstrained,xgboost,xgboost_05_missingness_challenger,missingness_challenger,XGBoost | missingness challenger
0.215255,186920,96451,90469,0.516001,0.483999,33767,62684,78111,12358,0.350095,0.732076,0.136599,0.350095,243644000.0,1303.47,platt_sigmoid,10000.0,1500.0,,0.130435,economic_unconstrained,xgboost,xgboost_05_missingness_challenger,missingness_challenger,XGBoost | missingness challenger
0.215619,186920,96264,90656,0.515001,0.484999,33726,62538,78257,12399,0.350349,0.731187,0.13677,0.350349,243453000.0,1302.44,platt_sigmoid,10000.0,1500.0,,0.130435,economic_unconstrained,xgboost,xgboost_05_missingness_challenger,missingness_challenger,XGBoost | missingness challenger
0.215955,186920,96077,90843,0.514001,0.485999,33683,62394,78401,12442,0.350583,0.730255,0.136962,0.350583,243239000.0,1301.3,platt_sigmoid,10000.0,1500.0,,0.130435,economic_unconstrained,xgboost,xgboost_05_missingness_challenger,missingness_challenger,XGBoost | missingness challenger
0.216324,186920,95890,91030,0.513,0.487,33636,62254,78541,12489,0.350777,0.729236,0.137197,0.350777,242979000.0,1299.91,platt_sigmoid,10000.0,1500.0,,0.130435,economic_unconstrained,xgboost,xgboost_05_missingness_challenger,missingness_challenger,XGBoost | missingness challenger
0.216677,186920,95703,91217,0.512,0.488,33596,62107,78688,12529,0.351044,0.728369,0.137354,0.351044,242799500.0,1298.95,platt_sigmoid,10000.0,1500.0,,0.130435,economic_unconstrained,xgboost,xgboost_05_missingness_challenger,missingness_challenger,XGBoost | missingness challenger
0.217016,186920,95516,91404,0.510999,0.489001,33562,61954,78841,12563,0.351376,0.727631,0.137445,0.351376,242689000.0,1298.36,platt_sigmoid,10000.0,1500.0,,0.130435,economic_unconstrained,xgboost,xgboost_05_missingness_challenger,missingness_challenger,XGBoost | missingness challenger
0.21735,186920,95329,91591,0.509999,0.490001,33521,61808,78987,12604,0.351635,0.726743,0.137612,0.351635,242498000.0,1297.34,platt_sigmoid,10000.0,1500.0,,0.130435,economic_unconstrained,xgboost,xgboost_05_missingness_challenger,missingness_challenger,XGBoost | missingness challenger
0.217722,186920,95142,91778,0.508999,0.491001,33467,61675,79120,12658,0.351758,0.725572,0.13792,0.351758,242157500.0,1295.51,platt_sigmoid,10000.0,1500.0,,0.130435,economic_unconstrained,xgboost,xgboost_05_missingness_challenger,missingness_challenger,XGBoost | missingness challenger
0.21808,186920,94955,91965,0.507998,0.492002,33435,61520,79275,12690,0.352114,0.724878,0.137987,0.352114,242070000.0,1295.05,platt_sigmoid,10000.0,1500.0,,0.130435,economic_unconstrained,xgboost,xgboost_05_missingness_challenger,missingness_challenger,XGBoost | missingness challenger
0.218456,186920,94768,92152,0.506998,0.493002,33389,61379,79416,12736,0.352324,0.723881,0.138206,0.352324,241821500.0,1293.72,platt_sigmoid,10000.0,1500.0,,0.130435,economic_unconstrained,xgboost,xgboost_05_missingness_challenger,missingness_challenger,XGBoost | missingness challenger
0.218799,186920,94582,92338,0.506003,0.493997,33341,61241,79554,12784,0.352509,0.72284,0.138448,0.352509,241548500.0,1292.26,platt_sigmoid,10000.0,1500.0,,0.130435,economic_unconstrained,xgboost,xgboost_05_missingness_challenger,missingness_challenger,XGBoost | missingness challenger
0.219142,186920,94395,92525,0.505002,0.494998,33297,61098,79697,12828,0.352741,0.721886,0.138644,0.352741,241323000.0,1291.05,platt_sigmoid,10000.0,1500.0,,0.130435,economic_unconstrained,xgboost,xgboost_05_missingness_challenger,missingness_challenger,XGBoost | missingness challenger
0.219508,186920,94208,92712,0.504002,0.495998,33250,60958,79837,12875,0.352942,0.720867,0.138871,0.352942,241063000.0,1289.66,platt_sigmoid,10000.0,1500.0,,0.130435,economic_unconstrained,xgboost,xgboost_05_missingness_challenger,missingness_challenger,XGBoost | missingness challenger
0.219861,186920,94021,92899,0.503001,0.496999,33207,60814,79981,12918,0.353187,0.719935,0.139054,0.353187,240849000.0,1288.51,platt_sigmoid,10000.0,1500.0,,0.130435,economic_unconstrained,xgboost,xgboost_05_missingness_challenger,missingness_challenger,XGBoost | missingness challenger
0.220165,186920,93834,93086,0.502001,0.497999,33164,60670,80125,12961,0.353433,0.719003,0.139237,0.353433,240635000.0,1287.37,platt_sigmoid,10000.0,1500.0,,0.130435,economic_unconstrained,xgboost,xgboost_05_missingness_challenger,missingness_challenger,XGBoost | missingness challenger
0.220595,186920,93647,93273,0.501,0.499,33127,60520,80275,12998,0.353743,0.718201,0.139354,0.353743,240490000.0,1286.59,platt_sigmoid,10000.0,1500.0,,0.130435,economic_unconstrained,xgboost,xgboost_05_missingness_challenger,missingness_challenger,XGBoost | missingness challenger
0.220967,186920,93460,93460,0.5,0.5,33076,60384,80411,13049,0.353905,0.717095,0.139621,0.353905,240184000.0,1284.96,platt_sigmoid,10000.0,1500.0,,0.130435,economic_unconstrained,xgboost,xgboost_05_missingness_challenger,missingness_challenger,XGBoost | missingness challenger
0.221346,186920,93273,93647,0.499,0.501,33030,60243,80552,13095,0.354122,0.716098,0.139834,0.354122,239935500.0,1283.63,platt_sigmoid,10000.0,1500.0,,0.130435,economic_unconstrained,xgboost,xgboost_05_missingness_challenger,missingness_challenger,XGBoost | missingness challenger
0.221648,186920,93086,93834,0.497999,0.502001,32989,60097,80698,13136,0.354393,0.715209,0.139992,0.354393,239744500.0,1282.6,platt_sigmoid,10000.0,1500.0,,0.130435,economic_unconstrained,xgboost,xgboost_05_missingness_challenger,missingness_challenger,XGBoost | missingness challenger
0.221977,186920,92899,94021,0.496999,0.503001,32944,59955,80840,13181,0.354622,0.714233,0.140192,0.354622,239507500.0,1281.34,platt_sigmoid,10000.0,1500.0,,0.130435,economic_unconstrained,xgboost,xgboost_05_missingness_challenger,missingness_challenger,XGBoost | missingness challenger
0.222374,186920,92712,94208,0.495998,0.504002,32896,59816,80979,13229,0.354819,0.713192,0.140423,0.354819,239236000.0,1279.88,platt_sigmoid,10000.0,1500.0,,0.130435,economic_unconstrained,xgboost,xgboost_05_missingness_challenger,missingness_challenger,XGBoost | missingness challenger
0.222706,186920,92526,94394,0.495003,0.504997,32855,59671,81124,13270,0.355089,0.712304,0.140581,0.355089,239043500.0,1278.85,platt_sigmoid,10000.0,1500.0,,0.130435,economic_unconstrained,xgboost,xgboost_05_missingness_challenger,missingness_challenger,XGBoost | missingness challenger
0.223105,186920,92338,94582,0.493997,0.506003,32811,59527,81268,13314,0.355336,0.71135,0.140767,0.355336,238819500.0,1277.66,platt_sigmoid,10000.0,1500.0,,0.130435,economic_unconstrained,xgboost,xgboost_05_missingness_challenger,missingness_challenger,XGBoost | missingness challenger
0.223464,186920,92152,94768,0.493002,0.506998,32765,59387,81408,13360,0.355554,0.710352,0.140976,0.355554,238569500.0,1276.32,platt_sigmoid,10000.0,1500.0,,0.130435,economic_unconstrained,xgboost,xgboost_05_missingness_challenger,missingness_challenger,XGBoost | missingness challenger
0.223794,186920,91965,94955,0.492002,0.507998,32718,59247,81548,13407,0.355766,0.709333,0.141193,0.355766,238309500.0,1274.93,platt_sigmoid,10000.0,1500.0,,0.130435,economic_unconstrained,xgboost,xgboost_05_missingness_challenger,missingness_challenger,XGBoost | missingness challenger
0.224115,186920,91778,95142,0.491001,0.508999,32675,59103,81692,13450,0.356022,0.708401,0.141368,0.356022,238095500.0,1273.78,platt_sigmoid,10000.0,1500.0,,0.130435,economic_unconstrained,xgboost,xgboost_05_missingness_challenger,missingness_challenger,XGBoost | missingness challenger
0.224481,186920,91591,95329,0.490001,0.509999,32618,58973,81822,13507,0.356127,0.707165,0.141688,0.356127,237720500.0,1271.78,platt_sigmoid,10000.0,1500.0,,0.130435,economic_unconstrained,xgboost,xgboost_05_missingness_challenger,missingness_challenger,XGBoost | missingness challenger
0.224843,186920,91404,95516,0.489001,0.510999,32581,58823,81972,13544,0.35645,0.706363,0.141798,0.35645,237575500.0,1271.0,platt_sigmoid,10000.0,1500.0,,0.130435,economic_unconstrained,xgboost,xgboost_05_missingness_challenger,missingness_challenger,XGBoost | missingness challenger
0.22518,186920,91217,95703,0.488,0.512,32541,58676,82119,13584,0.356743,0.705496,0.141939,0.356743,237396000.0,1270.04,platt_sigmoid,10000.0,1500.0,,0.130435,economic_unconstrained,xgboost,xgboost_05_missingness_challenger,missingness_challenger,XGBoost | missingness challenger
0.225612,186920,91030,95890,0.487,0.513,32493,58537,82258,13632,0.356948,0.704455,0.142163,0.356948,237124500.0,1268.59,platt_sigmoid,10000.0,1500.0,,0.130435,economic_unconstrained,xgboost,xgboost_05_missingness_challenger,missingness_challenger,XGBoost | missingness challenger
0.22595,186920,90843,96077,0.485999,0.514001,32450,58393,82402,13675,0.35721,0.703523,0.142334,0.35721,236910500.0,1267.44,platt_sigmoid,10000.0,1500.0,,0.130435,economic_unconstrained,xgboost,xgboost_05_missingness_challenger,missingness_challenger,XGBoost | missingness challenger
0.226373,186920,90656,96264,0.484999,0.515001,32406,58250,82545,13719,0.357461,0.702569,0.142514,0.357461,236685000.0,1266.24,platt_sigmoid,10000.0,1500.0,,0.130435,economic_unconstrained,xgboost,xgboost_05_missingness_challenger,missingness_challenger,XGBoost | missingness challenger
0.22672,186920,90469,96451,0.483999,0.516001,32356,58113,82682,13769,0.357647,0.701485,0.142756,0.357647,236390500.0,1264.66,platt_sigmoid,10000.0,1500.0,,0.130435,economic_unconstrained,xgboost,xgboost_05_missingness_challenger,missingness_challenger,XGBoost | missingness challenger
0.227096,186920,90282,96638,0.482998,0.517002,32315,57967,82828,13810,0.357934,0.700596,0.142904,0.357934,236199500.0,1263.64,platt_sigmoid,10000.0,1500.0,,0.130435,economic_unconstrained,xgboost,xgboost_05_missingness_challenger,missingness_challenger,XGBoost | missingness challenger
0.227462,186920,90095,96825,0.481998,0.518002,32267,57828,82967,13858,0.358144,0.699556,0.143124,0.358144,235928000.0,1262.19,platt_sigmoid,10000.0,1500.0,,0.130435,economic_unconstrained,xgboost,xgboost_05_missingness_challenger,missingness_challenger,XGBoost | missingness challenger
0.227877,186920,89909,97011,0.481003,0.518997,32223,57686,83109,13902,0.358396,0.698602,0.143303,0.358396,235701000.0,1260.97,platt_sigmoid,10000.0,1500.0,,0.130435,economic_unconstrained,xgboost,xgboost_05_missingness_challenger,missingness_challenger,XGBoost | missingness challenger
0.228238,186920,89722,97198,0.480002,0.519998,32183,57539,83256,13942,0.358697,0.697734,0.143439,0.358697,235521500.0,1260.01,platt_sigmoid,10000.0,1500.0,,0.130435,economic_unconstrained,xgboost,xgboost_05_missingness_challenger,missingness_challenger,XGBoost | missingness challenger
0.228606,186920,89535,97385,0.479002,0.520998,32137,57398,83397,13988,0.358932,0.696737,0.143636,0.358932,235273000.0,1258.68,platt_sigmoid,10000.0,1500.0,,0.130435,economic_unconstrained,xgboost,xgboost_05_missingness_challenger,missingness_challenger,XGBoost | missingness challenger
0.228987,186920,89348,97572,0.478001,0.521999,32083,57265,83530,14042,0.359079,0.695566,0.143914,0.359079,234932500.0,1256.86,platt_sigmoid,10000.0,1500.0,,0.130435,economic_unconstrained,xgboost,xgboost_05_missingness_challenger,missingness_challenger,XGBoost | missingness challenger
0.229409,186920,89161,97759,0.477001,0.522999,32032,57129,83666,14093,0.35926,0.694461,0.144161,0.35926,234626500.0,1255.22,platt_sigmoid,10000.0,1500.0,,0.130435,economic_unconstrained,xgboost,xgboost_05_missingness_challenger,missingness_challenger,XGBoost | missingness challenger
0.229736,186920,88974,97946,0.476,0.524,31993,56981,83814,14132,0.359577,0.693615,0.144284,0.359577,234458500.0,1254.33,platt_sigmoid,10000.0,1500.0,,0.130435,economic_unconstrained,xgboost,xgboost_05_missingness_challenger,missingness_challenger,XGBoost | missingness challenger
0.230147,186920,88787,98133,0.475,0.525,31947,56840,83955,14178,0.359816,0.692618,0.144477,0.359816,234210000.0,1253.0,platt_sigmoid,10000.0,1500.0,,0.130435,economic_unconstrained,xgboost,xgboost_05_missingness_challenger,missingness_challenger,XGBoost | missingness challenger
0.230515,186920,88600,98320,0.474,0.526,31904,56696,84099,14221,0.36009,0.691686,0.14464,0.36009,233996000.0,1251.85,platt_sigmoid,10000.0,1500.0,,0.130435,economic_unconstrained,xgboost,xgboost_05_missingness_challenger,missingness_challenger,XGBoost | missingness challenger
0.23088,186920,88413,98507,0.472999,0.527001,31875,56538,84257,14250,0.360524,0.691057,0.14466,0.360524,233943000.0,1251.57,platt_sigmoid,10000.0,1500.0,,0.130435,economic_unconstrained,xgboost,xgboost_05_missingness_challenger,missingness_challenger,XGBoost | missingness challenger
0.231265,186920,88226,98694,0.471999,0.528001,31832,56394,84401,14293,0.360801,0.690125,0.144821,0.360801,233729000.0,1250.42,platt_sigmoid,10000.0,1500.0,,0.130435,economic_unconstrained,xgboost,xgboost_05_missingness_challenger,missingness_challenger,XGBoost | missingness challenger
0.231683,186920,88039,98881,0.470998,0.529002,31784,56255,84540,14341,0.361022,0.689084,0.145033,0.361022,233457500.0,1248.97,platt_sigmoid,10000.0,1500.0,,0.130435,economic_unconstrained,xgboost,xgboost_05_missingness_challenger,missingness_challenger,XGBoost | missingness challenger
0.232007,186920,87852,99068,0.469998,0.530002,31753,56099,84696,14372,0.361437,0.688412,0.145072,0.361437,233381500.0,1248.56,platt_sigmoid,10000.0,1500.0,,0.130435,economic_unconstrained,xgboost,xgboost_05_missingness_challenger,missingness_challenger,XGBoost | missingness challenger
0.232392,186920,87666,99254,0.469003,0.530997,31712,55954,84841,14413,0.361737,0.687523,0.145213,0.361737,233189000.0,1247.53,platt_sigmoid,10000.0,1500.0,,0.130435,economic_unconstrained,xgboost,xgboost_05_missingness_challenger,missingness_challenger,XGBoost | missingness challenger
0.232798,186920,87479,99441,0.468002,0.531998,31658,55821,84974,14467,0.361893,0.686352,0.145483,0.361893,232848500.0,1245.71,platt_sigmoid,10000.0,1500.0,,0.130435,economic_unconstrained,xgboost,xgboost_05_missingness_challenger,missingness_challenger,XGBoost | missingness challenger
0.233191,186920,87292,99628,0.467002,0.532998,31615,55677,85118,14510,0.362175,0.68542,0.145642,0.362175,232634500.0,1244.57,platt_sigmoid,10000.0,1500.0,,0.130435,economic_unconstrained,xgboost,xgboost_05_missingness_challenger,missingness_challenger,XGBoost | missingness challenger
0.233538,186920,87105,99815,0.466001,0.533999,31569,55536,85259,14556,0.362425,0.684423,0.14583,0.362425,232386000.0,1243.24,platt_sigmoid,10000.0,1500.0,,0.130435,economic_unconstrained,xgboost,xgboost_05_missingness_challenger,missingness_challenger,XGBoost | missingness challenger
0.233864,186920,86918,100002,0.465001,0.534999,31531,55387,85408,14594,0.362767,0.683599,0.145937,0.362767,232229500.0,1242.4,platt_sigmoid,10000.0,1500.0,,0.130435,economic_unconstrained,xgboost,xgboost_05_missingness_challenger,missingness_challenger,XGBoost | missingness challenger
0.234259,186920,86731,100189,0.464001,0.535999,31488,55243,85552,14637,0.363054,0.682667,0.146094,0.363054,232015500.0,1241.26,platt_sigmoid,10000.0,1500.0,,0.130435,economic_unconstrained,xgboost,xgboost_05_missingness_challenger,missingness_challenger,XGBoost | missingness challenger
0.234593,186920,86544,100376,0.463,0.537,31430,55114,85681,14695,0.363168,0.681409,0.1464,0.363168,231629000.0,1239.19,platt_sigmoid,10000.0,1500.0,,0.130435,economic_unconstrained,xgboost,xgboost_05_missingness_challenger,missingness_challenger,XGBoost | missingness challenger
0.234949,186920,86357,100563,0.462,0.538,31380,54977,85818,14745,0.363375,0.680325,0.146625,0.363375,231334500.0,1237.61,platt_sigmoid,10000.0,1500.0,,0.130435,economic_unconstrained,xgboost,xgboost_05_missingness_challenger,missingness_challenger,XGBoost | missingness challenger
0.235358,186920,86170,100750,0.460999,0.539001,31339,54831,85964,14786,0.363688,0.679436,0.146759,0.363688,231143500.0,1236.59,platt_sigmoid,10000.0,1500.0,,0.130435,economic_unconstrained,xgboost,xgboost_05_missingness_challenger,missingness_challenger,XGBoost | missingness challenger
0.235712,186920,85983,100937,0.459999,0.540001,31290,54693,86102,14835,0.363909,0.678374,0.146973,0.363909,230860500.0,1235.08,platt_sigmoid,10000.0,1500.0,,0.130435,economic_unconstrained,xgboost,xgboost_05_missingness_challenger,missingness_challenger,XGBoost | missingness challenger
0.236098,186920,85796,101124,0.458999,0.541001,31245,54551,86244,14880,0.364178,0.677398,0.147146,0.364178,230623500.0,1233.81,platt_sigmoid,10000.0,1500.0,,0.130435,economic_unconstrained,xgboost,xgboost_05_missingness_challenger,missingness_challenger,XGBoost | missingness challenger
0.236505,186920,85609,101311,0.457998,0.542002,31201,54408,86387,14924,0.364459,0.676444,0.147309,0.364459,230398000.0,1232.6,platt_sigmoid,10000.0,1500.0,,0.130435,economic_unconstrained,xgboost,xgboost_05_missingness_challenger,missingness_challenger,XGBoost | missingness challenger
0.236886,186920,85422,101498,0.456998,0.543002,31162,54260,86535,14963,0.364801,0.675599,0.147422,0.364801,230230000.0,1231.7,platt_sigmoid,10000.0,1500.0,,0.130435,economic_unconstrained,xgboost,xgboost_05_missingness_challenger,missingness_challenger,XGBoost | missingness challenger
0.237291,186920,85236,101684,0.456003,0.543997,31121,54115,86680,15004,0.365116,0.67471,0.147555,0.365116,230037500.0,1230.67,platt_sigmoid,10000.0,1500.0,,0.130435,economic_unconstrained,xgboost,xgboost_05_missingness_challenger,missingness_challenger,XGBoost | missingness challenger
0.237706,186920,85049,101871,0.455002,0.544998,31078,53971,86824,15047,0.365413,0.673778,0.147706,0.365413,229823500.0,1229.53,platt_sigmoid,10000.0,1500.0,,0.130435,economic_unconstrained,xgboost,xgboost_05_missingness_challenger,missingness_challenger,XGBoost | missingness challenger
0.238075,186920,84862,102058,0.454002,0.545998,31028,53834,86961,15097,0.365629,0.672694,0.147926,0.365629,229529000.0,1227.95,platt_sigmoid,10000.0,1500.0,,0.130435,economic_unconstrained,xgboost,xgboost_05_missingness_challenger,missingness_challenger,XGBoost | missingness challenger
0.238479,186920,84675,102245,0.453001,0.546999,30972,53703,87092,15153,0.365775,0.67148,0.148203,0.365775,229165500.0,1226.01,platt_sigmoid,10000.0,1500.0,,0.130435,economic_unconstrained,xgboost,xgboost_05_missingness_challenger,missingness_challenger,XGBoost | missingness challenger
0.238783,186920,84488,102432,0.452001,0.547999,30926,53562,87233,15199,0.36604,0.670482,0.148381,0.36604,228917000.0,1224.68,platt_sigmoid,10000.0,1500.0,,0.130435,economic_unconstrained,xgboost,xgboost_05_missingness_challenger,missingness_challenger,XGBoost | missingness challenger
0.239166,186920,84301,102619,0.451,0.549,30877,53424,87371,15248,0.366271,0.66942,0.148588,0.366271,228634000.0,1223.16,platt_sigmoid,10000.0,1500.0,,0.130435,economic_unconstrained,xgboost,xgboost_05_missingness_challenger,missingness_challenger,XGBoost | missingness challenger
0.239547,186920,84114,102806,0.45,0.55,30825,53289,87506,15300,0.366467,0.668293,0.148824,0.366467,228316500.0,1221.47,platt_sigmoid,10000.0,1500.0,,0.130435,economic_unconstrained,xgboost,xgboost_05_missingness_challenger,missingness_challenger,XGBoost | missingness challenger
0.240024,186920,83927,102993,0.449,0.551,30780,53147,87648,15345,0.366747,0.667317,0.148991,0.366747,228079500.0,1220.2,platt_sigmoid,10000.0,1500.0,,0.130435,economic_unconstrained,xgboost,xgboost_05_missingness_challenger,missingness_challenger,XGBoost | missingness challenger
0.240396,186920,83740,103180,0.447999,0.552001,30735,53005,87790,15390,0.367029,0.666341,0.149157,0.367029,227842500.0,1218.93,platt_sigmoid,10000.0,1500.0,,0.130435,economic_unconstrained,xgboost,xgboost_05_missingness_challenger,missingness_challenger,XGBoost | missingness challenger
0.240763,186920,83553,103367,0.446999,0.553001,30689,52864,87931,15436,0.3673,0.665344,0.149332,0.3673,227594000.0,1217.6,platt_sigmoid,10000.0,1500.0,,0.130435,economic_unconstrained,xgboost,xgboost_05_missingness_challenger,missingness_challenger,XGBoost | missingness challenger
0.241166,186920,83366,103554,0.445998,0.554002,30642,52724,88071,15483,0.36756,0.664325,0.149516,0.36756,227334000.0,1216.21,platt_sigmoid,10000.0,1500.0,,0.130435,economic_unconstrained,xgboost,xgboost_05_missingness_challenger,missingness_challenger,XGBoost | missingness challenger
0.241519,186920,83179,103741,0.444998,0.555002,30596,52583,88212,15529,0.367833,0.663328,0.14969,0.367833,227085500.0,1214.88,platt_sigmoid,10000.0,1500.0,,0.130435,economic_unconstrained,xgboost,xgboost_05_missingness_challenger,missingness_challenger,XGBoost | missingness challenger
0.241949,186920,82993,103927,0.444003,0.555997,30558,52435,88360,15567,0.3682,0.662504,0.149788,0.3682,226927500.0,1214.04,platt_sigmoid,10000.0,1500.0,,0.130435,economic_unconstrained,xgboost,xgboost_05_missingness_challenger,missingness_challenger,XGBoost | missingness challenger
0.242321,186920,82806,104114,0.443002,0.556998,30508,52298,88497,15617,0.368427,0.66142,0.149999,0.368427,226633000.0,1212.46,platt_sigmoid,10000.0,1500.0,,0.130435,economic_unconstrained,xgboost,xgboost_05_missingness_challenger,missingness_challenger,XGBoost | missingness challenger
0.242734,186920,82619,104301,0.442002,0.557998,30458,52161,88634,15667,0.368656,0.660336,0.150209,0.368656,226338500.0,1210.88,platt_sigmoid,10000.0,1500.0,,0.130435,economic_unconstrained,xgboost,xgboost_05_missingness_challenger,missingness_challenger,XGBoost | missingness challenger
0.243138,186920,82432,104488,0.441001,0.558999,30416,52016,88779,15709,0.368983,0.659425,0.150343,0.368983,226136000.0,1209.8,platt_sigmoid,10000.0,1500.0,,0.130435,economic_unconstrained,xgboost,xgboost_05_missingness_challenger,missingness_challenger,XGBoost | missingness challenger
0.243531,186920,82245,104675,0.440001,0.559999,30370,51875,88920,15755,0.369263,0.658428,0.150513,0.369263,225887500.0,1208.47,platt_sigmoid,10000.0,1500.0,,0.130435,economic_unconstrained,xgboost,xgboost_05_missingness_challenger,missingness_challenger,XGBoost | missingness challenger
0.243887,186920,82058,104862,0.439001,0.560999,30319,51739,89056,15806,0.369483,0.657322,0.150731,0.369483,225581500.0,1206.83,platt_sigmoid,10000.0,1500.0,,0.130435,economic_unconstrained,xgboost,xgboost_05_missingness_challenger,missingness_challenger,XGBoost | missingness challenger
0.244267,186920,81871,105049,0.438,0.562,30272,51599,89196,15853,0.369752,0.656304,0.150911,0.369752,225321500.0,1205.44,platt_sigmoid,10000.0,1500.0,,0.130435,economic_unconstrained,xgboost,xgboost_05_missingness_challenger,missingness_challenger,XGBoost | missingness challenger
0.244678,186920,81684,105236,0.437,0.563,30220,51464,89331,15905,0.369962,0.655176,0.151136,0.369962,225004000.0,1203.74,platt_sigmoid,10000.0,1500.0,,0.130435,economic_unconstrained,xgboost,xgboost_05_missingness_challenger,missingness_challenger,XGBoost | missingness challenger
0.245142,186920,81497,105423,0.435999,0.564001,30173,51324,89471,15952,0.370234,0.654157,0.151314,0.370234,224744000.0,1202.35,platt_sigmoid,10000.0,1500.0,,0.130435,economic_unconstrained,xgboost,xgboost_05_missingness_challenger,missingness_challenger,XGBoost | missingness challenger
0.245509,186920,81310,105610,0.434999,0.565001,30125,51185,89610,16000,0.370496,0.653117,0.151501,0.370496,224472500.0,1200.9,platt_sigmoid,10000.0,1500.0,,0.130435,economic_unconstrained,xgboost,xgboost_05_missingness_challenger,missingness_challenger,XGBoost | missingness challenger
0.24588,186920,81123,105797,0.433999,0.566001,30080,51043,89752,16045,0.370795,0.652141,0.151658,0.370795,224235500.0,1199.63,platt_sigmoid,10000.0,1500.0,,0.130435,economic_unconstrained,xgboost,xgboost_05_missingness_challenger,missingness_challenger,XGBoost | missingness challenger
0.246333,186920,80936,105984,0.432998,0.567002,30027,50909,89886,16098,0.370997,0.650992,0.151891,0.370997,223906500.0,1197.87,platt_sigmoid,10000.0,1500.0,,0.130435,economic_unconstrained,xgboost,xgboost_05_missingness_challenger,missingness_challenger,XGBoost | missingness challenger
0.246738,186920,80750,106170,0.432003,0.567997,29986,50764,90031,16139,0.371344,0.650103,0.152011,0.371344,223714000.0,1196.84,platt_sigmoid,10000.0,1500.0,,0.130435,economic_unconstrained,xgboost,xgboost_05_missingness_challenger,missingness_challenger,XGBoost | missingness challenger
0.247164,186920,80563,106357,0.431003,0.568997,29945,50618,90177,16180,0.371697,0.649214,0.152129,0.371697,223523000.0,1195.82,platt_sigmoid,10000.0,1500.0,,0.130435,economic_unconstrained,xgboost,xgboost_05_missingness_challenger,missingness_challenger,XGBoost | missingness challenger
0.247601,186920,80376,106544,0.430002,0.569998,29893,50483,90312,16232,0.371915,0.648087,0.15235,0.371915,223205500.0,1194.12,platt_sigmoid,10000.0,1500.0,,0.130435,economic_unconstrained,xgboost,xgboost_05_missingness_challenger,missingness_challenger,XGBoost | missingness challenger
0.247975,186920,80189,106731,0.429002,0.570998,29848,50341,90454,16277,0.372221,0.647111,0.152505,0.372221,222968500.0,1192.86,platt_sigmoid,10000.0,1500.0,,0.130435,economic_unconstrained,xgboost,xgboost_05_missingness_challenger,missingness_challenger,XGBoost | missingness challenger
0.248329,186920,80002,106918,0.428001,0.571999,29808,50194,90601,16317,0.372591,0.646244,0.152612,0.372591,222789000.0,1191.89,platt_sigmoid,10000.0,1500.0,,0.130435,economic_unconstrained,xgboost,xgboost_05_missingness_challenger,missingness_challenger,XGBoost | missingness challenger
0.248757,186920,79815,107105,0.427001,0.572999,29765,50050,90745,16360,0.372925,0.645312,0.152747,0.372925,222575000.0,1190.75,platt_sigmoid,10000.0,1500.0,,0.130435,economic_unconstrained,xgboost,xgboost_05_missingness_challenger,missingness_challenger,XGBoost | missingness challenger
0.249164,186920,79628,107292,0.426,0.574,29708,49920,90875,16417,0.373085,0.644076,0.153012,0.373085,222200000.0,1188.74,platt_sigmoid,10000.0,1500.0,,0.130435,economic_unconstrained,xgboost,xgboost_05_missingness_challenger,missingness_challenger,XGBoost | missingness challenger
0.249571,186920,79441,107479,0.425,0.575,29659,49782,91013,16466,0.373346,0.643014,0.153202,0.373346,221917000.0,1187.23,platt_sigmoid,10000.0,1500.0,,0.130435,economic_unconstrained,xgboost,xgboost_05_missingness_challenger,missingness_challenger,XGBoost | missingness challenger
0.250004,186920,79254,107666,0.424,0.576,29617,49637,91158,16508,0.373697,0.642103,0.153326,0.373697,221714500.0,1186.15,platt_sigmoid,10000.0,1500.0,,0.130435,economic_unconstrained,xgboost,xgboost_05_missingness_challenger,missingness_challenger,XGBoost | missingness challenger
0.250396,186920,79067,107853,0.422999,0.577001,29566,49501,91294,16559,0.373936,0.640997,0.153533,0.373936,221408500.0,1184.51,platt_sigmoid,10000.0,1500.0,,0.130435,economic_unconstrained,xgboost,xgboost_05_missingness_challenger,missingness_challenger,XGBoost | missingness challenger
0.250798,186920,78880,108040,0.421999,0.578001,29535,49345,91450,16590,0.37443,0.640325,0.153554,0.37443,221332500.0,1184.1,platt_sigmoid,10000.0,1500.0,,0.130435,economic_unconstrained,xgboost,xgboost_05_missingness_challenger,missingness_challenger,XGBoost | missingness challenger
0.251209,186920,78693,108227,0.420998,0.579002,29486,49207,91588,16639,0.374697,0.639263,0.153742,0.374697,221049500.0,1182.59,platt_sigmoid,10000.0,1500.0,,0.130435,economic_unconstrained,xgboost,xgboost_05_missingness_challenger,missingness_challenger,XGBoost | missingness challenger
0.25158,186920,78506,108414,0.419998,0.580002,29439,49067,91728,16686,0.37499,0.638244,0.15391,0.37499,220789500.0,1181.2,platt_sigmoid,10000.0,1500.0,,0.130435,economic_unconstrained,xgboost,xgboost_05_missingness_challenger,missingness_challenger,XGBoost | missingness challenger
0.251967,186920,78320,108600,0.419003,0.580997,29388,48932,91863,16737,0.37523,0.637138,0.154116,0.37523,220482000.0,1179.55,platt_sigmoid,10000.0,1500.0,,0.130435,economic_unconstrained,xgboost,xgboost_05_missingness_challenger,missingness_challenger,XGBoost | missingness challenger
0.252408,186920,78133,108787,0.418002,0.581998,29349,48784,92011,16776,0.375629,0.636293,0.15421,0.375629,220314000.0,1178.65,platt_sigmoid,10000.0,1500.0,,0.130435,economic_unconstrained,xgboost,xgboost_05_missingness_challenger,missingness_challenger,XGBoost | missingness challenger
0.252842,186920,77946,108974,0.417002,0.582998,29307,48639,92156,16818,0.375991,0.635382,0.15433,0.375991,220111500.0,1177.57,platt_sigmoid,10000.0,1500.0,,0.130435,economic_unconstrained,xgboost,xgboost_05_missingness_challenger,missingness_challenger,XGBoost | missingness challenger
0.253216,186920,77759,109161,0.416001,0.583999,29257,48502,92293,16868,0.376252,0.634298,0.154524,0.376252,219817000.0,1176.0,platt_sigmoid,10000.0,1500.0,,0.130435,economic_unconstrained,xgboost,xgboost_05_missingness_challenger,missingness_challenger,XGBoost | missingness challenger
0.253633,186920,77572,109348,0.415001,0.584999,29207,48365,92430,16918,0.376515,0.633214,0.154717,0.376515,219522500.0,1174.42,platt_sigmoid,10000.0,1500.0,,0.130435,economic_unconstrained,xgboost,xgboost_05_missingness_challenger,missingness_challenger,XGBoost | missingness challenger
0.254061,186920,77385,109535,0.414001,0.585999,29153,48232,92563,16972,0.376727,0.632043,0.154946,0.376727,219182000.0,1172.6,platt_sigmoid,10000.0,1500.0,,0.130435,economic_unconstrained,xgboost,xgboost_05_missingness_challenger,missingness_challenger,XGBoost | missingness challenger
0.25453,186920,77198,109722,0.413,0.587,29109,48089,92706,17016,0.377069,0.631089,0.155083,0.377069,218956500.0,1171.39,platt_sigmoid,10000.0,1500.0,,0.130435,economic_unconstrained,xgboost,xgboost_05_missingness_challenger,missingness_challenger,XGBoost | missingness challenger
0.254899,186920,77011,109909,0.412,0.588,29056,47955,92840,17069,0.377297,0.62994,0.155301,0.377297,218627500.0,1169.63,platt_sigmoid,10000.0,1500.0,,0.130435,economic_unconstrained,xgboost,xgboost_05_missingness_challenger,missingness_challenger,XGBoost | missingness challenger
0.255272,186920,76824,110096,0.410999,0.589001,29010,47814,92981,17115,0.377616,0.628943,0.155455,0.377616,218379000.0,1168.3,platt_sigmoid,10000.0,1500.0,,0.130435,economic_unconstrained,xgboost,xgboost_05_missingness_challenger,missingness_challenger,XGBoost | missingness challenger
0.255702,186920,76637,110283,0.409999,0.590001,28955,47682,93113,17170,0.37782,0.627751,0.15569,0.37782,218027000.0,1166.42,platt_sigmoid,10000.0,1500.0,,0.130435,economic_unconstrained,xgboost,xgboost_05_missingness_challenger,missingness_challenger,XGBoost | missingness challenger
0.256204,186920,76450,110470,0.408999,0.591001,28903,47547,93248,17222,0.378064,0.626623,0.155898,0.378064,217709500.0,1164.72,platt_sigmoid,10000.0,1500.0,,0.130435,economic_unconstrained,xgboost,xgboost_05_missingness_challenger,missingness_challenger,XGBoost | missingness challenger
0.256618,186920,76263,110657,0.407998,0.592002,28848,47415,93380,17277,0.37827,0.625431,0.156131,0.37827,217357500.0,1162.84,platt_sigmoid,10000.0,1500.0,,0.130435,economic_unconstrained,xgboost,xgboost_05_missingness_challenger,missingness_challenger,XGBoost | missingness challenger
0.257004,186920,76077,110843,0.407003,0.592997,28794,47283,93512,17331,0.378485,0.62426,0.156356,0.378485,217015500.0,1161.01,platt_sigmoid,10000.0,1500.0,,0.130435,economic_unconstrained,xgboost,xgboost_05_missingness_challenger,missingness_challenger,XGBoost | missingness challenger
0.257408,186920,75890,111030,0.406003,0.593997,28746,47144,93651,17379,0.378785,0.62322,0.156525,0.378785,216744000.0,1159.55,platt_sigmoid,10000.0,1500.0,,0.130435,economic_unconstrained,xgboost,xgboost_05_missingness_challenger,missingness_challenger,XGBoost | missingness challenger
0.257838,186920,75703,111217,0.405002,0.594998,28697,47006,93789,17428,0.379073,0.622157,0.156703,0.379073,216461000.0,1158.04,platt_sigmoid,10000.0,1500.0,,0.130435,economic_unconstrained,xgboost,xgboost_05_missingness_challenger,missingness_challenger,XGBoost | missingness challenger
0.258247,186920,75516,111404,0.404002,0.595998,28635,46881,93914,17490,0.379191,0.620813,0.156996,0.379191,216028500.0,1155.73,platt_sigmoid,10000.0,1500.0,,0.130435,economic_unconstrained,xgboost,xgboost_05_missingness_challenger,missingness_challenger,XGBoost | missingness challenger
0.258704,186920,75330,111590,0.403007,0.596993,28584,46746,94049,17541,0.37945,0.619707,0.157192,0.37945,215721000.0,1154.08,platt_sigmoid,10000.0,1500.0,,0.130435,economic_unconstrained,xgboost,xgboost_05_missingness_challenger,missingness_challenger,XGBoost | missingness challenger
0.259108,186920,75142,111778,0.402001,0.597999,28533,46609,94186,17592,0.379721,0.618602,0.157383,0.379721,215416500.0,1152.45,platt_sigmoid,10000.0,1500.0,,0.130435,economic_unconstrained,xgboost,xgboost_05_missingness_challenger,missingness_challenger,XGBoost | missingness challenger
0.259516,186920,74955,111965,0.401,0.599,28495,46460,94335,17630,0.380161,0.617778,0.15746,0.380161,215260000.0,1151.62,platt_sigmoid,10000.0,1500.0,,0.130435,economic_unconstrained,xgboost,xgboost_05_missingness_challenger,missingness_challenger,XGBoost | missingness challenger
0.259929,186920,74768,112152,0.4,0.6,28450,46318,94477,17675,0.38051,0.616802,0.157599,0.38051,215023000.0,1150.35,platt_sigmoid,10000.0,1500.0,,0.130435,economic_unconstrained,xgboost,xgboost_05_missingness_challenger,missingness_challenger,XGBoost | missingness challenger
0.260314,186920,74581,112339,0.399,0.601,28406,46175,94620,17719,0.380874,0.615848,0.157728,0.380874,214797500.0,1149.14,platt_sigmoid,10000.0,1500.0,,0.130435,economic_unconstrained,xgboost,xgboost_05_missingness_challenger,missingness_challenger,XGBoost | missingness challenger
0.260733,186920,74394,112526,0.397999,0.602001,28348,46046,94749,17777,0.381052,0.614591,0.157981,0.381052,214411000.0,1147.07,platt_sigmoid,10000.0,1500.0,,0.130435,economic_unconstrained,xgboost,xgboost_05_missingness_challenger,missingness_challenger,XGBoost | missingness challenger
0.261184,186920,74207,112713,0.396999,0.603001,28310,45897,94898,17815,0.3815,0.613767,0.158056,0.3815,214254500.0,1146.24,platt_sigmoid,10000.0,1500.0,,0.130435,economic_unconstrained,xgboost,xgboost_05_missingness_challenger,missingness_challenger,XGBoost | missingness challenger
0.261606,186920,74020,112900,0.395998,0.604002,28256,45764,95031,17869,0.381735,0.612596,0.158273,0.381735,213914000.0,1144.41,platt_sigmoid,10000.0,1500.0,,0.130435,economic_unconstrained,xgboost,xgboost_05_missingness_challenger,missingness_challenger,XGBoost | missingness challenger
0.262036,186920,73834,113086,0.395003,0.604997,28211,45623,95172,17914,0.382087,0.611621,0.15841,0.382087,213675500.0,1143.14,platt_sigmoid,10000.0,1500.0,,0.130435,economic_unconstrained,xgboost,xgboost_05_missingness_challenger,missingness_challenger,XGBoost | missingness challenger
0.262473,186920,73648,113272,0.394008,0.605992,28166,45482,95313,17959,0.382441,0.610645,0.158548,0.382441,213437000.0,1141.86,platt_sigmoid,10000.0,1500.0,,0.130435,economic_unconstrained,xgboost,xgboost_05_missingness_challenger,missingness_challenger,XGBoost | missingness challenger
0.262855,186920,73460,113460,0.393002,0.606998,28116,45344,95451,18009,0.382739,0.609561,0.158726,0.382739,213144000.0,1140.3,platt_sigmoid,10000.0,1500.0,,0.130435,economic_unconstrained,xgboost,xgboost_05_missingness_challenger,missingness_challenger,XGBoost | missingness challenger
0.263301,186920,73273,113647,0.392002,0.607998,28057,45216,95579,18068,0.38291,0.608282,0.158984,0.38291,212746000.0,1138.17,platt_sigmoid,10000.0,1500.0,,0.130435,economic_unconstrained,xgboost,xgboost_05_missingness_challenger,missingness_challenger,XGBoost | missingness challenger
0.263714,186920,73086,113834,0.391001,0.608999,28007,45079,95716,18118,0.383206,0.607198,0.159162,0.383206,212451500.0,1136.59,platt_sigmoid,10000.0,1500.0,,0.130435,economic_unconstrained,xgboost,xgboost_05_missingness_challenger,missingness_challenger,XGBoost | missingness challenger
0.264138,186920,72899,114021,0.390001,0.609999,27951,44948,95847,18174,0.383421,0.605984,0.159392,0.383421,212088000.0,1134.65,platt_sigmoid,10000.0,1500.0,,0.130435,economic_unconstrained,xgboost,xgboost_05_missingness_challenger,missingness_challenger,XGBoost | missingness challenger
0.264555,186920,72712,114208,0.389001,0.610999,27900,44812,95983,18225,0.383706,0.604878,0.159577,0.383706,211782000.0,1133.01,platt_sigmoid,10000.0,1500.0,,0.130435,economic_unconstrained,xgboost,xgboost_05_missingness_challenger,missingness_challenger,XGBoost | missingness challenger
0.264975,186920,72525,114395,0.388,0.612,27847,44678,96117,18278,0.383964,0.603729,0.15978,0.383964,211453000.0,1131.25,platt_sigmoid,10000.0,1500.0,,0.130435,economic_unconstrained,xgboost,xgboost_05_missingness_challenger,missingness_challenger,XGBoost | missingness challenger
0.265433,186920,72338,114582,0.387,0.613,27796,44542,96253,18329,0.384252,0.602623,0.159964,0.384252,211147000.0,1129.61,platt_sigmoid,10000.0,1500.0,,0.130435,economic_unconstrained,xgboost,xgboost_05_missingness_challenger,missingness_challenger,XGBoost | missingness challenger
0.265883,186920,72151,114769,0.385999,0.614001,27745,44406,96389,18380,0.384541,0.601518,0.160148,0.384541,210841000.0,1127.97,platt_sigmoid,10000.0,1500.0,,0.130435,economic_unconstrained,xgboost,xgboost_05_missingness_challenger,missingness_challenger,XGBoost | missingness challenger
0.266284,186920,71964,114956,0.384999,0.615001,27703,44261,96534,18422,0.384956,0.600607,0.160253,0.384956,210638500.0,1126.89,platt_sigmoid,10000.0,1500.0,,0.130435,economic_unconstrained,xgboost,xgboost_05_missingness_challenger,missingness_challenger,XGBoost | missingness challenger
0.266719,186920,71777,115143,0.383999,0.616001,27656,44121,96674,18469,0.385304,0.599588,0.160401,0.385304,210378500.0,1125.5,platt_sigmoid,10000.0,1500.0,,0.130435,economic_unconstrained,xgboost,xgboost_05_missingness_challenger,missingness_challenger,XGBoost | missingness challenger
0.267147,186920,71590,115330,0.382998,0.617002,27597,43993,96802,18528,0.385487,0.598309,0.160652,0.385487,209980500.0,1123.37,platt_sigmoid,10000.0,1500.0,,0.130435,economic_unconstrained,xgboost,xgboost_05_missingness_challenger,missingness_challenger,XGBoost | missingness challenger
0.267565,186920,71404,115516,0.382003,0.617997,27545,43859,96936,18580,0.385763,0.597182,0.160844,0.385763,209661500.0,1121.66,platt_sigmoid,10000.0,1500.0,,0.130435,economic_unconstrained,xgboost,xgboost_05_missingness_challenger,missingness_challenger,XGBoost | missingness challenger
0.267988,186920,71217,115703,0.381003,0.618997,27490,43727,97068,18635,0.386003,0.595989,0.161059,0.386003,209309500.0,1119.78,platt_sigmoid,10000.0,1500.0,,0.130435,economic_unconstrained,xgboost,xgboost_05_missingness_challenger,missingness_challenger,XGBoost | missingness challenger
0.268391,186920,71030,115890,0.380002,0.619998,27441,43589,97206,18684,0.38633,0.594927,0.161222,0.38633,209026500.0,1118.27,platt_sigmoid,10000.0,1500.0,,0.130435,economic_unconstrained,xgboost,xgboost_05_missingness_challenger,missingness_challenger,XGBoost | missingness challenger
0.268817,186920,70843,116077,0.379002,0.620998,27391,43452,97343,18734,0.386644,0.593843,0.161393,0.386644,208732000.0,1116.69,platt_sigmoid,10000.0,1500.0,,0.130435,economic_unconstrained,xgboost,xgboost_05_missingness_challenger,missingness_challenger,XGBoost | missingness challenger
0.269226,186920,70656,116264,0.378001,0.621999,27338,43318,97477,18787,0.386917,0.592694,0.161589,0.386917,208403000.0,1114.93,platt_sigmoid,10000.0,1500.0,,0.130435,economic_unconstrained,xgboost,xgboost_05_missingness_challenger,missingness_challenger,XGBoost | missingness challenger
0.269657,186920,70469,116451,0.377001,0.622999,27283,43186,97609,18842,0.387163,0.591501,0.161802,0.387163,208051000.0,1113.05,platt_sigmoid,10000.0,1500.0,,0.130435,economic_unconstrained,xgboost,xgboost_05_missingness_challenger,missingness_challenger,XGBoost | missingness challenger
0.270125,186920,70282,116638,0.376,0.624,27236,43046,97749,18889,0.387525,0.590482,0.161946,0.387525,207791000.0,1111.66,platt_sigmoid,10000.0,1500.0,,0.130435,economic_unconstrained,xgboost,xgboost_05_missingness_challenger,missingness_challenger,XGBoost | missingness challenger
0.270539,186920,70095,116825,0.375,0.625,27179,42916,97879,18946,0.387745,0.589247,0.162174,0.387745,207416000.0,1109.65,platt_sigmoid,10000.0,1500.0,,0.130435,economic_unconstrained,xgboost,xgboost_05_missingness_challenger,missingness_challenger,XGBoost | missingness challenger
0.270971,186920,69908,117012,0.374,0.626,27132,42776,98019,18993,0.38811,0.588228,0.162317,0.38811,207156000.0,1108.26,platt_sigmoid,10000.0,1500.0,,0.130435,economic_unconstrained,xgboost,xgboost_05_missingness_challenger,missingness_challenger,XGBoost | missingness challenger
0.271423,186920,69721,117199,0.372999,0.627001,27068,42653,98142,19057,0.388233,0.58684,0.162604,0.388233,206700500.0,1105.82,platt_sigmoid,10000.0,1500.0,,0.130435,economic_unconstrained,xgboost,xgboost_05_missingness_challenger,missingness_challenger,XGBoost | missingness challenger
0.271797,186920,69534,117386,0.371999,0.628001,27015,42519,98276,19110,0.388515,0.585691,0.162796,0.388515,206371500.0,1104.06,platt_sigmoid,10000.0,1500.0,,0.130435,economic_unconstrained,xgboost,xgboost_05_missingness_challenger,missingness_challenger,XGBoost | missingness challenger
0.272303,186920,69347,117573,0.370998,0.629002,26963,42384,98411,19162,0.388813,0.584564,0.16298,0.388813,206054000.0,1102.36,platt_sigmoid,10000.0,1500.0,,0.130435,economic_unconstrained,xgboost,xgboost_05_missingness_challenger,missingness_challenger,XGBoost | missingness challenger
0.272746,186920,69161,117759,0.370003,0.629997,26918,42243,98552,19207,0.389208,0.583588,0.163104,0.389208,205815500.0,1101.09,platt_sigmoid,10000.0,1500.0,,0.130435,economic_unconstrained,xgboost,xgboost_05_missingness_challenger,missingness_challenger,XGBoost | missingness challenger
0.273194,186920,68975,117945,0.369008,0.630992,26866,42109,98686,19259,0.389503,0.582461,0.163288,0.389503,205496500.0,1099.38,platt_sigmoid,10000.0,1500.0,,0.130435,economic_unconstrained,xgboost,xgboost_05_missingness_challenger,missingness_challenger,XGBoost | missingness challenger
0.273634,186920,68787,118133,0.368002,0.631998,26814,41973,98822,19311,0.389812,0.581333,0.163468,0.389812,205180500.0,1097.69,platt_sigmoid,10000.0,1500.0,,0.130435,economic_unconstrained,xgboost,xgboost_05_missingness_challenger,missingness_challenger,XGBoost | missingness challenger
0.274103,186920,68600,118320,0.367002,0.632998,26775,41825,98970,19350,0.390306,0.580488,0.16354,0.390306,205012500.0,1096.79,platt_sigmoid,10000.0,1500.0,,0.130435,economic_unconstrained,xgboost,xgboost_05_missingness_challenger,missingness_challenger,XGBoost | missingness challenger
0.274493,186920,68413,118507,0.366001,0.633999,26712,41701,99094,19413,0.390452,0.579122,0.163813,0.390452,204568500.0,1094.42,platt_sigmoid,10000.0,1500.0,,0.130435,economic_unconstrained,xgboost,xgboost_05_missingness_challenger,missingness_challenger,XGBoost | missingness challenger
0.274901,186920,68226,118694,0.365001,0.634999,26653,41573,99222,19472,0.390658,0.577843,0.164052,0.390658,204170500.0,1092.29,platt_sigmoid,10000.0,1500.0,,0.130435,economic_unconstrained,xgboost,xgboost_05_missingness_challenger,missingness_challenger,XGBoost | missingness challenger
0.275354,186920,68039,118881,0.364001,0.635999,26592,41447,99348,19533,0.390835,0.57652,0.164307,0.390835,203749500.0,1090.04,platt_sigmoid,10000.0,1500.0,,0.130435,economic_unconstrained,xgboost,xgboost_05_missingness_challenger,missingness_challenger,XGBoost | missingness challenger
0.275851,186920,67852,119068,0.363,0.637,26540,41312,99483,19585,0.391145,0.575393,0.164486,0.391145,203432000.0,1088.34,platt_sigmoid,10000.0,1500.0,,0.130435,economic_unconstrained,xgboost,xgboost_05_missingness_challenger,missingness_challenger,XGBoost | missingness challenger
0.276287,186920,67665,119255,0.362,0.638,26486,41179,99616,19639,0.391428,0.574222,0.164681,0.391428,203091500.0,1086.52,platt_sigmoid,10000.0,1500.0,,0.130435,economic_unconstrained,xgboost,xgboost_05_missingness_challenger,missingness_challenger,XGBoost | missingness challenger
0.276768,186920,67478,119442,0.360999,0.639001,26435,41043,99752,19690,0.391757,0.573117,0.16485,0.391757,202785500.0,1084.88,platt_sigmoid,10000.0,1500.0,,0.130435,economic_unconstrained,xgboost,xgboost_05_missingness_challenger,missingness_challenger,XGBoost | missingness challenger
0.277217,186920,67291,119629,0.359999,0.640001,26384,40907,99888,19741,0.392088,0.572011,0.165019,0.392088,202479500.0,1083.24,platt_sigmoid,10000.0,1500.0,,0.130435,economic_unconstrained,xgboost,xgboost_05_missingness_challenger,missingness_challenger,XGBoost | missingness challenger
0.277698,186920,67104,119816,0.358999,0.641001,26337,40767,100028,19788,0.39248,0.570992,0.165153,0.39248,202219500.0,1081.85,platt_sigmoid,10000.0,1500.0,,0.130435,economic_unconstrained,xgboost,xgboost_05_missingness_challenger,missingness_challenger,XGBoost | missingness challenger
0.278222,186920,66918,120002,0.358003,0.641997,26288,40630,100165,19837,0.392839,0.56993,0.165306,0.392839,201935000.0,1080.33,platt_sigmoid,10000.0,1500.0,,0.130435,economic_unconstrained,xgboost,xgboost_05_missingness_challenger,missingness_challenger,XGBoost | missingness challenger
0.278663,186920,66731,120189,0.357003,0.642997,26241,40490,100305,19884,0.393236,0.568911,0.165439,0.393236,201675000.0,1078.94,platt_sigmoid,10000.0,1500.0,,0.130435,economic_unconstrained,xgboost,xgboost_05_missingness_challenger,missingness_challenger,XGBoost | missingness challenger
0.279074,186920,66544,120376,0.356003,0.643997,26196,40348,100447,19929,0.393664,0.567935,0.165556,0.393664,201438000.0,1077.67,platt_sigmoid,10000.0,1500.0,,0.130435,economic_unconstrained,xgboost,xgboost_05_missingness_challenger,missingness_challenger,XGBoost | missingness challenger
0.279574,186920,66357,120563,0.355002,0.644998,26150,40207,100588,19975,0.394081,0.566938,0.165681,0.394081,201189500.0,1076.34,platt_sigmoid,10000.0,1500.0,,0.130435,economic_unconstrained,xgboost,xgboost_05_missingness_challenger,missingness_challenger,XGBoost | missingness challenger
0.280005,186920,66170,120750,0.354002,0.645998,26103,40067,100728,20022,0.394484,0.565919,0.165814,0.394484,200929500.0,1074.95,platt_sigmoid,10000.0,1500.0,,0.130435,economic_unconstrained,xgboost,xgboost_05_missingness_challenger,missingness_challenger,XGBoost | missingness challenger
0.280441,186920,65983,120937,0.353001,0.646999,26040,39943,100852,20085,0.394647,0.564553,0.166078,0.394647,200485500.0,1072.57,platt_sigmoid,10000.0,1500.0,,0.130435,economic_unconstrained,xgboost,xgboost_05_missingness_challenger,missingness_challenger,XGBoost | missingness challenger
0.280884,186920,65796,121124,0.352001,0.647999,25992,39804,100991,20133,0.395039,0.563512,0.166218,0.395039,200214000.0,1071.12,platt_sigmoid,10000.0,1500.0,,0.130435,economic_unconstrained,xgboost,xgboost_05_missingness_challenger,missingness_challenger,XGBoost | missingness challenger
0.281378,186920,65609,121311,0.351,0.649,25937,39672,101123,20188,0.395327,0.56232,0.166415,0.395327,199862000.0,1069.24,platt_sigmoid,10000.0,1500.0,,0.130435,economic_unconstrained,xgboost,xgboost_05_missingness_challenger,missingness_challenger,XGBoost | missingness challenger
0.281845,186920,65422,121498,0.35,0.65,25882,39540,101255,20243,0.395616,0.561127,0.166612,0.395616,199510000.0,1067.36,platt_sigmoid,10000.0,1500.0,,0.130435,economic_unconstrained,xgboost,xgboost_05_missingness_challenger,missingness_challenger,XGBoost | missingness challenger
0.282209,186920,65235,121685,0.349,0.651,25832,39403,101392,20293,0.395984,0.560043,0.166767,0.395984,199215500.0,1065.78,platt_sigmoid,10000.0,1500.0,,0.130435,economic_unconstrained,xgboost,xgboost_05_missingness_challenger,missingness_challenger,XGBoost | missingness challenger
0.282705,186920,65048,121872,0.347999,0.652001,25769,39279,101516,20356,0.396154,0.558678,0.167028,0.396154,198771500.0,1063.4,platt_sigmoid,10000.0,1500.0,,0.130435,economic_unconstrained,xgboost,xgboost_05_missingness_challenger,missingness_challenger,XGBoost | missingness challenger
0.283163,186920,64861,122059,0.346999,0.653001,25720,39141,101654,20405,0.39654,0.557615,0.167173,0.39654,198488500.0,1061.89,platt_sigmoid,10000.0,1500.0,,0.130435,economic_unconstrained,xgboost,xgboost_05_missingness_challenger,missingness_challenger,XGBoost | missingness challenger
0.283659,186920,64674,122246,0.345998,0.654002,25669,39005,101790,20456,0.396898,0.556509,0.167335,0.396898,198182500.0,1060.25,platt_sigmoid,10000.0,1500.0,,0.130435,economic_unconstrained,xgboost,xgboost_05_missingness_challenger,missingness_challenger,XGBoost | missingness challenger
0.284114,186920,64488,122432,0.345003,0.654997,25612,38876,101919,20513,0.397159,0.555274,0.167546,0.397159,197806000.0,1058.24,platt_sigmoid,10000.0,1500.0,,0.130435,economic_unconstrained,xgboost,xgboost_05_missingness_challenger,missingness_challenger,XGBoost | missingness challenger
0.284608,186920,64301,122619,0.344003,0.655997,25557,38744,102051,20568,0.397459,0.554081,0.167739,0.397459,197454000.0,1056.36,platt_sigmoid,10000.0,1500.0,,0.130435,economic_unconstrained,xgboost,xgboost_05_missingness_challenger,missingness_challenger,XGBoost | missingness challenger
0.28508,186920,64114,122806,0.343002,0.656998,25503,38611,102184,20622,0.397776,0.552911,0.167923,0.397776,197113500.0,1054.53,platt_sigmoid,10000.0,1500.0,,0.130435,economic_unconstrained,xgboost,xgboost_05_missingness_challenger,missingness_challenger,XGBoost | missingness challenger
0.285587,186920,63927,122993,0.342002,0.657998,25446,38481,102314,20679,0.398048,0.551675,0.168132,0.398048,196738500.0,1052.53,platt_sigmoid,10000.0,1500.0,,0.130435,economic_unconstrained,xgboost,xgboost_05_missingness_challenger,missingness_challenger,XGBoost | missingness challenger
0.28603,186920,63740,123180,0.341001,0.658999,25389,38351,102444,20736,0.398321,0.550439,0.168339,0.398321,196363500.0,1050.52,platt_sigmoid,10000.0,1500.0,,0.130435,economic_unconstrained,xgboost,xgboost_05_missingness_challenger,missingness_challenger,XGBoost | missingness challenger
0.286516,186920,63553,123367,0.340001,0.659999,25333,38220,102575,20792,0.398612,0.549225,0.168538,0.398612,196000000.0,1048.58,platt_sigmoid,10000.0,1500.0,,0.130435,economic_unconstrained,xgboost,xgboost_05_missingness_challenger,missingness_challenger,XGBoost | missingness challenger
0.286985,186920,63366,123554,0.339001,0.660999,25275,38091,102704,20850,0.398873,0.547967,0.168752,0.398873,195613500.0,1046.51,platt_sigmoid,10000.0,1500.0,,0.130435,economic_unconstrained,xgboost,xgboost_05_missingness_challenger,missingness_challenger,XGBoost | missingness challenger
0.28742,186920,63179,123741,0.338,0.662,25219,37960,102835,20906,0.399167,0.546753,0.16895,0.399167,195250000.0,1044.56,platt_sigmoid,10000.0,1500.0,,0.130435,economic_unconstrained,xgboost,xgboost_05_missingness_challenger,missingness_challenger,XGBoost | missingness challenger
0.287891,186920,62992,123928,0.337,0.663,25155,37837,102958,20970,0.399336,0.545366,0.169211,0.399336,194794500.0,1042.13,platt_sigmoid,10000.0,1500.0,,0.130435,economic_unconstrained,xgboost,xgboost_05_missingness_challenger,missingness_challenger,XGBoost | missingness challenger
0.288336,186920,62805,124115,0.335999,0.664001,25097,37708,103087,21028,0.399602,0.544108,0.169424,0.399602,194408000.0,1040.06,platt_sigmoid,10000.0,1500.0,,0.130435,economic_unconstrained,xgboost,xgboost_05_missingness_challenger,missingness_challenger,XGBoost | missingness challenger
0.288859,186920,62618,124302,0.334999,0.665001,25040,37578,103217,21085,0.399885,0.542873,0.169627,0.399885,194033000.0,1038.05,platt_sigmoid,10000.0,1500.0,,0.130435,economic_unconstrained,xgboost,xgboost_05_missingness_challenger,missingness_challenger,XGBoost | missingness challenger
0.289344,186920,62431,124489,0.333999,0.666001,24978,37453,103342,21147,0.40009,0.541528,0.16987,0.40009,193600500.0,1035.74,platt_sigmoid,10000.0,1500.0,,0.130435,economic_unconstrained,xgboost,xgboost_05_missingness_challenger,missingness_challenger,XGBoost | missingness challenger
0.289817,186920,62245,124675,0.333003,0.666997,24934,37311,103484,21191,0.400578,0.540575,0.16997,0.400578,193373500.0,1034.53,platt_sigmoid,10000.0,1500.0,,0.130435,economic_unconstrained,xgboost,xgboost_05_missingness_challenger,missingness_challenger,XGBoost | missingness challenger
0.290262,186920,62058,124862,0.332003,0.667997,24881,37177,103618,21244,0.400931,0.539425,0.17014,0.400931,193044500.0,1032.77,platt_sigmoid,10000.0,1500.0,,0.130435,economic_unconstrained,xgboost,xgboost_05_missingness_challenger,missingness_challenger,XGBoost | missingness challenger
0.290735,186920,61871,125049,0.331003,0.668997,24826,37045,103750,21299,0.401254,0.538233,0.170325,0.401254,192692500.0,1030.88,platt_sigmoid,10000.0,1500.0,,0.130435,economic_unconstrained,xgboost,xgboost_05_missingness_challenger,missingness_challenger,XGBoost | missingness challenger
0.291237,186920,61684,125236,0.330002,0.669998,24770,36914,103881,21355,0.401563,0.537019,0.170518,0.401563,192329000.0,1028.94,platt_sigmoid,10000.0,1500.0,,0.130435,economic_unconstrained,xgboost,xgboost_05_missingness_challenger,missingness_challenger,XGBoost | missingness challenger
0.291706,186920,61497,125423,0.329002,0.670998,24717,36780,104015,21408,0.401922,0.53587,0.170686,0.401922,192000000.0,1027.18,platt_sigmoid,10000.0,1500.0,,0.130435,economic_unconstrained,xgboost,xgboost_05_missingness_challenger,missingness_challenger,XGBoost | missingness challenger
0.292184,186920,61310,125610,0.328001,0.671999,24662,36648,104147,21463,0.402251,0.534678,0.17087,0.402251,191648000.0,1025.29,platt_sigmoid,10000.0,1500.0,,0.130435,economic_unconstrained,xgboost,xgboost_05_missingness_challenger,missingness_challenger,XGBoost | missingness challenger
0.292689,186920,61123,125797,0.327001,0.672999,24619,36504,104291,21506,0.402778,0.533745,0.170958,0.402778,191434000.0,1024.15,platt_sigmoid,10000.0,1500.0,,0.130435,economic_unconstrained,xgboost,xgboost_05_missingness_challenger,missingness_challenger,XGBoost | missingness challenger
0.293223,186920,60936,125984,0.326,0.674,24558,36378,104417,21567,0.403013,0.532423,0.171188,0.403013,191013000.0,1021.9,platt_sigmoid,10000.0,1500.0,,0.130435,economic_unconstrained,xgboost,xgboost_05_missingness_challenger,missingness_challenger,XGBoost | missingness challenger
0.293706,186920,60749,126171,0.325,0.675,24514,36235,104560,21611,0.403529,0.531469,0.171283,0.403529,190787500.0,1020.69,platt_sigmoid,10000.0,1500.0,,0.130435,economic_unconstrained,xgboost,xgboost_05_missingness_challenger,missingness_challenger,XGBoost | missingness challenger
0.294244,186920,60562,126358,0.324,0.676,24462,36100,104695,21663,0.403917,0.530341,0.171441,0.403917,190470000.0,1018.99,platt_sigmoid,10000.0,1500.0,,0.130435,economic_unconstrained,xgboost,xgboost_05_missingness_challenger,missingness_challenger,XGBoost | missingness challenger
0.29474,186920,60375,126545,0.322999,0.677001,24411,35964,104831,21714,0.404323,0.529236,0.171591,0.404323,190164000.0,1017.36,platt_sigmoid,10000.0,1500.0,,0.130435,economic_unconstrained,xgboost,xgboost_05_missingness_challenger,missingness_challenger,XGBoost | missingness challenger
0.295235,186920,60188,126732,0.321999,0.678001,24349,35839,104956,21776,0.404549,0.527892,0.171827,0.404549,189731500.0,1015.04,platt_sigmoid,10000.0,1500.0,,0.130435,economic_unconstrained,xgboost,xgboost_05_missingness_challenger,missingness_challenger,XGBoost | missingness challenger
0.295783,186920,60001,126919,0.320998,0.679002,24287,35714,105081,21838,0.404777,0.526547,0.172062,0.404777,189299000.0,1012.73,platt_sigmoid,10000.0,1500.0,,0.130435,economic_unconstrained,xgboost,xgboost_05_missingness_challenger,missingness_challenger,XGBoost | missingness challenger
0.296234,186920,59815,127105,0.320003,0.679997,24233,35582,105213,21892,0.405132,0.525377,0.172236,0.405132,188957000.0,1010.9,platt_sigmoid,10000.0,1500.0,,0.130435,economic_unconstrained,xgboost,xgboost_05_missingness_challenger,missingness_challenger,XGBoost | missingness challenger
0.296753,186920,59629,127291,0.319008,0.680992,24172,35457,105338,21953,0.405373,0.524054,0.172463,0.405373,188534500.0,1008.64,platt_sigmoid,10000.0,1500.0,,0.130435,economic_unconstrained,xgboost,xgboost_05_missingness_challenger,missingness_challenger,XGBoost | missingness challenger
0.297233,186920,59441,127479,0.318002,0.681998,24123,35318,105477,22002,0.405831,0.522992,0.172593,0.405831,188253000.0,1007.13,platt_sigmoid,10000.0,1500.0,,0.130435,economic_unconstrained,xgboost,xgboost_05_missingness_challenger,missingness_challenger,XGBoost | missingness challenger
0.297723,186920,59254,127666,0.317002,0.682998,24075,35179,105616,22050,0.406302,0.521951,0.172716,0.406302,187981500.0,1005.68,platt_sigmoid,10000.0,1500.0,,0.130435,economic_unconstrained,xgboost,xgboost_05_missingness_challenger,missingness_challenger,XGBoost | missingness challenger
0.298266,186920,59067,127853,0.316001,0.683999,24020,35047,105748,22105,0.406657,0.520759,0.172894,0.406657,187629500.0,1003.8,platt_sigmoid,10000.0,1500.0,,0.130435,economic_unconstrained,xgboost,xgboost_05_missingness_challenger,missingness_challenger,XGBoost | missingness challenger
0.29871,186920,58880,128040,0.315001,0.684999,23967,34913,105882,22158,0.407048,0.51961,0.173055,0.407048,187300500.0,1002.04,platt_sigmoid,10000.0,1500.0,,0.130435,economic_unconstrained,xgboost,xgboost_05_missingness_challenger,missingness_challenger,XGBoost | missingness challenger
0.29924,186920,58693,128227,0.314001,0.685999,23911,34782,106013,22214,0.407391,0.518396,0.17324,0.407391,186937000.0,1000.09,platt_sigmoid,10000.0,1500.0,,0.130435,economic_unconstrained,xgboost,xgboost_05_missingness_challenger,missingness_challenger,XGBoost | missingness challenger
0.299723,186920,58506,128414,0.313,0.687,23850,34656,106139,22275,0.40765,0.517073,0.173462,0.40765,186516000.0,997.84,platt_sigmoid,10000.0,1500.0,,0.130435,economic_unconstrained,xgboost,xgboost_05_missingness_challenger,missingness_challenger,XGBoost | missingness challenger
0.300206,186920,58319,128601,0.312,0.688,23796,34523,106272,22329,0.408032,0.515902,0.17363,0.408032,186175500.0,996.02,platt_sigmoid,10000.0,1500.0,,0.130435,economic_unconstrained,xgboost,xgboost_05_missingness_challenger,missingness_challenger,XGBoost | missingness challenger
0.300695,186920,58132,128788,0.310999,0.689001,23741,34391,106404,22384,0.408398,0.51471,0.173805,0.408398,185823500.0,994.13,platt_sigmoid,10000.0,1500.0,,0.130435,economic_unconstrained,xgboost,xgboost_05_missingness_challenger,missingness_challenger,XGBoost | missingness challenger
0.301189,186920,57945,128975,0.309999,0.690001,23686,34259,106536,22439,0.408767,0.513518,0.173979,0.408767,185471500.0,992.25,platt_sigmoid,10000.0,1500.0,,0.130435,economic_unconstrained,xgboost,xgboost_05_missingness_challenger,missingness_challenger,XGBoost | missingness challenger
0.30172,186920,57758,129162,0.308999,0.691001,23638,34120,106675,22487,0.409259,0.512477,0.174099,0.409259,185200000.0,990.8,platt_sigmoid,10000.0,1500.0,,0.130435,economic_unconstrained,xgboost,xgboost_05_missingness_challenger,missingness_challenger,XGBoost | missingness challenger
0.302178,186920,57572,129348,0.308003,0.691997,23586,33986,106809,22539,0.409678,0.51135,0.174251,0.409678,184881000.0,989.09,platt_sigmoid,10000.0,1500.0,,0.130435,economic_unconstrained,xgboost,xgboost_05_missingness_challenger,missingness_challenger,XGBoost | missingness challenger
0.30264,186920,57385,129535,0.307003,0.692997,23532,33853,106942,22593,0.410072,0.510179,0.174416,0.410072,184540500.0,987.27,platt_sigmoid,10000.0,1500.0,,0.130435,economic_unconstrained,xgboost,xgboost_05_missingness_challenger,missingness_challenger,XGBoost | missingness challenger
0.30318,186920,57198,129722,0.306003,0.693997,23469,33729,107066,22656,0.410312,0.508813,0.17465,0.410312,184096500.0,984.89,platt_sigmoid,10000.0,1500.0,,0.130435,economic_unconstrained,xgboost,xgboost_05_missingness_challenger,missingness_challenger,XGBoost | missingness challenger
0.303657,186920,57011,129909,0.305002,0.694998,23409,33602,107193,22716,0.410605,0.507512,0.174861,0.410605,183687000.0,982.7,platt_sigmoid,10000.0,1500.0,,0.130435,economic_unconstrained,xgboost,xgboost_05_missingness_challenger,missingness_challenger,XGBoost | missingness challenger
0.304165,186920,56824,130096,0.304002,0.695998,23355,33469,107326,22770,0.411006,0.506341,0.175025,0.411006,183346500.0,980.88,platt_sigmoid,10000.0,1500.0,,0.130435,economic_unconstrained,xgboost,xgboost_05_missingness_challenger,missingness_challenger,XGBoost | missingness challenger
0.304651,186920,56637,130283,0.303001,0.696999,23299,33338,107457,22826,0.411374,0.505127,0.175203,0.411374,182983000.0,978.94,platt_sigmoid,10000.0,1500.0,,0.130435,economic_unconstrained,xgboost,xgboost_05_missingness_challenger,missingness_challenger,XGBoost | missingness challenger
0.305092,186920,56450,130470,0.302001,0.697999,23243,33207,107588,22882,0.411745,0.503913,0.175381,0.411745,182619500.0,976.99,platt_sigmoid,10000.0,1500.0,,0.130435,economic_unconstrained,xgboost,xgboost_05_missingness_challenger,missingness_challenger,XGBoost | missingness challenger
0.305579,186920,56263,130657,0.301,0.699,23185,33078,107717,22940,0.412083,0.502656,0.175574,0.412083,182233000.0,974.93,platt_sigmoid,10000.0,1500.0,,0.130435,economic_unconstrained,xgboost,xgboost_05_missingness_challenger,missingness_challenger,XGBoost | missingness challenger
0.306151,186920,56076,130844,0.3,0.7,23121,32955,107840,23004,0.412315,0.501268,0.175812,0.412315,181777500.0,972.49,platt_sigmoid,10000.0,1500.0,,0.130435,economic_unconstrained,xgboost,xgboost_05_missingness_challenger,missingness_challenger,XGBoost | missingness challenger
0.306671,186920,55889,131031,0.299,0.701,23061,32828,107967,23064,0.412621,0.499967,0.176019,0.412621,181368000.0,970.3,platt_sigmoid,10000.0,1500.0,,0.130435,economic_unconstrained,xgboost,xgboost_05_missingness_challenger,missingness_challenger,XGBoost | missingness challenger
0.307182,186920,55702,131218,0.297999,0.702001,22996,32706,108089,23129,0.41284,0.498558,0.176264,0.41284,180901000.0,967.8,platt_sigmoid,10000.0,1500.0,,0.130435,economic_unconstrained,xgboost,xgboost_05_missingness_challenger,missingness_challenger,XGBoost | missingness challenger
0.307716,186920,55515,131405,0.296999,0.703001,22937,32578,108217,23188,0.413168,0.497279,0.176462,0.413168,180503000.0,965.67,platt_sigmoid,10000.0,1500.0,,0.130435,economic_unconstrained,xgboost,xgboost_05_missingness_challenger,missingness_challenger,XGBoost | missingness challenger
0.308241,186920,55329,131591,0.296004,0.703996,22875,32454,108341,23250,0.413436,0.495935,0.176684,0.413436,180069000.0,963.35,platt_sigmoid,10000.0,1500.0,,0.130435,economic_unconstrained,xgboost,xgboost_05_missingness_challenger,missingness_challenger,XGBoost | missingness challenger
0.308743,186920,55142,131778,0.295003,0.704997,22823,32319,108476,23302,0.413895,0.494808,0.176828,0.413895,179751500.0,961.65,platt_sigmoid,10000.0,1500.0,,0.130435,economic_unconstrained,xgboost,xgboost_05_missingness_challenger,missingness_challenger,XGBoost | missingness challenger
0.309319,186920,54955,131965,0.294003,0.705997,22769,32186,108609,23356,0.414321,0.493637,0.176986,0.414321,179411000.0,959.83,platt_sigmoid,10000.0,1500.0,,0.130435,economic_unconstrained,xgboost,xgboost_05_missingness_challenger,missingness_challenger,XGBoost | missingness challenger
0.3098,186920,54768,132152,0.293002,0.706998,22707,32061,108734,23418,0.414603,0.492293,0.177205,0.414603,178978500.0,957.51,platt_sigmoid,10000.0,1500.0,,0.130435,economic_unconstrained,xgboost,xgboost_05_missingness_challenger,missingness_challenger,XGBoost | missingness challenger
0.310341,186920,54581,132339,0.292002,0.707998,22655,31926,108869,23470,0.415071,0.491165,0.177348,0.415071,178661000.0,955.82,platt_sigmoid,10000.0,1500.0,,0.130435,economic_unconstrained,xgboost,xgboost_05_missingness_challenger,missingness_challenger,XGBoost | missingness challenger
0.310867,186920,54394,132526,0.291001,0.708999,22600,31794,109001,23525,0.415487,0.489973,0.177512,0.415487,178309000.0,953.93,platt_sigmoid,10000.0,1500.0,,0.130435,economic_unconstrained,xgboost,xgboost_05_missingness_challenger,missingness_challenger,XGBoost | missingness challenger
0.311439,186920,54207,132713,0.290001,0.709999,22552,31655,109140,23573,0.416035,0.488932,0.177624,0.416035,178037500.0,952.48,platt_sigmoid,10000.0,1500.0,,0.130435,economic_unconstrained,xgboost,xgboost_05_missingness_challenger,missingness_challenger,XGBoost | missingness challenger
0.311978,186920,54020,132900,0.289001,0.710999,22498,31522,109273,23627,0.416475,0.487762,0.17778,0.416475,177697000.0,950.66,platt_sigmoid,10000.0,1500.0,,0.130435,economic_unconstrained,xgboost,xgboost_05_missingness_challenger,missingness_challenger,XGBoost | missingness challenger
0.312519,186920,53833,133087,0.288,0.712,22444,31389,109406,23681,0.416919,0.486591,0.177936,0.416919,177356500.0,948.84,platt_sigmoid,10000.0,1500.0,,0.130435,economic_unconstrained,xgboost,xgboost_05_missingness_challenger,missingness_challenger,XGBoost | missingness challenger
0.313025,186920,53646,133274,0.287,0.713,22396,31250,109545,23729,0.417478,0.48555,0.178047,0.417478,177085000.0,947.38,platt_sigmoid,10000.0,1500.0,,0.130435,economic_unconstrained,xgboost,xgboost_05_missingness_challenger,missingness_challenger,XGBoost | missingness challenger
0.313509,186920,53459,133461,0.285999,0.714001,22337,31122,109673,23788,0.417834,0.484271,0.178239,0.417834,176687000.0,945.25,platt_sigmoid,10000.0,1500.0,,0.130435,economic_unconstrained,xgboost,xgboost_05_missingness_challenger,missingness_challenger,XGBoost | missingness challenger
0.314088,186920,53272,133648,0.284999,0.715001,22278,30994,109801,23847,0.418193,0.482992,0.178431,0.418193,176289000.0,943.13,platt_sigmoid,10000.0,1500.0,,0.130435,economic_unconstrained,xgboost,xgboost_05_missingness_challenger,missingness_challenger,XGBoost | missingness challenger
0.314631,186920,53085,133835,0.283999,0.716001,22218,30867,109928,23907,0.418536,0.481691,0.17863,0.418536,175879500.0,940.93,platt_sigmoid,10000.0,1500.0,,0.130435,economic_unconstrained,xgboost,xgboost_05_missingness_challenger,missingness_challenger,XGBoost | missingness challenger
0.315216,186920,52899,134021,0.283003,0.716997,22148,30751,110044,23977,0.418685,0.480173,0.178905,0.418685,175353500.0,938.12,platt_sigmoid,10000.0,1500.0,,0.130435,economic_unconstrained,xgboost,xgboost_05_missingness_challenger,missingness_challenger,XGBoost | missingness challenger
0.315804,186920,52712,134208,0.282003,0.717997,22086,30626,110169,24039,0.418994,0.478829,0.179117,0.418994,174921000.0,935.81,platt_sigmoid,10000.0,1500.0,,0.130435,economic_unconstrained,xgboost,xgboost_05_missingness_challenger,missingness_challenger,XGBoost | missingness challenger
0.31633,186920,52525,134395,0.281003,0.718997,22024,30501,110294,24101,0.419305,0.477485,0.17933,0.419305,174488500.0,933.49,platt_sigmoid,10000.0,1500.0,,0.130435,economic_unconstrained,xgboost,xgboost_05_missingness_challenger,missingness_challenger,XGBoost | missingness challenger
0.316915,186920,52338,134582,0.280002,0.719998,21961,30377,110418,24164,0.4196,0.476119,0.179549,0.4196,174044500.0,931.12,platt_sigmoid,10000.0,1500.0,,0.130435,economic_unconstrained,xgboost,xgboost_05_missingness_challenger,missingness_challenger,XGBoost | missingness challenger
0.317436,186920,52151,134769,0.279002,0.720998,21890,30261,110534,24235,0.419743,0.47458,0.179826,0.419743,173508500.0,928.25,platt_sigmoid,10000.0,1500.0,,0.130435,economic_unconstrained,xgboost,xgboost_05_missingness_challenger,missingness_challenger,XGBoost | missingness challenger
0.317978,186920,51964,134956,0.278001,0.721999,21829,30135,110660,24296,0.420079,0.473257,0.180029,0.420079,173087500.0,926.0,platt_sigmoid,10000.0,1500.0,,0.130435,economic_unconstrained,xgboost,xgboost_05_missingness_challenger,missingness_challenger,XGBoost | missingness challenger
0.318523,186920,51777,135143,0.277001,0.722999,21765,30012,110783,24360,0.42036,0.47187,0.180254,0.42036,172632000.0,923.56,platt_sigmoid,10000.0,1500.0,,0.130435,economic_unconstrained,xgboost,xgboost_05_missingness_challenger,missingness_challenger,XGBoost | missingness challenger
0.319064,186920,51591,135329,0.276006,0.723994,21704,29887,110908,24421,0.420694,0.470547,0.180457,0.420694,172209500.0,921.3,platt_sigmoid,10000.0,1500.0,,0.130435,economic_unconstrained,xgboost,xgboost_05_missingness_challenger,missingness_challenger,XGBoost | missingness challenger
0.319578,186920,51403,135517,0.275,0.725,21649,29754,111041,24476,0.421162,0.469355,0.180612,0.421162,171859000.0,919.43,platt_sigmoid,10000.0,1500.0,,0.130435,economic_unconstrained,xgboost,xgboost_05_missingness_challenger,missingness_challenger,XGBoost | missingness challenger
0.320106,186920,51216,135704,0.274,0.726,21584,29632,111163,24541,0.421431,0.467946,0.180842,0.421431,171392000.0,916.93,platt_sigmoid,10000.0,1500.0,,0.130435,economic_unconstrained,xgboost,xgboost_05_missingness_challenger,missingness_challenger,XGBoost | missingness challenger
0.320591,186920,51029,135891,0.272999,0.727001,21524,29505,111290,24601,0.421799,0.466645,0.181035,0.421799,170982500.0,914.74,platt_sigmoid,10000.0,1500.0,,0.130435,economic_unconstrained,xgboost,xgboost_05_missingness_challenger,missingness_challenger,XGBoost | missingness challenger
0.321058,186920,50842,136078,0.271999,0.728001,21466,29376,111419,24659,0.42221,0.465388,0.181212,0.42221,170596000.0,912.67,platt_sigmoid,10000.0,1500.0,,0.130435,economic_unconstrained,xgboost,xgboost_05_missingness_challenger,missingness_challenger,XGBoost | missingness challenger
0.321631,186920,50656,136264,0.271004,0.728996,21409,29247,111548,24716,0.422635,0.464152,0.181383,0.422635,170219500.0,910.65,platt_sigmoid,10000.0,1500.0,,0.130435,economic_unconstrained,xgboost,xgboost_05_missingness_challenger,missingness_challenger,XGBoost | missingness challenger
0.322258,186920,50469,136451,0.270003,0.729997,21355,29114,111681,24770,0.423131,0.462981,0.18153,0.423131,169879000.0,908.83,platt_sigmoid,10000.0,1500.0,,0.130435,economic_unconstrained,xgboost,xgboost_05_missingness_challenger,missingness_challenger,XGBoost | missingness challenger
0.322782,186920,50282,136638,0.269003,0.730997,21290,28992,111803,24835,0.423412,0.461572,0.181758,0.423412,169412000.0,906.33,platt_sigmoid,10000.0,1500.0,,0.130435,economic_unconstrained,xgboost,xgboost_05_missingness_challenger,missingness_challenger,XGBoost | missingness challenger
0.323385,186920,50095,136825,0.268002,0.731998,21223,28872,111923,24902,0.423655,0.460119,0.181999,0.423655,168922000.0,903.71,platt_sigmoid,10000.0,1500.0,,0.130435,economic_unconstrained,xgboost,xgboost_05_missingness_challenger,missingness_challenger,XGBoost | missingness challenger
0.323968,186920,49908,137012,0.267002,0.732998,21173,28735,112060,24952,0.424241,0.459035,0.182115,0.424241,168627500.0,902.14,platt_sigmoid,10000.0,1500.0,,0.130435,economic_unconstrained,xgboost,xgboost_05_missingness_challenger,missingness_challenger,XGBoost | missingness challenger
0.32458,186920,49721,137199,0.266001,0.733999,21113,28608,112187,25012,0.424629,0.457734,0.182305,0.424629,168218000.0,899.95,platt_sigmoid,10000.0,1500.0,,0.130435,economic_unconstrained,xgboost,xgboost_05_missingness_challenger,missingness_challenger,XGBoost | missingness challenger
0.325136,186920,49534,137386,0.265001,0.734999,21061,28473,112322,25064,0.425183,0.456607,0.182435,0.425183,167900500.0,898.25,platt_sigmoid,10000.0,1500.0,,0.130435,economic_unconstrained,xgboost,xgboost_05_missingness_challenger,missingness_challenger,XGBoost | missingness challenger
0.32569,186920,49347,137573,0.264001,0.735999,21004,28343,112452,25121,0.425639,0.455371,0.182601,0.425639,167525500.0,896.24,platt_sigmoid,10000.0,1500.0,,0.130435,economic_unconstrained,xgboost,xgboost_05_missingness_challenger,missingness_challenger,XGBoost | missingness challenger
0.326263,186920,49160,137760,0.263,0.737,20936,28224,112571,25189,0.425875,0.453897,0.182847,0.425875,167024000.0,893.56,platt_sigmoid,10000.0,1500.0,,0.130435,economic_unconstrained,xgboost,xgboost_05_missingness_challenger,missingness_challenger,XGBoost | missingness challenger
0.326813,186920,48973,137947,0.262,0.738,20875,28098,112697,25250,0.426255,0.452575,0.183041,0.426255,166603000.0,891.31,platt_sigmoid,10000.0,1500.0,,0.130435,economic_unconstrained,xgboost,xgboost_05_missingness_challenger,missingness_challenger,XGBoost | missingness challenger
0.327391,186920,48787,138133,0.261005,0.738995,20810,27977,112818,25315,0.426548,0.451165,0.183265,0.426548,166134500.0,888.8,platt_sigmoid,10000.0,1500.0,,0.130435,economic_unconstrained,xgboost,xgboost_05_missingness_challenger,missingness_challenger,XGBoost | missingness challenger
0.327942,186920,48599,138321,0.259999,0.740001,20748,27851,112944,25377,0.426922,0.449821,0.183465,0.426922,165703500.0,886.49,platt_sigmoid,10000.0,1500.0,,0.130435,economic_unconstrained,xgboost,xgboost_05_missingness_challenger,missingness_challenger,XGBoost | missingness challenger
0.328549,186920,48413,138507,0.259004,0.740996,20686,27727,113068,25439,0.427282,0.448477,0.183666,0.427282,165269500.0,884.17,platt_sigmoid,10000.0,1500.0,,0.130435,economic_unconstrained,xgboost,xgboost_05_missingness_challenger,missingness_challenger,XGBoost | missingness challenger
0.329078,186920,48226,138694,0.258003,0.741997,20617,27609,113186,25508,0.427508,0.446981,0.183916,0.427508,164756500.0,881.43,platt_sigmoid,10000.0,1500.0,,0.130435,economic_unconstrained,xgboost,xgboost_05_missingness_challenger,missingness_challenger,XGBoost | missingness challenger
0.329684,186920,48039,138881,0.257003,0.742997,20555,27484,113311,25570,0.427882,0.445637,0.184114,0.427882,164324000.0,879.11,platt_sigmoid,10000.0,1500.0,,0.130435,economic_unconstrained,xgboost,xgboost_05_missingness_challenger,missingness_challenger,XGBoost | missingness challenger
0.330242,186920,47852,139068,0.256003,0.743997,20500,27352,113443,25625,0.428404,0.444444,0.184262,0.428404,163972000.0,877.23,platt_sigmoid,10000.0,1500.0,,0.130435,economic_unconstrained,xgboost,xgboost_05_missingness_challenger,missingness_challenger,XGBoost | missingness challenger
0.330787,186920,47665,139255,0.255002,0.744998,20436,27229,113566,25689,0.428742,0.443057,0.184475,0.428742,163516500.0,874.79,platt_sigmoid,10000.0,1500.0,,0.130435,economic_unconstrained,xgboost,xgboost_05_missingness_challenger,missingness_challenger,XGBoost | missingness challenger
0.331344,186920,47478,139442,0.254002,0.745998,20379,27099,113696,25746,0.42923,0.441821,0.184636,0.42923,163141500.0,872.79,platt_sigmoid,10000.0,1500.0,,0.130435,economic_unconstrained,xgboost,xgboost_05_missingness_challenger,missingness_challenger,XGBoost | missingness challenger
0.331992,186920,47291,139629,0.253001,0.746999,20315,26976,113819,25810,0.429574,0.440434,0.184847,0.429574,162686000.0,870.35,platt_sigmoid,10000.0,1500.0,,0.130435,economic_unconstrained,xgboost,xgboost_05_missingness_challenger,missingness_challenger,XGBoost | missingness challenger
0.332508,186920,47104,139816,0.252001,0.747999,20253,26851,113944,25872,0.429963,0.439089,0.185043,0.429963,162253500.0,868.04,platt_sigmoid,10000.0,1500.0,,0.130435,economic_unconstrained,xgboost,xgboost_05_missingness_challenger,missingness_challenger,XGBoost | missingness challenger
0.333154,186920,46917,140003,0.251,0.749,20200,26717,114078,25925,0.430548,0.43794,0.185175,0.430548,161924500.0,866.28,platt_sigmoid,10000.0,1500.0,,0.130435,economic_unconstrained,xgboost,xgboost_05_missingness_challenger,missingness_challenger,XGBoost | missingness challenger
0.333761,186920,46730,140190,0.25,0.75,20149,26581,114214,25976,0.431179,0.436835,0.185291,0.431179,161618500.0,864.64,platt_sigmoid,10000.0,1500.0,,0.130435,economic_unconstrained,xgboost,xgboost_05_missingness_challenger,missingness_challenger,XGBoost | missingness challenger
0.334298,186920,46543,140377,0.249,0.751,20086,26457,114338,26039,0.431558,0.435469,0.185493,0.431558,161174500.0,862.26,platt_sigmoid,10000.0,1500.0,,0.130435,economic_unconstrained,xgboost,xgboost_05_missingness_challenger,missingness_challenger,XGBoost | missingness challenger
0.334895,186920,46356,140564,0.247999,0.752001,20020,26336,114459,26105,0.431875,0.434038,0.185716,0.431875,160696000.0,859.7,platt_sigmoid,10000.0,1500.0,,0.130435,economic_unconstrained,xgboost,xgboost_05_missingness_challenger,missingness_challenger,XGBoost | missingness challenger
0.335472,186920,46169,140751,0.246999,0.753001,19957,26212,114583,26168,0.43226,0.432672,0.185917,0.43226,160252000.0,857.33,platt_sigmoid,10000.0,1500.0,,0.130435,economic_unconstrained,xgboost,xgboost_05_missingness_challenger,missingness_challenger,XGBoost | missingness challenger
0.336062,186920,45983,140937,0.246004,0.753996,19896,26087,114708,26229,0.432682,0.43135,0.186104,0.432682,159829500.0,855.07,platt_sigmoid,10000.0,1500.0,,0.130435,economic_unconstrained,xgboost,xgboost_05_missingness_challenger,missingness_challenger,XGBoost | missingness challenger
0.336672,186920,45796,141124,0.245003,0.754997,19824,25972,114823,26301,0.432876,0.429789,0.186368,0.432876,159282000.0,852.14,platt_sigmoid,10000.0,1500.0,,0.130435,economic_unconstrained,xgboost,xgboost_05_missingness_challenger,missingness_challenger,XGBoost | missingness challenger
0.337242,186920,45609,141311,0.244003,0.755997,19755,25854,114941,26370,0.433138,0.428293,0.18661,0.433138,158769000.0,849.4,platt_sigmoid,10000.0,1500.0,,0.130435,economic_unconstrained,xgboost,xgboost_05_missingness_challenger,missingness_challenger,XGBoost | missingness challenger
0.337856,186920,45422,141498,0.243002,0.756998,19695,25727,115068,26430,0.4336,0.426992,0.186787,0.4336,158359500.0,847.2,platt_sigmoid,10000.0,1500.0,,0.130435,economic_unconstrained,xgboost,xgboost_05_missingness_challenger,missingness_challenger,XGBoost | missingness challenger
0.338384,186920,45235,141685,0.242002,0.757998,19619,25616,115179,26506,0.433713,0.425344,0.187077,0.433713,157766000.0,844.03,platt_sigmoid,10000.0,1500.0,,0.130435,economic_unconstrained,xgboost,xgboost_05_missingness_challenger,missingness_challenger,XGBoost | missingness challenger
0.338975,186920,45048,141872,0.241001,0.758999,19559,25489,115306,26566,0.434181,0.424043,0.187253,0.434181,157356500.0,841.84,platt_sigmoid,10000.0,1500.0,,0.130435,economic_unconstrained,xgboost,xgboost_05_missingness_challenger,missingness_challenger,XGBoost | missingness challenger
0.339566,186920,44861,142059,0.240001,0.759999,19509,25352,115443,26616,0.434877,0.422959,0.187359,0.434877,157062000.0,840.26,platt_sigmoid,10000.0,1500.0,,0.130435,economic_unconstrained,xgboost,xgboost_05_missingness_challenger,missingness_challenger,XGBoost | missingness challenger
0.340213,186920,44674,142246,0.239001,0.760999,19430,25244,115551,26695,0.434929,0.421247,0.187668,0.434929,156434000.0,836.9,platt_sigmoid,10000.0,1500.0,,0.130435,economic_unconstrained,xgboost,xgboost_05_missingness_challenger,missingness_challenger,XGBoost | missingness challenger
0.340815,186920,44487,142433,0.238,0.762,19359,25128,115667,26766,0.435161,0.419707,0.18792,0.435161,155898000.0,834.04,platt_sigmoid,10000.0,1500.0,,0.130435,economic_unconstrained,xgboost,xgboost_05_missingness_challenger,missingness_challenger,XGBoost | missingness challenger
0.341391,186920,44300,142620,0.237,0.763,19303,24997,115798,26822,0.435734,0.418493,0.188066,0.435734,155534500.0,832.09,platt_sigmoid,10000.0,1500.0,,0.130435,economic_unconstrained,xgboost,xgboost_05_missingness_challenger,missingness_challenger,XGBoost | missingness challenger
0.341978,186920,44113,142807,0.235999,0.764001,19237,24876,115919,26888,0.436085,0.417062,0.188282,0.436085,155056000.0,829.53,platt_sigmoid,10000.0,1500.0,,0.130435,economic_unconstrained,xgboost,xgboost_05_missingness_challenger,missingness_challenger,XGBoost | missingness challenger
0.342627,186920,43926,142994,0.234999,0.765001,19178,24748,116047,26947,0.436598,0.415783,0.188448,0.436598,154658000.0,827.4,platt_sigmoid,10000.0,1500.0,,0.130435,economic_unconstrained,xgboost,xgboost_05_missingness_challenger,missingness_challenger,XGBoost | missingness challenger
0.34322,186920,43740,143180,0.234004,0.765996,19122,24618,116177,27003,0.437174,0.414569,0.188595,0.437174,154293000.0,825.45,platt_sigmoid,10000.0,1500.0,,0.130435,economic_unconstrained,xgboost,xgboost_05_missingness_challenger,missingness_challenger,XGBoost | missingness challenger
0.343847,186920,43553,143367,0.233003,0.766997,19051,24502,116293,27074,0.437421,0.41303,0.188844,0.437421,153757000.0,822.58,platt_sigmoid,10000.0,1500.0,,0.130435,economic_unconstrained,xgboost,xgboost_05_missingness_challenger,missingness_challenger,XGBoost | missingness challenger
0.344465,186920,43366,143554,0.232003,0.767997,18977,24389,116406,27148,0.437601,0.411425,0.189114,0.437601,153186500.0,819.53,platt_sigmoid,10000.0,1500.0,,0.130435,economic_unconstrained,xgboost,xgboost_05_missingness_challenger,missingness_challenger,XGBoost | missingness challenger
0.345076,186920,43179,143741,0.231003,0.768997,18908,24271,116524,27217,0.437898,0.40993,0.189348,0.437898,152673500.0,816.79,platt_sigmoid,10000.0,1500.0,,0.130435,economic_unconstrained,xgboost,xgboost_05_missingness_challenger,missingness_challenger,XGBoost | missingness challenger
0.345649,186920,42992,143928,0.230002,0.769998,18850,24142,116653,27275,0.438454,0.408672,0.189504,0.438454,152287000.0,814.72,platt_sigmoid,10000.0,1500.0,,0.130435,economic_unconstrained,xgboost,xgboost_05_missingness_challenger,missingness_challenger,XGBoost | missingness challenger
0.346284,186920,42805,144115,0.229002,0.770998,18775,24030,116765,27350,0.438617,0.407046,0.189779,0.438617,151705000.0,811.6,platt_sigmoid,10000.0,1500.0,,0.130435,economic_unconstrained,xgboost,xgboost_05_missingness_challenger,missingness_challenger,XGBoost | missingness challenger
0.346856,186920,42618,144302,0.228001,0.771999,18709,23909,116886,27416,0.438993,0.405615,0.18999,0.438993,151226500.0,809.04,platt_sigmoid,10000.0,1500.0,,0.130435,economic_unconstrained,xgboost,xgboost_05_missingness_challenger,missingness_challenger,XGBoost | missingness challenger
0.347476,186920,42431,144489,0.227001,0.772999,18646,23785,117010,27479,0.439443,0.404249,0.190181,0.439443,150782500.0,806.67,platt_sigmoid,10000.0,1500.0,,0.130435,economic_unconstrained,xgboost,xgboost_05_missingness_challenger,missingness_challenger,XGBoost | missingness challenger
0.348193,186920,42244,144676,0.226,0.774,18584,23660,117135,27541,0.43992,0.402905,0.190363,0.43992,150350000.0,804.35,platt_sigmoid,10000.0,1500.0,,0.130435,economic_unconstrained,xgboost,xgboost_05_missingness_challenger,missingness_challenger,XGBoost | missingness challenger
0.348923,186920,42057,144863,0.225,0.775,18515,23542,117253,27610,0.440236,0.401409,0.190594,0.440236,149837000.0,801.61,platt_sigmoid,10000.0,1500.0,,0.130435,economic_unconstrained,xgboost,xgboost_05_missingness_challenger,missingness_challenger,XGBoost | missingness challenger
0.34954,186920,41870,145050,0.224,0.776,18440,23430,117365,27685,0.440411,0.399783,0.190865,0.440411,149255000.0,798.5,platt_sigmoid,10000.0,1500.0,,0.130435,economic_unconstrained,xgboost,xgboost_05_missingness_challenger,missingness_challenger,XGBoost | missingness challenger
0.350171,186920,41683,145237,0.222999,0.777001,18373,23310,117485,27752,0.440779,0.398331,0.191081,0.440779,148765000.0,795.88,platt_sigmoid,10000.0,1500.0,,0.130435,economic_unconstrained,xgboost,xgboost_05_missingness_challenger,missingness_challenger,XGBoost | missingness challenger
0.350801,186920,41497,145423,0.222004,0.777996,18312,23185,117610,27813,0.441285,0.397008,0.191256,0.441285,148342500.0,793.61,platt_sigmoid,10000.0,1500.0,,0.130435,economic_unconstrained,xgboost,xgboost_05_missingness_challenger,missingness_challenger,XGBoost | missingness challenger
0.351426,186920,41310,145610,0.221004,0.778996,18234,23076,117719,27891,0.441394,0.395317,0.191546,0.441394,147726000.0,790.32,platt_sigmoid,10000.0,1500.0,,0.130435,economic_unconstrained,xgboost,xgboost_05_missingness_challenger,missingness_challenger,XGBoost | missingness challenger
0.352013,186920,41123,145797,0.220003,0.779997,18156,22967,117828,27969,0.441505,0.393626,0.191835,0.441505,147109500.0,787.02,platt_sigmoid,10000.0,1500.0,,0.130435,economic_unconstrained,xgboost,xgboost_05_missingness_challenger,missingness_challenger,XGBoost | missingness challenger
0.352629,186920,40936,145984,0.219003,0.780997,18084,22852,117943,28041,0.441763,0.392065,0.192083,0.441763,146562000.0,784.09,platt_sigmoid,10000.0,1500.0,,0.130435,economic_unconstrained,xgboost,xgboost_05_missingness_challenger,missingness_challenger,XGBoost | missingness challenger
0.353224,186920,40749,146171,0.218002,0.781998,18004,22745,118050,28121,0.441827,0.390331,0.192384,0.441827,145922500.0,780.67,platt_sigmoid,10000.0,1500.0,,0.130435,economic_unconstrained,xgboost,xgboost_05_missingness_challenger,missingness_challenger,XGBoost | missingness challenger
0.353917,186920,40562,146358,0.217002,0.782998,17937,22625,118170,28188,0.442212,0.388878,0.192596,0.442212,145432500.0,778.05,platt_sigmoid,10000.0,1500.0,,0.130435,economic_unconstrained,xgboost,xgboost_05_missingness_challenger,missingness_challenger,XGBoost | missingness challenger
0.354563,186920,40375,146545,0.216001,0.783999,17884,22491,118304,28241,0.442947,0.387729,0.192712,0.442947,145103500.0,776.29,platt_sigmoid,10000.0,1500.0,,0.130435,economic_unconstrained,xgboost,xgboost_05_missingness_challenger,missingness_challenger,XGBoost | missingness challenger
0.355299,186920,40188,146732,0.215001,0.784999,17812,22376,118419,28313,0.443217,0.386168,0.192957,0.443217,144556000.0,773.36,platt_sigmoid,10000.0,1500.0,,0.130435,economic_unconstrained,xgboost,xgboost_05_missingness_challenger,missingness_challenger,XGBoost | missingness challenger
0.356019,186920,40001,146919,0.214001,0.785999,17747,22254,118541,28378,0.443664,0.384759,0.193154,0.443664,144089000.0,770.86,platt_sigmoid,10000.0,1500.0,,0.130435,economic_unconstrained,xgboost,xgboost_05_missingness_challenger,missingness_challenger,XGBoost | missingness challenger
0.35669,186920,39814,147106,0.213,0.787,17678,22136,118659,28447,0.444015,0.383263,0.193378,0.444015,143576000.0,768.11,platt_sigmoid,10000.0,1500.0,,0.130435,economic_unconstrained,xgboost,xgboost_05_missingness_challenger,missingness_challenger,XGBoost | missingness challenger
0.35732,186920,39627,147293,0.212,0.788,17610,22017,118778,28515,0.444394,0.381789,0.193594,0.444394,143074500.0,765.43,platt_sigmoid,10000.0,1500.0,,0.130435,economic_unconstrained,xgboost,xgboost_05_missingness_challenger,missingness_challenger,XGBoost | missingness challenger
0.357972,186920,39440,147480,0.210999,0.789001,17544,21896,118899,28581,0.444828,0.380358,0.193796,0.444828,142596000.0,762.87,platt_sigmoid,10000.0,1500.0,,0.130435,economic_unconstrained,xgboost,xgboost_05_missingness_challenger,missingness_challenger,XGBoost | missingness challenger
0.358638,186920,39253,147667,0.209999,0.790001,17472,21781,119014,28653,0.445112,0.378797,0.194038,0.445112,142048500.0,759.94,platt_sigmoid,10000.0,1500.0,,0.130435,economic_unconstrained,xgboost,xgboost_05_missingness_challenger,missingness_challenger,XGBoost | missingness challenger
0.359369,186920,39067,147853,0.209004,0.790996,17412,21655,119140,28713,0.445696,0.377496,0.1942,0.445696,141637500.0,757.74,platt_sigmoid,10000.0,1500.0,,0.130435,economic_unconstrained,xgboost,xgboost_05_missingness_challenger,missingness_challenger,XGBoost | missingness challenger
0.360113,186920,38880,148040,0.208003,0.791997,17355,21525,119270,28770,0.446373,0.37626,0.194339,0.446373,141262500.0,755.74,platt_sigmoid,10000.0,1500.0,,0.130435,economic_unconstrained,xgboost,xgboost_05_missingness_challenger,missingness_challenger,XGBoost | missingness challenger
0.360758,186920,38693,148227,0.207003,0.792997,17281,21412,119383,28844,0.446618,0.374656,0.194593,0.446618,140692000.0,752.69,platt_sigmoid,10000.0,1500.0,,0.130435,economic_unconstrained,xgboost,xgboost_05_missingness_challenger,missingness_challenger,XGBoost | missingness challenger
0.36147,186920,38506,148414,0.206003,0.793997,17212,21294,119501,28913,0.446995,0.37316,0.194813,0.446995,140179000.0,749.94,platt_sigmoid,10000.0,1500.0,,0.130435,economic_unconstrained,xgboost,xgboost_05_missingness_challenger,missingness_challenger,XGBoost | missingness challenger
0.36209,186920,38319,148601,0.205002,0.794998,17147,21172,119623,28978,0.44748,0.371751,0.195005,0.44748,139712000.0,747.44,platt_sigmoid,10000.0,1500.0,,0.130435,economic_unconstrained,xgboost,xgboost_05_missingness_challenger,missingness_challenger,XGBoost | missingness challenger
0.362848,186920,38132,148788,0.204002,0.795998,17082,21050,119745,29043,0.44797,0.370341,0.195197,0.44797,139245000.0,744.94,platt_sigmoid,10000.0,1500.0,,0.130435,economic_unconstrained,xgboost,xgboost_05_missingness_challenger,missingness_challenger,XGBoost | missingness challenger
0.363485,186920,37945,148975,0.203001,0.796999,17017,20928,119867,29108,0.448465,0.368932,0.195388,0.448465,138778000.0,742.45,platt_sigmoid,10000.0,1500.0,,0.130435,economic_unconstrained,xgboost,xgboost_05_missingness_challenger,missingness_challenger,XGBoost | missingness challenger
0.364171,186920,37758,149162,0.202001,0.797999,16950,20808,119987,29175,0.448911,0.36748,0.195593,0.448911,138288000.0,739.82,platt_sigmoid,10000.0,1500.0,,0.130435,economic_unconstrained,xgboost,xgboost_05_missingness_challenger,missingness_challenger,XGBoost | missingness challenger
0.36484,186920,37571,149349,0.201,0.799,16879,20692,120103,29246,0.449256,0.36594,0.195823,0.449256,137752000.0,736.96,platt_sigmoid,10000.0,1500.0,,0.130435,economic_unconstrained,xgboost,xgboost_05_missingness_challenger,missingness_challenger,XGBoost | missingness challenger
0.365439,186920,37384,149536,0.2,0.8,16821,20563,120232,29304,0.449952,0.364683,0.195966,0.449952,137365500.0,734.89,platt_sigmoid,10000.0,1500.0,,0.130435,economic_unconstrained,xgboost,xgboost_05_missingness_challenger,missingness_challenger,XGBoost | missingness challenger
0.366153,186920,37197,149723,0.199,0.801,16759,20438,120357,29366,0.450547,0.363339,0.196136,0.450547,136933000.0,732.58,platt_sigmoid,10000.0,1500.0,,0.130435,economic_unconstrained,xgboost,xgboost_05_missingness_challenger,missingness_challenger,XGBoost | missingness challenger
0.366835,186920,37010,149910,0.197999,0.802001,16696,20314,120481,29429,0.451121,0.361973,0.196311,0.451121,136489000.0,730.2,platt_sigmoid,10000.0,1500.0,,0.130435,economic_unconstrained,xgboost,xgboost_05_missingness_challenger,missingness_challenger,XGBoost | missingness challenger
0.367557,186920,36824,150096,0.197004,0.802996,16624,20200,120595,29501,0.451445,0.360412,0.196548,0.451445,135940000.0,727.26,platt_sigmoid,10000.0,1500.0,,0.130435,economic_unconstrained,xgboost,xgboost_05_missingness_challenger,missingness_challenger,XGBoost | missingness challenger
0.368203,186920,36637,150283,0.196004,0.803996,16551,20086,120709,29574,0.451756,0.358829,0.196789,0.451756,135381000.0,724.27,platt_sigmoid,10000.0,1500.0,,0.130435,economic_unconstrained,xgboost,xgboost_05_missingness_challenger,missingness_challenger,XGBoost | missingness challenger
0.368883,186920,36450,150470,0.195003,0.804997,16483,19967,120828,29642,0.452209,0.357355,0.196996,0.452209,134879500.0,721.59,platt_sigmoid,10000.0,1500.0,,0.130435,economic_unconstrained,xgboost,xgboost_05_missingness_challenger,missingness_challenger,XGBoost | missingness challenger
0.369554,186920,36263,150657,0.194003,0.805997,16418,19845,120950,29707,0.452748,0.355946,0.197183,0.452748,134412500.0,719.09,platt_sigmoid,10000.0,1500.0,,0.130435,economic_unconstrained,xgboost,xgboost_05_missingness_challenger,missingness_challenger,XGBoost | missingness challenger
0.370217,186920,36076,150844,0.193002,0.806998,16351,19725,121070,29774,0.453238,0.354493,0.197383,0.453238,133922500.0,716.47,platt_sigmoid,10000.0,1500.0,,0.130435,economic_unconstrained,xgboost,xgboost_05_missingness_challenger,missingness_challenger,XGBoost | missingness challenger
0.370917,186920,35889,151031,0.192002,0.807998,16279,19610,121185,29846,0.453593,0.352932,0.197615,0.453593,133375000.0,713.54,platt_sigmoid,10000.0,1500.0,,0.130435,economic_unconstrained,xgboost,xgboost_05_missingness_challenger,missingness_challenger,XGBoost | missingness challenger
0.371627,186920,35702,151218,0.191001,0.808999,16209,19493,121302,29916,0.454008,0.351415,0.197834,0.454008,132850500.0,710.73,platt_sigmoid,10000.0,1500.0,,0.130435,economic_unconstrained,xgboost,xgboost_05_missingness_challenger,missingness_challenger,XGBoost | missingness challenger
0.372308,186920,35515,151405,0.190001,0.809999,16140,19375,121420,29985,0.454456,0.349919,0.198045,0.454456,132337500.0,707.99,platt_sigmoid,10000.0,1500.0,,0.130435,economic_unconstrained,xgboost,xgboost_05_missingness_challenger,missingness_challenger,XGBoost | missingness challenger
0.372982,186920,35328,151592,0.189001,0.810999,16075,19253,121542,30050,0.455022,0.348509,0.198229,0.455022,131870500.0,705.49,platt_sigmoid,10000.0,1500.0,,0.130435,economic_unconstrained,xgboost,xgboost_05_missingness_challenger,missingness_challenger,XGBoost | missingness challenger
0.373669,186920,35141,151779,0.188,0.812,15997,19144,121651,30128,0.455223,0.346818,0.198499,0.455223,131254000.0,702.19,platt_sigmoid,10000.0,1500.0,,0.130435,economic_unconstrained,xgboost,xgboost_05_missingness_challenger,missingness_challenger,XGBoost | missingness challenger
0.374363,186920,34954,151966,0.187,0.813,15922,19032,121763,30203,0.455513,0.345192,0.198748,0.455513,130672000.0,699.08,platt_sigmoid,10000.0,1500.0,,0.130435,economic_unconstrained,xgboost,xgboost_05_missingness_challenger,missingness_challenger,XGBoost | missingness challenger
0.374957,186920,34767,152153,0.185999,0.814001,15845,18922,121873,30280,0.455748,0.343523,0.19901,0.455748,130067000.0,695.84,platt_sigmoid,10000.0,1500.0,,0.130435,economic_unconstrained,xgboost,xgboost_05_missingness_challenger,missingness_challenger,XGBoost | missingness challenger
0.375649,186920,34581,152339,0.185004,0.814996,15766,18815,121980,30359,0.455915,0.34181,0.199286,0.455915,129437500.0,692.48,platt_sigmoid,10000.0,1500.0,,0.130435,economic_unconstrained,xgboost,xgboost_05_missingness_challenger,missingness_challenger,XGBoost | missingness challenger
0.376307,186920,34394,152526,0.184004,0.815996,15699,18695,122100,30426,0.456446,0.340358,0.199481,0.456446,128947500.0,689.85,platt_sigmoid,10000.0,1500.0,,0.130435,economic_unconstrained,xgboost,xgboost_05_missingness_challenger,missingness_challenger,XGBoost | missingness challenger
0.376907,186920,34207,152713,0.183003,0.816997,15639,18568,122227,30486,0.457187,0.339057,0.199629,0.457187,128538000.0,687.66,platt_sigmoid,10000.0,1500.0,,0.130435,economic_unconstrained,xgboost,xgboost_05_missingness_challenger,missingness_challenger,XGBoost | missingness challenger
0.377567,186920,34020,152900,0.182003,0.817997,15573,18447,122348,30552,0.45776,0.337626,0.199817,0.45776,128059500.0,685.1,platt_sigmoid,10000.0,1500.0,,0.130435,economic_unconstrained,xgboost,xgboost_05_missingness_challenger,missingness_challenger,XGBoost | missingness challenger
0.378271,186920,33833,153087,0.181003,0.818997,15499,18334,122461,30626,0.458103,0.336022,0.200056,0.458103,127489000.0,682.05,platt_sigmoid,10000.0,1500.0,,0.130435,economic_unconstrained,xgboost,xgboost_05_missingness_challenger,missingness_challenger,XGBoost | missingness challenger
0.378975,186920,33646,153274,0.180002,0.819998,15433,18213,122582,30692,0.458688,0.334591,0.200243,0.458688,127010500.0,679.49,platt_sigmoid,10000.0,1500.0,,0.130435,economic_unconstrained,xgboost,xgboost_05_missingness_challenger,missingness_challenger,XGBoost | missingness challenger
0.379715,186920,33459,153461,0.179002,0.820998,15368,18091,122704,30757,0.459308,0.333182,0.200422,0.459308,126543500.0,676.99,platt_sigmoid,10000.0,1500.0,,0.130435,economic_unconstrained,xgboost,xgboost_05_missingness_challenger,missingness_challenger,XGBoost | missingness challenger
0.380488,186920,33272,153648,0.178001,0.821999,15298,17974,122821,30827,0.459786,0.331664,0.200634,0.459786,126019000.0,674.19,platt_sigmoid,10000.0,1500.0,,0.130435,economic_unconstrained,xgboost,xgboost_05_missingness_challenger,missingness_challenger,XGBoost | missingness challenger
0.381222,186920,33085,153835,0.177001,0.822999,15219,17866,122929,30906,0.459997,0.329951,0.200904,0.459997,125391000.0,670.83,platt_sigmoid,10000.0,1500.0,,0.130435,economic_unconstrained,xgboost,xgboost_05_missingness_challenger,missingness_challenger,XGBoost | missingness challenger
0.381885,186920,32898,154022,0.176,0.824,15147,17751,123044,30978,0.460423,0.32839,0.201127,0.460423,124843500.0,667.9,platt_sigmoid,10000.0,1500.0,,0.130435,economic_unconstrained,xgboost,xgboost_05_missingness_challenger,missingness_challenger,XGBoost | missingness challenger
0.382645,186920,32711,154209,0.175,0.825,15082,17629,123166,31043,0.461068,0.326981,0.201305,0.461068,124376500.0,665.4,platt_sigmoid,10000.0,1500.0,,0.130435,economic_unconstrained,xgboost,xgboost_05_missingness_challenger,missingness_challenger,XGBoost | missingness challenger
0.383443,186920,32524,154396,0.174,0.826,15016,17508,123287,31109,0.46169,0.32555,0.201488,0.46169,123898000.0,662.84,platt_sigmoid,10000.0,1500.0,,0.130435,economic_unconstrained,xgboost,xgboost_05_missingness_challenger,missingness_challenger,XGBoost | missingness challenger
0.384216,186920,32337,154583,0.172999,0.827001,14947,17390,123405,31178,0.462226,0.324054,0.201691,0.462226,123385000.0,660.1,platt_sigmoid,10000.0,1500.0,,0.130435,economic_unconstrained,xgboost,xgboost_05_missingness_challenger,missingness_challenger,XGBoost | missingness challenger
0.384944,186920,32151,154769,0.172004,0.827996,14892,17259,123536,31233,0.463189,0.322862,0.201804,0.463189,123031500.0,658.2,platt_sigmoid,10000.0,1500.0,,0.130435,economic_unconstrained,xgboost,xgboost_05_missingness_challenger,missingness_challenger,XGBoost | missingness challenger
0.385724,186920,31964,154956,0.171004,0.828996,14825,17139,123656,31300,0.463803,0.321409,0.201993,0.463803,122541500.0,655.58,platt_sigmoid,10000.0,1500.0,,0.130435,economic_unconstrained,xgboost,xgboost_05_missingness_challenger,missingness_challenger,XGBoost | missingness challenger
0.386595,186920,31777,155143,0.170003,0.829997,14757,17020,123775,31368,0.464392,0.319935,0.202188,0.464392,122040000.0,652.9,platt_sigmoid,10000.0,1500.0,,0.130435,economic_unconstrained,xgboost,xgboost_05_missingness_challenger,missingness_challenger,XGBoost | missingness challenger
0.387468,186920,31590,155330,0.169003,0.830997,14692,16898,123897,31433,0.465084,0.318526,0.202363,0.465084,121573000.0,650.4,platt_sigmoid,10000.0,1500.0,,0.130435,economic_unconstrained,xgboost,xgboost_05_missingness_challenger,missingness_challenger,XGBoost | missingness challenger
0.388232,186920,31403,155517,0.168002,0.831998,14627,16776,124019,31498,0.465784,0.317117,0.202537,0.465784,121106000.0,647.9,platt_sigmoid,10000.0,1500.0,,0.130435,economic_unconstrained,xgboost,xgboost_05_missingness_challenger,missingness_challenger,XGBoost | missingness challenger
0.388947,186920,31216,155704,0.167002,0.832998,14556,16660,124135,31569,0.466299,0.315577,0.20275,0.466299,120570000.0,645.04,platt_sigmoid,10000.0,1500.0,,0.130435,economic_unconstrained,xgboost,xgboost_05_missingness_challenger,missingness_challenger,XGBoost | missingness challenger
0.389819,186920,31029,155891,0.166001,0.833999,14494,16535,124260,31631,0.467111,0.314233,0.202905,0.467111,120137500.0,642.72,platt_sigmoid,10000.0,1500.0,,0.130435,economic_unconstrained,xgboost,xgboost_05_missingness_challenger,missingness_challenger,XGBoost | missingness challenger
0.390606,186920,30842,156078,0.165001,0.834999,14420,16422,124373,31705,0.467544,0.312629,0.203136,0.467544,119567000.0,639.67,platt_sigmoid,10000.0,1500.0,,0.130435,economic_unconstrained,xgboost,xgboost_05_missingness_challenger,missingness_challenger,XGBoost | missingness challenger
0.391437,186920,30655,156265,0.164001,0.835999,14351,16304,124491,31774,0.468145,0.311133,0.203334,0.468145,119054000.0,636.92,platt_sigmoid,10000.0,1500.0,,0.130435,economic_unconstrained,xgboost,xgboost_05_missingness_challenger,missingness_challenger,XGBoost | missingness challenger
0.392252,186920,30468,156452,0.163,0.837,14275,16193,124602,31850,0.468524,0.309485,0.203577,0.468524,118460500.0,633.75,platt_sigmoid,10000.0,1500.0,,0.130435,economic_unconstrained,xgboost,xgboost_05_missingness_challenger,missingness_challenger,XGBoost | missingness challenger
0.393039,186920,30281,156639,0.162,0.838,14196,16085,124710,31929,0.468809,0.307772,0.203838,0.468809,117832500.0,630.39,platt_sigmoid,10000.0,1500.0,,0.130435,economic_unconstrained,xgboost,xgboost_05_missingness_challenger,missingness_challenger,XGBoost | missingness challenger
0.393873,186920,30094,156826,0.160999,0.839001,14116,15978,124817,32009,0.469064,0.306038,0.204105,0.469064,117193000.0,626.97,platt_sigmoid,10000.0,1500.0,,0.130435,economic_unconstrained,xgboost,xgboost_05_missingness_challenger,missingness_challenger,XGBoost | missingness challenger
0.394654,186920,29908,157012,0.160004,0.839996,14054,15854,124941,32071,0.469908,0.304694,0.204258,0.469908,116759000.0,624.65,platt_sigmoid,10000.0,1500.0,,0.130435,economic_unconstrained,xgboost,xgboost_05_missingness_challenger,missingness_challenger,XGBoost | missingness challenger
0.395486,186920,29721,157199,0.159004,0.840996,13985,15736,125059,32140,0.470543,0.303198,0.204454,0.470543,116246000.0,621.9,platt_sigmoid,10000.0,1500.0,,0.130435,economic_unconstrained,xgboost,xgboost_05_missingness_challenger,missingness_challenger,XGBoost | missingness challenger
0.396304,186920,29534,157386,0.158003,0.841997,13909,15625,125170,32216,0.470949,0.30155,0.204694,0.470949,115652500.0,618.73,platt_sigmoid,10000.0,1500.0,,0.130435,economic_unconstrained,xgboost,xgboost_05_missingness_challenger,missingness_challenger,XGBoost | missingness challenger
0.396997,186920,29347,157573,0.157003,0.842997,13846,15501,125294,32279,0.471803,0.300184,0.204851,0.471803,115208500.0,616.35,platt_sigmoid,10000.0,1500.0,,0.130435,economic_unconstrained,xgboost,xgboost_05_missingness_challenger,missingness_challenger,XGBoost | missingness challenger
0.397865,186920,29160,157760,0.156003,0.843997,13778,15382,125413,32347,0.472497,0.29871,0.205039,0.472497,114707000.0,613.67,platt_sigmoid,10000.0,1500.0,,0.130435,economic_unconstrained,xgboost,xgboost_05_missingness_challenger,missingness_challenger,XGBoost | missingness challenger
0.398751,186920,28973,157947,0.155002,0.844998,13714,15259,125536,32411,0.473337,0.297322,0.205202,0.473337,114251500.0,611.23,platt_sigmoid,10000.0,1500.0,,0.130435,economic_unconstrained,xgboost,xgboost_05_missingness_challenger,missingness_challenger,XGBoost | missingness challenger
0.39957,186920,28786,158134,0.154002,0.845998,13653,15133,125662,32472,0.474293,0.296,0.205345,0.474293,113830500.0,608.98,platt_sigmoid,10000.0,1500.0,,0.130435,economic_unconstrained,xgboost,xgboost_05_missingness_challenger,missingness_challenger,XGBoost | missingness challenger
0.400371,186920,28599,158321,0.153001,0.846999,13578,15021,125774,32547,0.474772,0.294374,0.205576,0.474772,113248500.0,605.87,platt_sigmoid,10000.0,1500.0,,0.130435,economic_unconstrained,xgboost,xgboost_05_missingness_challenger,missingness_challenger,XGBoost | missingness challenger
0.401251,186920,28412,158508,0.152001,0.847999,13512,14900,125895,32613,0.475574,0.292943,0.20575,0.475574,112770000.0,603.31,platt_sigmoid,10000.0,1500.0,,0.130435,economic_unconstrained,xgboost,xgboost_05_missingness_challenger,missingness_challenger,XGBoost | missingness challenger
0.402232,186920,28225,158695,0.151,0.849,13427,14798,125997,32698,0.475713,0.2911,0.206043,0.475713,112073000.0,599.58,platt_sigmoid,10000.0,1500.0,,0.130435,economic_unconstrained,xgboost,xgboost_05_missingness_challenger,missingness_challenger,XGBoost | missingness challenger
0.403015,186920,28038,158882,0.15,0.85,13356,14682,126113,32769,0.476354,0.289561,0.206247,0.476354,111537000.0,596.71,platt_sigmoid,10000.0,1500.0,,0.130435,economic_unconstrained,xgboost,xgboost_05_missingness_challenger,missingness_challenger,XGBoost | missingness challenger
0.403864,186920,27851,159069,0.149,0.851,13292,14559,126236,32833,0.477254,0.288173,0.206407,0.477254,111081500.0,594.27,platt_sigmoid,10000.0,1500.0,,0.130435,economic_unconstrained,xgboost,xgboost_05_missingness_challenger,missingness_challenger,XGBoost | missingness challenger
0.404834,186920,27665,159255,0.148004,0.851996,13236,14429,126366,32889,0.478438,0.286959,0.206518,0.478438,110716500.0,592.32,platt_sigmoid,10000.0,1500.0,,0.130435,economic_unconstrained,xgboost,xgboost_05_missingness_challenger,missingness_challenger,XGBoost | missingness challenger
0.405699,186920,27478,159442,0.147004,0.852996,13167,14311,126484,32958,0.479183,0.285463,0.206708,0.479183,110203500.0,589.58,platt_sigmoid,10000.0,1500.0,,0.130435,economic_unconstrained,xgboost,xgboost_05_missingness_challenger,missingness_challenger,XGBoost | missingness challenger
0.406468,186920,27291,159629,0.146004,0.853996,13099,14192,126603,33026,0.479975,0.283989,0.206892,0.479975,109702000.0,586.89,platt_sigmoid,10000.0,1500.0,,0.130435,economic_unconstrained,xgboost,xgboost_05_missingness_challenger,missingness_challenger,XGBoost | missingness challenger
0.407312,186920,27104,159816,0.145003,0.854997,13022,14082,126713,33103,0.480446,0.28232,0.207132,0.480446,109097000.0,583.66,platt_sigmoid,10000.0,1500.0,,0.130435,economic_unconstrained,xgboost,xgboost_05_missingness_challenger,missingness_challenger,XGBoost | missingness challenger
0.408194,186920,26917,160003,0.144003,0.855997,12945,13972,126823,33180,0.480923,0.28065,0.207371,0.480923,108492000.0,580.42,platt_sigmoid,10000.0,1500.0,,0.130435,economic_unconstrained,xgboost,xgboost_05_missingness_challenger,missingness_challenger,XGBoost | missingness challenger
0.409039,186920,26730,160190,0.143002,0.856998,12857,13873,126922,33268,0.480995,0.278743,0.207678,0.480995,107760500.0,576.51,platt_sigmoid,10000.0,1500.0,,0.130435,economic_unconstrained,xgboost,xgboost_05_missingness_challenger,missingness_challenger,XGBoost | missingness challenger
0.409872,186920,26543,160377,0.142002,0.857998,12784,13759,127036,33341,0.481634,0.27716,0.207891,0.481634,107201500.0,573.52,platt_sigmoid,10000.0,1500.0,,0.130435,economic_unconstrained,xgboost,xgboost_05_missingness_challenger,missingness_challenger,XGBoost | missingness challenger
0.41067,186920,26356,160564,0.141001,0.858999,12708,13648,127147,33417,0.482167,0.275512,0.208123,0.482167,106608000.0,570.34,platt_sigmoid,10000.0,1500.0,,0.130435,economic_unconstrained,xgboost,xgboost_05_missingness_challenger,missingness_challenger,XGBoost | missingness challenger
0.411487,186920,26169,160751,0.140001,0.859999,12630,13539,127256,33495,0.482632,0.273821,0.208366,0.482632,105991500.0,567.04,platt_sigmoid,10000.0,1500.0,,0.130435,economic_unconstrained,xgboost,xgboost_05_missingness_challenger,missingness_challenger,XGBoost | missingness challenger
0.412393,186920,25982,160938,0.139001,0.860999,12555,13427,127368,33570,0.483219,0.272195,0.20859,0.483219,105409500.0,563.93,platt_sigmoid,10000.0,1500.0,,0.130435,economic_unconstrained,xgboost,xgboost_05_missingness_challenger,missingness_challenger,XGBoost | missingness challenger
0.413254,186920,25795,161125,0.138,0.862,12484,13311,127484,33641,0.48397,0.270656,0.208788,0.48397,104873500.0,561.06,platt_sigmoid,10000.0,1500.0,,0.130435,economic_unconstrained,xgboost,xgboost_05_missingness_challenger,missingness_challenger,XGBoost | missingness challenger
0.414102,186920,25608,161312,0.137,0.863,12412,13196,127599,33713,0.484692,0.269095,0.208993,0.484692,104326000.0,558.13,platt_sigmoid,10000.0,1500.0,,0.130435,economic_unconstrained,xgboost,xgboost_05_missingness_challenger,missingness_challenger,XGBoost | missingness challenger
0.41495,186920,25421,161499,0.135999,0.864001,12337,13084,127711,33788,0.485307,0.267469,0.209215,0.485307,103744000.0,555.02,platt_sigmoid,10000.0,1500.0,,0.130435,economic_unconstrained,xgboost,xgboost_05_missingness_challenger,missingness_challenger,XGBoost | missingness challenger
0.415894,186920,25235,161685,0.135004,0.864996,12267,12968,127827,33858,0.486111,0.265951,0.209407,0.486111,103218000.0,552.2,platt_sigmoid,10000.0,1500.0,,0.130435,economic_unconstrained,xgboost,xgboost_05_missingness_challenger,missingness_challenger,XGBoost | missingness challenger
0.416758,186920,25048,161872,0.134004,0.865996,12197,12851,127944,33928,0.486945,0.264434,0.209598,0.486945,102693500.0,549.4,platt_sigmoid,10000.0,1500.0,,0.130435,economic_unconstrained,xgboost,xgboost_05_missingness_challenger,missingness_challenger,XGBoost | missingness challenger
0.417585,186920,24861,162059,0.133003,0.866997,12123,12738,128057,34002,0.487631,0.262829,0.209812,0.487631,102123000.0,546.35,platt_sigmoid,10000.0,1500.0,,0.130435,economic_unconstrained,xgboost,xgboost_05_missingness_challenger,missingness_challenger,XGBoost | missingness challenger
0.41846,186920,24674,162246,0.132003,0.867997,12035,12639,128156,34090,0.48776,0.260921,0.210113,0.48776,101391500.0,542.43,platt_sigmoid,10000.0,1500.0,,0.130435,economic_unconstrained,xgboost,xgboost_05_missingness_challenger,missingness_challenger,XGBoost | missingness challenger
0.41946,186920,24487,162433,0.131003,0.868997,11957,12530,128265,34168,0.4883,0.25923,0.210351,0.4883,100775000.0,539.13,platt_sigmoid,10000.0,1500.0,,0.130435,economic_unconstrained,xgboost,xgboost_05_missingness_challenger,missingness_challenger,XGBoost | missingness challenger
0.420473,186920,24300,162620,0.130002,0.869998,11880,12420,128375,34245,0.488889,0.257561,0.210583,0.488889,100170000.0,535.9,platt_sigmoid,10000.0,1500.0,,0.130435,economic_unconstrained,xgboost,xgboost_05_missingness_challenger,missingness_challenger,XGBoost | missingness challenger
0.421394,186920,24113,162807,0.129002,0.870998,11807,12306,128489,34318,0.489653,0.255978,0.210789,0.489653,99611000.0,532.91,platt_sigmoid,10000.0,1500.0,,0.130435,economic_unconstrained,xgboost,xgboost_05_missingness_challenger,missingness_challenger,XGBoost | missingness challenger
0.422287,186920,23926,162994,0.128001,0.871999,11731,12195,128600,34394,0.490303,0.254331,0.211014,0.490303,99017500.0,529.73,platt_sigmoid,10000.0,1500.0,,0.130435,economic_unconstrained,xgboost,xgboost_05_missingness_challenger,missingness_challenger,XGBoost | missingness challenger
0.423227,186920,23739,163181,0.127001,0.872999,11659,12080,128715,34466,0.491133,0.25277,0.211213,0.491133,98470000.0,526.8,platt_sigmoid,10000.0,1500.0,,0.130435,economic_unconstrained,xgboost,xgboost_05_missingness_challenger,missingness_challenger,XGBoost | missingness challenger
0.424103,186920,23552,163368,0.126,0.874,11599,11953,128842,34526,0.492485,0.251469,0.211339,0.492485,98060500.0,524.61,platt_sigmoid,10000.0,1500.0,,0.130435,economic_unconstrained,xgboost,xgboost_05_missingness_challenger,missingness_challenger,XGBoost | missingness challenger
0.425019,186920,23365,163555,0.125,0.875,11526,11839,128956,34599,0.493302,0.249886,0.211544,0.493302,97501500.0,521.62,platt_sigmoid,10000.0,1500.0,,0.130435,economic_unconstrained,xgboost,xgboost_05_missingness_challenger,missingness_challenger,XGBoost | missingness challenger
0.426011,186920,23178,163742,0.124,0.876,11437,11741,129054,34688,0.493442,0.247957,0.211845,0.493442,96758500.0,517.65,platt_sigmoid,10000.0,1500.0,,0.130435,economic_unconstrained,xgboost,xgboost_05_missingness_challenger,missingness_challenger,XGBoost | missingness challenger
0.426977,186920,22992,163928,0.123004,0.876996,11361,11631,129164,34764,0.494128,0.246309,0.212069,0.494128,96163500.0,514.46,platt_sigmoid,10000.0,1500.0,,0.130435,economic_unconstrained,xgboost,xgboost_05_missingness_challenger,missingness_challenger,XGBoost | missingness challenger
0.427908,186920,22805,164115,0.122004,0.877996,11278,11527,129268,34847,0.494541,0.244509,0.212333,0.494541,95489500.0,510.86,platt_sigmoid,10000.0,1500.0,,0.130435,economic_unconstrained,xgboost,xgboost_05_missingness_challenger,missingness_challenger,XGBoost | missingness challenger
0.428806,186920,22618,164302,0.121004,0.878996,11210,11408,129387,34915,0.495623,0.243035,0.212505,0.495623,94988000.0,508.17,platt_sigmoid,10000.0,1500.0,,0.130435,economic_unconstrained,xgboost,xgboost_05_missingness_challenger,missingness_challenger,XGBoost | missingness challenger
0.429816,186920,22431,164489,0.120003,0.879997,11141,11290,129505,34984,0.496679,0.241539,0.212683,0.496679,94475000.0,505.43,platt_sigmoid,10000.0,1500.0,,0.130435,economic_unconstrained,xgboost,xgboost_05_missingness_challenger,missingness_challenger,XGBoost | missingness challenger
0.430699,186920,22244,164676,0.119003,0.880997,11069,11175,129620,35056,0.497617,0.239978,0.212879,0.497617,93927500.0,502.5,platt_sigmoid,10000.0,1500.0,,0.130435,economic_unconstrained,xgboost,xgboost_05_missingness_challenger,missingness_challenger,XGBoost | missingness challenger
0.431608,186920,22057,164863,0.118002,0.881998,10993,11064,129731,35132,0.498391,0.238331,0.213098,0.498391,93334000.0,499.33,platt_sigmoid,10000.0,1500.0,,0.130435,economic_unconstrained,xgboost,xgboost_05_missingness_challenger,missingness_challenger,XGBoost | missingness challenger
0.432491,186920,21870,165050,0.117002,0.882998,10910,10960,129835,35215,0.498857,0.236531,0.21336,0.498857,92660000.0,495.72,platt_sigmoid,10000.0,1500.0,,0.130435,economic_unconstrained,xgboost,xgboost_05_missingness_challenger,missingness_challenger,XGBoost | missingness challenger
0.433356,186920,21683,165237,0.116001,0.883999,10834,10849,129946,35291,0.499654,0.234883,0.213578,0.499654,92066500.0,492.54,platt_sigmoid,10000.0,1500.0,,0.130435,economic_unconstrained,xgboost,xgboost_05_missingness_challenger,missingness_challenger,XGBoost | missingness challenger
0.434301,186920,21496,165424,0.115001,0.884999,10751,10745,130050,35374,0.50014,0.233084,0.213838,0.50014,91392500.0,488.94,platt_sigmoid,10000.0,1500.0,,0.130435,economic_unconstrained,xgboost,xgboost_05_missingness_challenger,missingness_challenger,XGBoost | missingness challenger
0.435252,186920,21309,165611,0.114001,0.885999,10672,10637,130158,35453,0.500821,0.231371,0.214074,0.500821,90764500.0,485.58,platt_sigmoid,10000.0,1500.0,,0.130435,economic_unconstrained,xgboost,xgboost_05_missingness_challenger,missingness_challenger,XGBoost | missingness challenger
0.436264,186920,21122,165798,0.113,0.887,10589,10533,130262,35536,0.501326,0.229572,0.214333,0.501326,90090500.0,481.97,platt_sigmoid,10000.0,1500.0,,0.130435,economic_unconstrained,xgboost,xgboost_05_missingness_challenger,missingness_challenger,XGBoost | missingness challenger
0.43719,186920,20935,165985,0.112,0.888,10521,10414,130381,35604,0.502556,0.228098,0.214501,0.502556,89589000.0,479.29,platt_sigmoid,10000.0,1500.0,,0.130435,economic_unconstrained,xgboost,xgboost_05_missingness_challenger,missingness_challenger,XGBoost | missingness challenger
0.438103,186920,20749,166171,0.111005,0.888995,10450,10299,130496,35675,0.503639,0.226558,0.214688,0.503639,89051500.0,476.42,platt_sigmoid,10000.0,1500.0,,0.130435,economic_unconstrained,xgboost,xgboost_05_missingness_challenger,missingness_challenger,XGBoost | missingness challenger
0.439098,186920,20562,166358,0.110004,0.889996,10371,10191,130604,35754,0.504377,0.224846,0.214922,0.504377,88423500.0,473.06,platt_sigmoid,10000.0,1500.0,,0.130435,economic_unconstrained,xgboost,xgboost_05_missingness_challenger,missingness_challenger,XGBoost | missingness challenger
0.439986,186920,20375,166545,0.109004,0.890996,10295,10080,130715,35830,0.505276,0.223198,0.215137,0.505276,87830000.0,469.88,platt_sigmoid,10000.0,1500.0,,0.130435,economic_unconstrained,xgboost,xgboost_05_missingness_challenger,missingness_challenger,XGBoost | missingness challenger
0.440932,186920,20188,166732,0.108003,0.891997,10225,9963,130832,35900,0.506489,0.22168,0.215316,0.506489,87305500.0,467.07,platt_sigmoid,10000.0,1500.0,,0.130435,economic_unconstrained,xgboost,xgboost_05_missingness_challenger,missingness_challenger,XGBoost | missingness challenger
0.441878,186920,20001,166919,0.107003,0.892997,10158,9843,130952,35967,0.507875,0.220228,0.215476,0.507875,86815500.0,464.45,platt_sigmoid,10000.0,1500.0,,0.130435,economic_unconstrained,xgboost,xgboost_05_missingness_challenger,missingness_challenger,XGBoost | missingness challenger
0.442879,186920,19814,167106,0.106003,0.893997,10089,9725,131070,36036,0.509185,0.218732,0.215648,0.509185,86302500.0,461.71,platt_sigmoid,10000.0,1500.0,,0.130435,economic_unconstrained,xgboost,xgboost_05_missingness_challenger,missingness_challenger,XGBoost | missingness challenger
0.44393,186920,19627,167293,0.105002,0.894998,10009,9618,131177,36116,0.509961,0.216997,0.215885,0.509961,85663000.0,458.29,platt_sigmoid,10000.0,1500.0,,0.130435,economic_unconstrained,xgboost,xgboost_05_missingness_challenger,missingness_challenger,XGBoost | missingness challenger
0.444905,186920,19440,167480,0.104002,0.895998,9933,9507,131288,36192,0.510957,0.21535,0.216097,0.510957,85069500.0,455.11,platt_sigmoid,10000.0,1500.0,,0.130435,economic_unconstrained,xgboost,xgboost_05_missingness_challenger,missingness_challenger,XGBoost | missingness challenger
0.445963,186920,19253,167667,0.103001,0.896999,9869,9384,131411,36256,0.512595,0.213962,0.216238,0.512595,84614000.0,452.67,platt_sigmoid,10000.0,1500.0,,0.130435,economic_unconstrained,xgboost,xgboost_05_missingness_challenger,missingness_challenger,XGBoost | missingness challenger
0.447053,186920,19066,167854,0.102001,0.897999,9783,9283,131512,36342,0.513112,0.212098,0.21651,0.513112,83905500.0,448.88,platt_sigmoid,10000.0,1500.0,,0.130435,economic_unconstrained,xgboost,xgboost_05_missingness_challenger,missingness_challenger,XGBoost | missingness challenger
0.44801,186920,18879,168041,0.101,0.899,9709,9170,131625,36416,0.514275,0.210493,0.216709,0.514275,83335000.0,445.83,platt_sigmoid,10000.0,1500.0,,0.130435,economic_unconstrained,xgboost,xgboost_05_missingness_challenger,missingness_challenger,XGBoost | missingness challenger
0.449088,186920,18692,168228,0.1,0.9,9613,9079,131716,36512,0.514284,0.208412,0.217039,0.514284,82511500.0,441.43,platt_sigmoid,10000.0,1500.0,,0.130435,economic_unconstrained,xgboost,xgboost_05_missingness_challenger,missingness_challenger,XGBoost | missingness challenger
0.450133,186920,18505,168415,0.099,0.901,9534,8971,131824,36591,0.515212,0.206699,0.217267,0.515212,81883500.0,438.07,platt_sigmoid,10000.0,1500.0,,0.130435,economic_unconstrained,xgboost,xgboost_05_missingness_challenger,missingness_challenger,XGBoost | missingness challenger
0.451325,186920,18319,168601,0.098004,0.901996,9447,8872,131923,36678,0.515694,0.204813,0.217543,0.515694,81162000.0,434.21,platt_sigmoid,10000.0,1500.0,,0.130435,economic_unconstrained,xgboost,xgboost_05_missingness_challenger,missingness_challenger,XGBoost | missingness challenger
0.452296,186920,18132,168788,0.097004,0.902996,9363,8769,132026,36762,0.51638,0.202992,0.2178,0.51638,80476500.0,430.54,platt_sigmoid,10000.0,1500.0,,0.130435,economic_unconstrained,xgboost,xgboost_05_missingness_challenger,missingness_challenger,XGBoost | missingness challenger
0.453437,186920,17945,168975,0.096004,0.903996,9284,8661,132134,36841,0.517359,0.201279,0.218026,0.517359,79848500.0,427.18,platt_sigmoid,10000.0,1500.0,,0.130435,economic_unconstrained,xgboost,xgboost_05_missingness_challenger,missingness_challenger,XGBoost | missingness challenger
0.454462,186920,17758,169162,0.095003,0.904997,9186,8572,132223,36939,0.517288,0.199154,0.218365,0.517288,79002000.0,422.65,platt_sigmoid,10000.0,1500.0,,0.130435,economic_unconstrained,xgboost,xgboost_05_missingness_challenger,missingness_challenger,XGBoost | missingness challenger
0.455505,186920,17571,169349,0.094003,0.905997,9094,8477,132318,37031,0.517557,0.19716,0.218667,0.517557,78224500.0,418.49,platt_sigmoid,10000.0,1500.0,,0.130435,economic_unconstrained,xgboost,xgboost_05_missingness_challenger,missingness_challenger,XGBoost | missingness challenger
0.456812,186920,17384,169536,0.093002,0.906998,9014,8370,132425,37111,0.518523,0.195425,0.218897,0.518523,77585000.0,415.07,platt_sigmoid,10000.0,1500.0,,0.130435,economic_unconstrained,xgboost,xgboost_05_missingness_challenger,missingness_challenger,XGBoost | missingness challenger
0.458001,186920,17197,169723,0.092002,0.907998,8934,8263,132532,37191,0.519509,0.193691,0.219128,0.519509,76945500.0,411.65,platt_sigmoid,10000.0,1500.0,,0.130435,economic_unconstrained,xgboost,xgboost_05_missingness_challenger,missingness_challenger,XGBoost | missingness challenger
0.45909,186920,17010,169910,0.091001,0.908999,8856,8154,132641,37269,0.520635,0.192,0.219346,0.520635,76329000.0,408.35,platt_sigmoid,10000.0,1500.0,,0.130435,economic_unconstrained,xgboost,xgboost_05_missingness_challenger,missingness_challenger,XGBoost | missingness challenger
0.460096,186920,16823,170097,0.090001,0.909999,8767,8056,132739,37358,0.521132,0.19007,0.219628,0.521132,75586000.0,404.38,platt_sigmoid,10000.0,1500.0,,0.130435,economic_unconstrained,xgboost,xgboost_05_missingness_challenger,missingness_challenger,XGBoost | missingness challenger
0.461224,186920,16636,170284,0.089001,0.910999,8685,7951,132844,37440,0.522061,0.188293,0.219868,0.522061,74923500.0,400.83,platt_sigmoid,10000.0,1500.0,,0.130435,economic_unconstrained,xgboost,xgboost_05_missingness_challenger,missingness_challenger,XGBoost | missingness challenger
0.462402,186920,16449,170471,0.088,0.912,8603,7846,132949,37522,0.523011,0.186515,0.220108,0.523011,74261000.0,397.29,platt_sigmoid,10000.0,1500.0,,0.130435,economic_unconstrained,xgboost,xgboost_05_missingness_challenger,missingness_challenger,XGBoost | missingness challenger
0.463454,186920,16262,170658,0.087,0.913,8529,7733,133062,37596,0.524474,0.184911,0.2203,0.524474,73690500.0,394.24,platt_sigmoid,10000.0,1500.0,,0.130435,economic_unconstrained,xgboost,xgboost_05_missingness_challenger,missingness_challenger,XGBoost | missingness challenger
0.464517,186920,16076,170844,0.086005,0.913995,8441,7635,133160,37684,0.525068,0.183003,0.220575,0.525068,72957500.0,390.31,platt_sigmoid,10000.0,1500.0,,0.130435,economic_unconstrained,xgboost,xgboost_05_missingness_challenger,missingness_challenger,XGBoost | missingness challenger
0.465626,186920,15889,171031,0.085004,0.914996,8360,7529,133266,37765,0.52615,0.181247,0.220808,0.52615,72306500.0,386.83,platt_sigmoid,10000.0,1500.0,,0.130435,economic_unconstrained,xgboost,xgboost_05_missingness_challenger,missingness_challenger,XGBoost | missingness challenger
0.466701,186920,15702,171218,0.084004,0.915996,8277,7425,133370,37848,0.52713,0.179447,0.221052,0.52713,71632500.0,383.23,platt_sigmoid,10000.0,1500.0,,0.130435,economic_unconstrained,xgboost,xgboost_05_missingness_challenger,missingness_challenger,XGBoost | missingness challenger
0.46774,186920,15515,171405,0.083003,0.916997,8188,7327,133468,37937,0.527747,0.177518,0.22133,0.527747,70889500.0,379.25,platt_sigmoid,10000.0,1500.0,,0.130435,economic_unconstrained,xgboost,xgboost_05_missingness_challenger,missingness_challenger,XGBoost | missingness challenger
0.468987,186920,15328,171592,0.082003,0.917997,8095,7233,133562,38030,0.528118,0.175501,0.22163,0.528118,70100500.0,375.03,platt_sigmoid,10000.0,1500.0,,0.130435,economic_unconstrained,xgboost,xgboost_05_missingness_challenger,missingness_challenger,XGBoost | missingness challenger
0.470121,186920,15141,171779,0.081003,0.918997,8009,7132,133663,38116,0.528961,0.173637,0.22189,0.528961,69392000.0,371.24,platt_sigmoid,10000.0,1500.0,,0.130435,economic_unconstrained,xgboost,xgboost_05_missingness_challenger,missingness_challenger,XGBoost | missingness challenger
0.471396,186920,14954,171966,0.080002,0.919998,7933,7021,133774,38192,0.530494,0.171989,0.22209,0.530494,68798500.0,368.06,platt_sigmoid,10000.0,1500.0,,0.130435,economic_unconstrained,xgboost,xgboost_05_missingness_challenger,missingness_challenger,XGBoost | missingness challenger
0.472584,186920,14767,172153,0.079002,0.920998,7846,6921,133874,38279,0.53132,0.170103,0.222355,0.53132,68078500.0,364.21,platt_sigmoid,10000.0,1500.0,,0.130435,economic_unconstrained,xgboost,xgboost_05_missingness_challenger,missingness_challenger,XGBoost | missingness challenger
0.473754,186920,14580,172340,0.078001,0.921999,7759,6821,133974,38366,0.532167,0.168217,0.222618,0.532167,67358500.0,360.36,platt_sigmoid,10000.0,1500.0,,0.130435,economic_unconstrained,xgboost,xgboost_05_missingness_challenger,missingness_challenger,XGBoost | missingness challenger
0.474887,186920,14393,172527,0.077001,0.922999,7678,6715,134080,38447,0.533454,0.166461,0.222846,0.533454,66707500.0,356.88,platt_sigmoid,10000.0,1500.0,,0.130435,economic_unconstrained,xgboost,xgboost_05_missingness_challenger,missingness_challenger,XGBoost | missingness challenger
0.47608,186920,14206,172714,0.076,0.924,7593,6613,134182,38532,0.534492,0.164618,0.223097,0.534492,66010500.0,353.15,platt_sigmoid,10000.0,1500.0,,0.130435,economic_unconstrained,xgboost,xgboost_05_missingness_challenger,missingness_challenger,XGBoost | missingness challenger
0.477236,186920,14019,172901,0.075,0.925,7504,6515,134280,38621,0.535274,0.162688,0.223371,0.535274,65267500.0,349.17,platt_sigmoid,10000.0,1500.0,,0.130435,economic_unconstrained,xgboost,xgboost_05_missingness_challenger,missingness_challenger,XGBoost | missingness challenger
0.478533,186920,13833,173087,0.074005,0.925995,7415,6418,134377,38710,0.536037,0.160759,0.223645,0.536037,64523000.0,345.19,platt_sigmoid,10000.0,1500.0,,0.130435,economic_unconstrained,xgboost,xgboost_05_missingness_challenger,missingness_challenger,XGBoost | missingness challenger
0.479889,186920,13646,173274,0.073004,0.926996,7327,6319,134476,38798,0.536934,0.158851,0.223911,0.536934,63791500.0,341.28,platt_sigmoid,10000.0,1500.0,,0.130435,economic_unconstrained,xgboost,xgboost_05_missingness_challenger,missingness_challenger,XGBoost | missingness challenger
0.481142,186920,13459,173461,0.072004,0.927996,7243,6216,134579,38882,0.538153,0.15703,0.224154,0.538153,63106000.0,337.61,platt_sigmoid,10000.0,1500.0,,0.130435,economic_unconstrained,xgboost,xgboost_05_missingness_challenger,missingness_challenger,XGBoost | missingness challenger
0.482355,186920,13272,173648,0.071004,0.928996,7150,6122,134673,38975,0.538728,0.155014,0.224448,0.538728,62317000.0,333.39,platt_sigmoid,10000.0,1500.0,,0.130435,economic_unconstrained,xgboost,xgboost_05_missingness_challenger,missingness_challenger,XGBoost | missingness challenger
0.483708,186920,13085,173835,0.070003,0.929997,7071,6014,134781,39054,0.54039,0.153301,0.224661,0.54039,61689000.0,330.03,platt_sigmoid,10000.0,1500.0,,0.130435,economic_unconstrained,xgboost,xgboost_05_missingness_challenger,missingness_challenger,XGBoost | missingness challenger
0.48492,186920,12898,174022,0.069003,0.930997,6987,5911,134884,39138,0.541712,0.15148,0.224903,0.541712,61003500.0,326.36,platt_sigmoid,10000.0,1500.0,,0.130435,economic_unconstrained,xgboost,xgboost_05_missingness_challenger,missingness_challenger,XGBoost | missingness challenger
0.486183,186920,12711,174209,0.068002,0.931998,6911,5800,134995,39214,0.543702,0.149832,0.225097,0.543702,60410000.0,323.19,platt_sigmoid,10000.0,1500.0,,0.130435,economic_unconstrained,xgboost,xgboost_05_missingness_challenger,missingness_challenger,XGBoost | missingness challenger
0.487365,186920,12524,174396,0.067002,0.932998,6823,5701,135094,39302,0.544794,0.147924,0.225361,0.544794,59678500.0,319.27,platt_sigmoid,10000.0,1500.0,,0.130435,economic_unconstrained,xgboost,xgboost_05_missingness_challenger,missingness_challenger,XGBoost | missingness challenger
0.488659,186920,12337,174583,0.066001,0.933999,6736,5601,135194,39389,0.546,0.146038,0.225618,0.546,58958500.0,315.42,platt_sigmoid,10000.0,1500.0,,0.130435,economic_unconstrained,xgboost,xgboost_05_missingness_challenger,missingness_challenger,XGBoost | missingness challenger
0.489994,186920,12150,174770,0.065001,0.934999,6634,5516,135279,39491,0.546008,0.143827,0.22596,0.546008,58066000.0,310.65,platt_sigmoid,10000.0,1500.0,,0.130435,economic_unconstrained,xgboost,xgboost_05_missingness_challenger,missingness_challenger,XGBoost | missingness challenger
0.491183,186920,11963,174957,0.064001,0.935999,6545,5418,135377,39580,0.547104,0.141897,0.226227,0.547104,57323000.0,306.67,platt_sigmoid,10000.0,1500.0,,0.130435,economic_unconstrained,xgboost,xgboost_05_missingness_challenger,missingness_challenger,XGBoost | missingness challenger
0.492437,186920,11776,175144,0.063,0.937,6453,5323,135472,39672,0.547979,0.139902,0.226511,0.547979,56545500.0,302.51,platt_sigmoid,10000.0,1500.0,,0.130435,economic_unconstrained,xgboost,xgboost_05_missingness_challenger,missingness_challenger,XGBoost | missingness challenger
0.493762,186920,11589,175331,0.062,0.938,6358,5231,135564,39767,0.548624,0.137843,0.226811,0.548624,55733500.0,298.17,platt_sigmoid,10000.0,1500.0,,0.130435,economic_unconstrained,xgboost,xgboost_05_missingness_challenger,missingness_challenger,XGBoost | missingness challenger
0.494985,186920,11403,175517,0.061005,0.938995,6273,5130,135665,39852,0.550118,0.136,0.227055,0.550118,55035000.0,294.43,platt_sigmoid,10000.0,1500.0,,0.130435,economic_unconstrained,xgboost,xgboost_05_missingness_challenger,missingness_challenger,XGBoost | missingness challenger
0.496384,186920,11216,175704,0.060004,0.939996,6169,5047,135748,39956,0.550018,0.133745,0.227405,0.550018,54119500.0,289.53,platt_sigmoid,10000.0,1500.0,,0.130435,economic_unconstrained,xgboost,xgboost_05_missingness_challenger,missingness_challenger,XGBoost | missingness challenger
0.497735,186920,11029,175891,0.059004,0.940996,6077,4952,135843,40048,0.551002,0.131751,0.227686,0.551002,53342000.0,285.37,platt_sigmoid,10000.0,1500.0,,0.130435,economic_unconstrained,xgboost,xgboost_05_missingness_challenger,missingness_challenger,XGBoost | missingness challenger
0.499061,186920,10842,176078,0.058003,0.941997,5987,4855,135940,40138,0.552204,0.129799,0.227956,0.552204,52587500.0,281.34,platt_sigmoid,10000.0,1500.0,,0.130435,economic_unconstrained,xgboost,xgboost_05_missingness_challenger,missingness_challenger,XGBoost | missingness challenger
0.500605,186920,10655,176265,0.057003,0.942997,5898,4757,136038,40227,0.553543,0.12787,0.228219,0.553543,51844500.0,277.36,platt_sigmoid,10000.0,1500.0,,0.130435,economic_unconstrained,xgboost,xgboost_05_missingness_challenger,missingness_challenger,XGBoost | missingness challenger
0.502095,186920,10468,176452,0.056003,0.943997,5805,4663,136132,40320,0.554547,0.125854,0.228504,0.554547,51055500.0,273.14,platt_sigmoid,10000.0,1500.0,,0.130435,economic_unconstrained,xgboost,xgboost_05_missingness_challenger,missingness_challenger,XGBoost | missingness challenger
0.503437,186920,10281,176639,0.055002,0.944998,5717,4564,136231,40408,0.556074,0.123946,0.22876,0.556074,50324000.0,269.23,platt_sigmoid,10000.0,1500.0,,0.130435,economic_unconstrained,xgboost,xgboost_05_missingness_challenger,missingness_challenger,XGBoost | missingness challenger
0.50462,186920,10094,176826,0.054002,0.945998,5622,4472,136323,40503,0.556965,0.121886,0.229056,0.556965,49512000.0,264.88,platt_sigmoid,10000.0,1500.0,,0.130435,economic_unconstrained,xgboost,xgboost_05_missingness_challenger,missingness_challenger,XGBoost | missingness challenger
0.505981,186920,9907,177013,0.053001,0.946999,5529,4378,136417,40596,0.55809,0.11987,0.229339,0.55809,48723000.0,260.66,platt_sigmoid,10000.0,1500.0,,0.130435,economic_unconstrained,xgboost,xgboost_05_missingness_challenger,missingness_challenger,XGBoost | missingness challenger
0.507391,186920,9720,177200,0.052001,0.947999,5439,4281,136514,40686,0.559568,0.117919,0.229605,0.559568,47968500.0,256.63,platt_sigmoid,10000.0,1500.0,,0.130435,economic_unconstrained,xgboost,xgboost_05_missingness_challenger,missingness_challenger,XGBoost | missingness challenger
0.508986,186920,9533,177387,0.051,0.949,5349,4184,136611,40776,0.561104,0.115967,0.22987,0.561104,47214000.0,252.59,platt_sigmoid,10000.0,1500.0,,0.130435,economic_unconstrained,xgboost,xgboost_05_missingness_challenger,missingness_challenger,XGBoost | missingness challenger
0.510505,186920,9346,177574,0.05,0.95,5247,4099,136696,40878,0.561417,0.113756,0.230203,0.561417,46321500.0,247.81,platt_sigmoid,10000.0,1500.0,,0.130435,economic_unconstrained,xgboost,xgboost_05_missingness_challenger,missingness_challenger,XGBoost | missingness challenger
0.51198,186920,9160,177760,0.049005,0.950995,5154,4006,136789,40971,0.562664,0.11174,0.230485,0.562664,45531000.0,243.59,platt_sigmoid,10000.0,1500.0,,0.130435,economic_unconstrained,xgboost,xgboost_05_missingness_challenger,missingness_challenger,XGBoost | missingness challenger
0.513449,186920,8973,177947,0.048004,0.951996,5049,3924,136871,41076,0.562688,0.109463,0.230833,0.562688,44604000.0,238.63,platt_sigmoid,10000.0,1500.0,,0.130435,economic_unconstrained,xgboost,xgboost_05_missingness_challenger,missingness_challenger,XGBoost | missingness challenger
0.514966,186920,8786,178134,0.047004,0.952996,4957,3829,136966,41168,0.564193,0.107469,0.231107,0.564193,43826500.0,234.47,platt_sigmoid,10000.0,1500.0,,0.130435,economic_unconstrained,xgboost,xgboost_05_missingness_challenger,missingness_challenger,XGBoost | missingness challenger
0.516463,186920,8599,178321,0.046004,0.953996,4863,3736,137059,41262,0.565531,0.105431,0.231392,0.565531,43026000.0,230.18,platt_sigmoid,10000.0,1500.0,,0.130435,economic_unconstrained,xgboost,xgboost_05_missingness_challenger,missingness_challenger,XGBoost | missingness challenger
0.518026,186920,8412,178508,0.045003,0.954997,4753,3659,137136,41372,0.565026,0.103046,0.231766,0.565026,42041500.0,224.92,platt_sigmoid,10000.0,1500.0,,0.130435,economic_unconstrained,xgboost,xgboost_05_missingness_challenger,missingness_challenger,XGBoost | missingness challenger
0.519657,186920,8225,178695,0.044003,0.955997,4657,3568,137227,41468,0.566201,0.100965,0.23206,0.566201,41218000.0,220.51,platt_sigmoid,10000.0,1500.0,,0.130435,economic_unconstrained,xgboost,xgboost_05_missingness_challenger,missingness_challenger,XGBoost | missingness challenger
0.521225,186920,8038,178882,0.043002,0.956998,4560,3478,137317,41565,0.567305,0.098862,0.23236,0.567305,40383000.0,216.04,platt_sigmoid,10000.0,1500.0,,0.130435,economic_unconstrained,xgboost,xgboost_05_missingness_challenger,missingness_challenger,XGBoost | missingness challenger
0.522691,186920,7851,179069,0.042002,0.957998,4467,3384,137411,41658,0.568972,0.096846,0.232637,0.568972,39594000.0,211.82,platt_sigmoid,10000.0,1500.0,,0.130435,economic_unconstrained,xgboost,xgboost_05_missingness_challenger,missingness_challenger,XGBoost | missingness challenger
0.524315,186920,7664,179256,0.041001,0.958999,4375,3289,137506,41750,0.570851,0.094851,0.232907,0.570851,38816500.0,207.66,platt_sigmoid,10000.0,1500.0,,0.130435,economic_unconstrained,xgboost,xgboost_05_missingness_challenger,missingness_challenger,XGBoost | missingness challenger
0.525909,186920,7477,179443,0.040001,0.959999,4279,3198,137597,41846,0.572288,0.09277,0.233199,0.572288,37993000.0,203.26,platt_sigmoid,10000.0,1500.0,,0.130435,economic_unconstrained,xgboost,xgboost_05_missingness_challenger,missingness_challenger,XGBoost | missingness challenger
0.527359,186920,7290,179630,0.039001,0.960999,4193,3097,137698,41932,0.575171,0.090905,0.233435,0.575171,37284500.0,199.47,platt_sigmoid,10000.0,1500.0,,0.130435,economic_unconstrained,xgboost,xgboost_05_missingness_challenger,missingness_challenger,XGBoost | missingness challenger
0.528962,186920,7103,179817,0.038,0.962,4108,2995,137800,42017,0.578347,0.089062,0.233665,0.578347,36587500.0,195.74,platt_sigmoid,10000.0,1500.0,,0.130435,economic_unconstrained,xgboost,xgboost_05_missingness_challenger,missingness_challenger,XGBoost | missingness challenger
0.530674,186920,6917,180003,0.037005,0.962995,4004,2913,137882,42121,0.578864,0.086808,0.234002,0.578864,35670500.0,190.83,platt_sigmoid,10000.0,1500.0,,0.130435,economic_unconstrained,xgboost,xgboost_05_missingness_challenger,missingness_challenger,XGBoost | missingness challenger
0.532384,186920,6730,180190,0.036005,0.963995,3913,2817,137978,42212,0.581426,0.084835,0.234264,0.581426,34904500.0,186.73,platt_sigmoid,10000.0,1500.0,,0.130435,economic_unconstrained,xgboost,xgboost_05_missingness_challenger,missingness_challenger,XGBoost | missingness challenger
0.533851,186920,6543,180377,0.035004,0.964996,3805,2738,138057,42320,0.581538,0.082493,0.23462,0.581538,33943000.0,181.59,platt_sigmoid,10000.0,1500.0,,0.130435,economic_unconstrained,xgboost,xgboost_05_missingness_challenger,missingness_challenger,XGBoost | missingness challenger
0.535614,186920,6356,180564,0.034004,0.965996,3718,2638,138157,42407,0.584959,0.080607,0.234859,0.584959,33223000.0,177.74,platt_sigmoid,10000.0,1500.0,,0.130435,economic_unconstrained,xgboost,xgboost_05_missingness_challenger,missingness_challenger,XGBoost | missingness challenger
0.537339,186920,6169,180751,0.033003,0.966997,3624,2545,138250,42501,0.587453,0.078569,0.235136,0.587453,32422500.0,173.46,platt_sigmoid,10000.0,1500.0,,0.130435,economic_unconstrained,xgboost,xgboost_05_missingness_challenger,missingness_challenger,XGBoost | missingness challenger
0.539217,186920,5982,180938,0.032003,0.967997,3525,2457,138338,42600,0.589268,0.076423,0.23544,0.589268,31564500.0,168.87,platt_sigmoid,10000.0,1500.0,,0.130435,economic_unconstrained,xgboost,xgboost_05_missingness_challenger,missingness_challenger,XGBoost | missingness challenger
0.540892,186920,5795,181125,0.031003,0.968997,3429,2366,138429,42696,0.591717,0.074341,0.235727,0.591717,30741000.0,164.46,platt_sigmoid,10000.0,1500.0,,0.130435,economic_unconstrained,xgboost,xgboost_05_missingness_challenger,missingness_challenger,XGBoost | missingness challenger
0.542744,186920,5608,181312,0.030002,0.969998,3336,2272,138523,42789,0.594864,0.072325,0.235997,0.594864,29952000.0,160.24,platt_sigmoid,10000.0,1500.0,,0.130435,economic_unconstrained,xgboost,xgboost_05_missingness_challenger,missingness_challenger,XGBoost | missingness challenger
0.544495,186920,5421,181499,0.029002,0.970998,3231,2190,138605,42894,0.596015,0.070049,0.236332,0.596015,29025000.0,155.28,platt_sigmoid,10000.0,1500.0,,0.130435,economic_unconstrained,xgboost,xgboost_05_missingness_challenger,missingness_challenger,XGBoost | missingness challenger
0.546164,186920,5234,181686,0.028001,0.971999,3121,2113,138682,43004,0.596293,0.067664,0.236694,0.596293,28040500.0,150.01,platt_sigmoid,10000.0,1500.0,,0.130435,economic_unconstrained,xgboost,xgboost_05_missingness_challenger,missingness_challenger,XGBoost | missingness challenger
0.548008,186920,5047,181873,0.027001,0.972999,3019,2028,138767,43106,0.598177,0.065453,0.237012,0.598177,27148000.0,145.24,platt_sigmoid,10000.0,1500.0,,0.130435,economic_unconstrained,xgboost,xgboost_05_missingness_challenger,missingness_challenger,XGBoost | missingness challenger
0.549991,186920,4860,182060,0.026,0.974,2912,1948,138847,43213,0.599177,0.063133,0.237356,0.599177,26198000.0,140.16,platt_sigmoid,10000.0,1500.0,,0.130435,economic_unconstrained,xgboost,xgboost_05_missingness_challenger,missingness_challenger,XGBoost | missingness challenger
0.551907,186920,4673,182247,0.025,0.975,2806,1867,138928,43319,0.600471,0.060835,0.237694,0.600471,25259500.0,135.14,platt_sigmoid,10000.0,1500.0,,0.130435,economic_unconstrained,xgboost,xgboost_05_missingness_challenger,missingness_challenger,XGBoost | missingness challenger
0.553814,186920,4487,182433,0.024005,0.975995,2698,1789,139006,43427,0.601293,0.058493,0.238044,0.601293,24296500.0,129.98,platt_sigmoid,10000.0,1500.0,,0.130435,economic_unconstrained,xgboost,xgboost_05_missingness_challenger,missingness_challenger,XGBoost | missingness challenger
0.555977,186920,4300,182620,0.023004,0.976996,2604,1696,139099,43521,0.605581,0.056455,0.238315,0.605581,23496000.0,125.7,platt_sigmoid,10000.0,1500.0,,0.130435,economic_unconstrained,xgboost,xgboost_05_missingness_challenger,missingness_challenger,XGBoost | missingness challenger
0.557862,186920,4113,182807,0.022004,0.977996,2501,1612,139183,43624,0.608072,0.054222,0.238634,0.608072,22592000.0,120.86,platt_sigmoid,10000.0,1500.0,,0.130435,economic_unconstrained,xgboost,xgboost_05_missingness_challenger,missingness_challenger,XGBoost | missingness challenger
0.559895,186920,3926,182994,0.021004,0.978996,2400,1526,139269,43725,0.611309,0.052033,0.238942,0.611309,21711000.0,116.15,platt_sigmoid,10000.0,1500.0,,0.130435,economic_unconstrained,xgboost,xgboost_05_missingness_challenger,missingness_challenger,XGBoost | missingness challenger
0.562151,186920,3739,183181,0.020003,0.979997,2285,1454,139341,43840,0.611126,0.049539,0.239326,0.611126,20669000.0,110.58,platt_sigmoid,10000.0,1500.0,,0.130435,economic_unconstrained,xgboost,xgboost_05_missingness_challenger,missingness_challenger,XGBoost | missingness challenger
0.564242,186920,3552,183368,0.019003,0.980997,2175,1377,139418,43950,0.612331,0.047154,0.239682,0.612331,19684500.0,105.31,platt_sigmoid,10000.0,1500.0,,0.130435,economic_unconstrained,xgboost,xgboost_05_missingness_challenger,missingness_challenger,XGBoost | missingness challenger
0.566483,186920,3365,183555,0.018002,0.981998,2076,1289,139506,44049,0.616939,0.045008,0.239977,0.616939,18826500.0,100.72,platt_sigmoid,10000.0,1500.0,,0.130435,economic_unconstrained,xgboost,xgboost_05_missingness_challenger,missingness_challenger,XGBoost | missingness challenger
0.568773,186920,3178,183742,0.017002,0.982998,1983,1195,139600,44142,0.623977,0.042992,0.240239,0.623977,18037500.0,96.5,platt_sigmoid,10000.0,1500.0,,0.130435,economic_unconstrained,xgboost,xgboost_05_missingness_challenger,missingness_challenger,XGBoost | missingness challenger
0.57092,186920,2991,183929,0.016001,0.983999,1880,1111,139684,44245,0.628552,0.040759,0.240555,0.628552,17133500.0,91.66,platt_sigmoid,10000.0,1500.0,,0.130435,economic_unconstrained,xgboost,xgboost_05_missingness_challenger,missingness_challenger,XGBoost | missingness challenger
0.573257,186920,2804,184116,0.015001,0.984999,1776,1028,139767,44349,0.633381,0.038504,0.240875,0.633381,16218000.0,86.76,platt_sigmoid,10000.0,1500.0,,0.130435,economic_unconstrained,xgboost,xgboost_05_missingness_challenger,missingness_challenger,XGBoost | missingness challenger
0.575488,186920,2617,184303,0.014001,0.985999,1665,952,139843,44460,0.636225,0.036098,0.241233,0.636225,15222000.0,81.44,platt_sigmoid,10000.0,1500.0,,0.130435,economic_unconstrained,xgboost,xgboost_05_missingness_challenger,missingness_challenger,XGBoost | missingness challenger
0.577976,186920,2430,184490,0.013,0.987,1564,866,139929,44561,0.643621,0.033908,0.241536,0.643621,14341000.0,76.72,platt_sigmoid,10000.0,1500.0,,0.130435,economic_unconstrained,xgboost,xgboost_05_missingness_challenger,missingness_challenger,XGBoost | missingness challenger
0.580947,186920,2244,184676,0.012005,0.987995,1446,798,139997,44679,0.644385,0.03135,0.241932,0.644385,13263000.0,70.96,platt_sigmoid,10000.0,1500.0,,0.130435,economic_unconstrained,xgboost,xgboost_05_missingness_challenger,missingness_challenger,XGBoost | missingness challenger
0.583896,186920,2057,184863,0.011005,0.988995,1326,731,140064,44799,0.644628,0.028748,0.242336,0.644628,12163500.0,65.07,platt_sigmoid,10000.0,1500.0,,0.130435,economic_unconstrained,xgboost,xgboost_05_missingness_challenger,missingness_challenger,XGBoost | missingness challenger
0.587009,186920,1870,185050,0.010004,0.989996,1197,673,140122,44928,0.640107,0.025951,0.242788,0.640107,10960500.0,58.64,platt_sigmoid,10000.0,1500.0,,0.130435,economic_unconstrained,xgboost,xgboost_05_missingness_challenger,missingness_challenger,XGBoost | missingness challenger
0.589946,186920,1683,185237,0.009004,0.990996,1085,598,140197,45040,0.644682,0.023523,0.243148,0.644682,9953000.0,53.25,platt_sigmoid,10000.0,1500.0,,0.130435,economic_unconstrained,xgboost,xgboost_05_missingness_challenger,missingness_challenger,XGBoost | missingness challenger
0.593075,186920,1496,185424,0.008003,0.991997,969,527,140268,45156,0.647727,0.021008,0.243528,0.647727,8899500.0,47.61,platt_sigmoid,10000.0,1500.0,,0.130435,economic_unconstrained,xgboost,xgboost_05_missingness_challenger,missingness_challenger,XGBoost | missingness challenger
0.59687,186920,1309,185611,0.007003,0.992997,859,450,140345,45266,0.656226,0.018623,0.243876,0.656226,7915000.0,42.34,platt_sigmoid,10000.0,1500.0,,0.130435,economic_unconstrained,xgboost,xgboost_05_missingness_challenger,missingness_challenger,XGBoost | missingness challenger
0.600654,186920,1122,185798,0.006003,0.993997,746,376,140419,45379,0.664884,0.016173,0.244238,0.664884,6896000.0,36.89,platt_sigmoid,10000.0,1500.0,,0.130435,economic_unconstrained,xgboost,xgboost_05_missingness_challenger,missingness_challenger,XGBoost | missingness challenger
0.604321,186920,935,185985,0.005002,0.994998,628,307,140488,45497,0.671658,0.013615,0.244627,0.671658,5819500.0,31.13,platt_sigmoid,10000.0,1500.0,,0.130435,economic_unconstrained,xgboost,xgboost_05_missingness_challenger,missingness_challenger,XGBoost | missingness challenger
0.608239,186920,748,186172,0.004002,0.995998,506,242,140553,45619,0.676471,0.01097,0.245037,0.676471,4697000.0,25.13,platt_sigmoid,10000.0,1500.0,,0.130435,economic_unconstrained,xgboost,xgboost_05_missingness_challenger,missingness_challenger,XGBoost | missingness challenger
0.613521,186920,561,186359,0.003001,0.996999,390,171,140624,45735,0.695187,0.008455,0.245413,0.695187,3643500.0,19.49,platt_sigmoid,10000.0,1500.0,,0.130435,economic_unconstrained,xgboost,xgboost_05_missingness_challenger,missingness_challenger,XGBoost | missingness challenger
0.620242,186920,374,186546,0.002001,0.997999,265,109,140686,45860,0.708556,0.005745,0.245837,0.708556,2486500.0,13.3,platt_sigmoid,10000.0,1500.0,,0.130435,economic_unconstrained,xgboost,xgboost_05_missingness_challenger,missingness_challenger,XGBoost | missingness challenger
0.629135,186920,187,186733,0.001,0.999,145,42,140753,45980,0.775401,0.003144,0.246234,0.775401,1387000.0,7.42,platt_sigmoid,10000.0,1500.0,,0.130435,economic_unconstrained,xgboost,xgboost_05_missingness_challenger,missingness_challenger,XGBoost | missingness challenger
0.663326,186920,1,186919,5e-06,0.999995,1,0,140795,46124,1.0,2.2e-05,0.246759,1.0,10000.0,0.05,platt_sigmoid,10000.0,1500.0,,0.130435,economic_unconstrained,xgboost,xgboost_05_missingness_challenger,missingness_challenger,XGBoost | missingness challenger
1.0,186920,0,186920,0.0,1.0,0,0,140795,46125,,0.0,0.246763,,0.0,0.0,platt_sigmoid,10000.0,1500.0,,0.130435,economic_unconstrained,xgboost,xgboost_05_missingness_challenger,missingness_challenger,XGBoost | missingness challenger
0.130916,186920,148209,38711,0.792901,0.207099,42934,105275,35520,3191,0.289686,0.930818,0.082431,0.289686,271427500.0,1452.11,isotonic,10000.0,1500.0,,0.130435,economic_unconstrained,xgboost,xgboost_05_missingness_challenger,missingness_challenger,XGBoost | missingness challenger
0.134797,186920,146552,40368,0.784036,0.215964,42717,103835,36960,3408,0.29148,0.926114,0.084423,0.29148,271417500.0,1452.05,isotonic,10000.0,1500.0,,0.130435,economic_unconstrained,xgboost,xgboost_05_missingness_challenger,missingness_challenger,XGBoost | missingness challenger
0.128563,186920,151717,35203,0.811668,0.188332,43385,108332,32463,2740,0.28596,0.940596,0.077834,0.28596,271352000.0,1451.7,isotonic,10000.0,1500.0,,0.130435,economic_unconstrained,xgboost,xgboost_05_missingness_challenger,missingness_challenger,XGBoost | missingness challenger
0.126806,186920,152340,34580,0.815001,0.184999,43464,108876,31919,2661,0.285309,0.942309,0.076952,0.285309,271326000.0,1451.56,isotonic,10000.0,1500.0,,0.130435,economic_unconstrained,xgboost,xgboost_05_missingness_challenger,missingness_challenger,XGBoost | missingness challenger
0.122294,186920,153264,33656,0.819944,0.180056,43577,109687,31108,2548,0.284326,0.944759,0.075707,0.284326,271239500.0,1451.1,isotonic,10000.0,1500.0,,0.130435,economic_unconstrained,xgboost,xgboost_05_missingness_challenger,missingness_challenger,XGBoost | missingness challenger
0.142857,186920,139832,47088,0.748085,0.251915,41810,98022,42773,4315,0.299002,0.90645,0.091637,0.299002,271067000.0,1450.18,isotonic,10000.0,1500.0,,0.130435,economic_unconstrained,xgboost,xgboost_05_missingness_challenger,missingness_challenger,XGBoost | missingness challenger
0.147509,186920,139727,47193,0.747523,0.252477,41795,97932,42863,4330,0.299119,0.906125,0.091751,0.299119,271052000.0,1450.1,isotonic,10000.0,1500.0,,0.130435,economic_unconstrained,xgboost,xgboost_05_missingness_challenger,missingness_challenger,XGBoost | missingness challenger
0.117899,186920,155834,31086,0.833694,0.166306,43880,111954,28841,2245,0.281582,0.951328,0.072219,0.281582,270869000.0,1449.12,isotonic,10000.0,1500.0,,0.130435,economic_unconstrained,xgboost,xgboost_05_missingness_challenger,missingness_challenger,XGBoost | missingness challenger
0.14902,186920,133124,53796,0.712198,0.287802,40821,92303,48492,5304,0.306639,0.885008,0.098595,0.306639,269755500.0,1443.16,isotonic,10000.0,1500.0,,0.130435,economic_unconstrained,xgboost,xgboost_05_missingness_challenger,missingness_challenger,XGBoost | missingness challenger
0.156609,186920,132359,54561,0.708105,0.291895,40707,91652,49143,5418,0.30755,0.882537,0.099302,0.30755,269592000.0,1442.29,isotonic,10000.0,1500.0,,0.130435,economic_unconstrained,xgboost,xgboost_05_missingness_challenger,missingness_challenger,XGBoost | missingness challenger
0.106336,186920,162210,24710,0.867804,0.132196,44558,117652,23143,1567,0.274693,0.966027,0.063416,0.274693,269102000.0,1439.66,isotonic,10000.0,1500.0,,0.130435,economic_unconstrained,xgboost,xgboost_05_missingness_challenger,missingness_challenger,XGBoost | missingness challenger
0.105531,186920,163584,23336,0.875155,0.124845,44703,118881,21914,1422,0.273272,0.969171,0.060936,0.273272,268708500.0,1437.56,isotonic,10000.0,1500.0,,0.130435,economic_unconstrained,xgboost,xgboost_05_missingness_challenger,missingness_challenger,XGBoost | missingness challenger
0.174531,186920,128266,58654,0.686208,0.313792,40066,88200,52595,6059,0.312366,0.86864,0.103301,0.312366,268360000.0,1435.69,isotonic,10000.0,1500.0,,0.130435,economic_unconstrained,xgboost,xgboost_05_missingness_challenger,missingness_challenger,XGBoost | missingness challenger
0.0962,186920,164932,21988,0.882367,0.117633,44833,120099,20696,1292,0.271827,0.971989,0.058759,0.271827,268181500.0,1434.74,isotonic,10000.0,1500.0,,0.130435,economic_unconstrained,xgboost,xgboost_05_missingness_challenger,missingness_challenger,XGBoost | missingness challenger
0.092257,186920,165539,21381,0.885614,0.114386,44889,120650,20145,1236,0.271169,0.973203,0.057808,0.271169,267915000.0,1433.31,isotonic,10000.0,1500.0,,0.130435,economic_unconstrained,xgboost,xgboost_05_missingness_challenger,missingness_challenger,XGBoost | missingness challenger
0.091578,186920,166762,20158,0.892157,0.107843,45001,121761,19034,1124,0.269852,0.975631,0.055759,0.269852,267368500.0,1430.39,isotonic,10000.0,1500.0,,0.130435,economic_unconstrained,xgboost,xgboost_05_missingness_challenger,missingness_challenger,XGBoost | missingness challenger
0.176936,186920,125172,61748,0.669655,0.330345,39526,85646,55149,6599,0.315773,0.856932,0.10687,0.315773,266791000.0,1427.3,isotonic,10000.0,1500.0,,0.130435,economic_unconstrained,xgboost,xgboost_05_missingness_challenger,missingness_challenger,XGBoost | missingness challenger
0.083745,186920,169998,16922,0.909469,0.090531,45272,124726,16069,853,0.266309,0.981507,0.050408,0.266309,265631000.0,1421.09,isotonic,10000.0,1500.0,,0.130435,economic_unconstrained,xgboost,xgboost_05_missingness_challenger,missingness_challenger,XGBoost | missingness challenger
0.081377,186920,171276,15644,0.916306,0.083694,45376,125900,14895,749,0.264929,0.983762,0.047878,0.264929,264910000.0,1417.24,isotonic,10000.0,1500.0,,0.130435,economic_unconstrained,xgboost,xgboost_05_missingness_challenger,missingness_challenger,XGBoost | missingness challenger
0.183193,186920,120871,66049,0.646646,0.353354,38765,82106,58689,7360,0.320714,0.840434,0.111432,0.320714,264491000.0,1415.0,isotonic,10000.0,1500.0,,0.130435,economic_unconstrained,xgboost,xgboost_05_missingness_challenger,missingness_challenger,XGBoost | missingness challenger
0.188601,186920,120276,66644,0.643462,0.356538,38656,81620,59175,7469,0.321394,0.83807,0.112073,0.321394,264130000.0,1413.06,isotonic,10000.0,1500.0,,0.130435,economic_unconstrained,xgboost,xgboost_05_missingness_challenger,missingness_challenger,XGBoost | missingness challenger
0.070296,186920,174178,12742,0.931832,0.068168,45580,128598,12197,545,0.261686,0.988184,0.042772,0.261686,262903000.0,1406.5,isotonic,10000.0,1500.0,,0.130435,economic_unconstrained,xgboost,xgboost_05_missingness_challenger,missingness_challenger,XGBoost | missingness challenger
0.070041,186920,175877,11043,0.940921,0.059079,45699,130178,10617,426,0.259835,0.990764,0.038576,0.259835,261723000.0,1400.19,isotonic,10000.0,1500.0,,0.130435,economic_unconstrained,xgboost,xgboost_05_missingness_challenger,missingness_challenger,XGBoost | missingness challenger
0.194811,186920,116644,70276,0.624032,0.375968,37971,78673,62122,8154,0.325529,0.82322,0.116028,0.325529,261700500.0,1400.07,isotonic,10000.0,1500.0,,0.130435,economic_unconstrained,xgboost,xgboost_05_missingness_challenger,missingness_challenger,XGBoost | missingness challenger
0.061135,186920,176564,10356,0.944597,0.055403,45741,130823,9972,384,0.259062,0.991675,0.03708,0.259062,261175500.0,1397.26,isotonic,10000.0,1500.0,,0.130435,economic_unconstrained,xgboost,xgboost_05_missingness_challenger,missingness_challenger,XGBoost | missingness challenger
0.057043,186920,177423,9497,0.949192,0.050808,45790,131633,9162,335,0.258084,0.992737,0.035274,0.258084,260450500.0,1393.38,isotonic,10000.0,1500.0,,0.130435,economic_unconstrained,xgboost,xgboost_05_missingness_challenger,missingness_challenger,XGBoost | missingness challenger
0.048913,186920,177607,9313,0.950177,0.049823,45799,131808,8987,326,0.257867,0.992932,0.035005,0.257867,260278000.0,1392.46,isotonic,10000.0,1500.0,,0.130435,economic_unconstrained,xgboost,xgboost_05_missingness_challenger,missingness_challenger,XGBoost | missingness challenger
0.047586,186920,179036,7884,0.957822,0.042178,45867,133169,7626,258,0.256189,0.994407,0.032725,0.256189,258916500.0,1385.17,isotonic,10000.0,1500.0,,0.130435,economic_unconstrained,xgboost,xgboost_05_missingness_challenger,missingness_challenger,XGBoost | missingness challenger
0.047374,186920,180007,6913,0.963016,0.036984,45913,134094,6701,212,0.255062,0.995404,0.030667,0.255062,257989000.0,1380.21,isotonic,10000.0,1500.0,,0.130435,economic_unconstrained,xgboost,xgboost_05_missingness_challenger,missingness_challenger,XGBoost | missingness challenger
0.204741,186920,109591,77329,0.586299,0.413701,36597,72994,67801,9528,0.333942,0.793431,0.123214,0.333942,256479000.0,1372.13,isotonic,10000.0,1500.0,,0.130435,economic_unconstrained,xgboost,xgboost_05_missingness_challenger,missingness_challenger,XGBoost | missingness challenger
0.043692,186920,182044,4876,0.973914,0.026086,46002,136042,4753,123,0.252697,0.997333,0.025226,0.252697,255957000.0,1369.34,isotonic,10000.0,1500.0,,0.130435,economic_unconstrained,xgboost,xgboost_05_missingness_challenger,missingness_challenger,XGBoost | missingness challenger
0.042105,186920,182139,4781,0.974422,0.025578,46006,136133,4662,119,0.252587,0.99742,0.02489,0.252587,255860500.0,1368.82,isotonic,10000.0,1500.0,,0.130435,economic_unconstrained,xgboost,xgboost_05_missingness_challenger,missingness_challenger,XGBoost | missingness challenger
0.041494,186920,183344,3576,0.980869,0.019131,46056,137288,3507,69,0.2512,0.998504,0.019295,0.2512,254628000.0,1362.23,isotonic,10000.0,1500.0,,0.130435,economic_unconstrained,xgboost,xgboost_05_missingness_challenger,missingness_challenger,XGBoost | missingness challenger
0.210526,186920,106216,80704,0.568243,0.431757,35906,70310,70485,10219,0.338047,0.77845,0.126623,0.338047,253595000.0,1356.7,isotonic,10000.0,1500.0,,0.130435,economic_unconstrained,xgboost,xgboost_05_missingness_challenger,missingness_challenger,XGBoost | missingness challenger
0.210864,186920,105912,81008,0.566617,0.433383,35842,70070,70725,10283,0.338413,0.777062,0.126938,0.338413,253315000.0,1355.21,isotonic,10000.0,1500.0,,0.130435,economic_unconstrained,xgboost,xgboost_05_missingness_challenger,missingness_challenger,XGBoost | missingness challenger
0.030928,186920,184701,2219,0.988129,0.011871,46097,138604,2191,28,0.249576,0.999393,0.012618,0.249576,253064000.0,1353.86,isotonic,10000.0,1500.0,,0.130435,economic_unconstrained,xgboost,xgboost_05_missingness_challenger,missingness_challenger,XGBoost | missingness challenger
0.020576,186920,184945,1975,0.989434,0.010566,46103,138842,1953,22,0.24928,0.999523,0.011139,0.24928,252767000.0,1352.27,isotonic,10000.0,1500.0,,0.130435,economic_unconstrained,xgboost,xgboost_05_missingness_challenger,missingness_challenger,XGBoost | missingness challenger
0.016166,186920,185378,1542,0.99175,0.00825,46110,139268,1527,15,0.248735,0.999675,0.009728,0.248735,252198000.0,1349.23,isotonic,10000.0,1500.0,,0.130435,economic_unconstrained,xgboost,xgboost_05_missingness_challenger,missingness_challenger,XGBoost | missingness challenger
0.014286,186920,185448,1472,0.992125,0.007875,46111,139337,1458,14,0.248647,0.999696,0.009511,0.248647,252104500.0,1348.73,isotonic,10000.0,1500.0,,0.130435,economic_unconstrained,xgboost,xgboost_05_missingness_challenger,missingness_challenger,XGBoost | missingness challenger
0.21732,186920,102934,83986,0.550685,0.449315,35214,67720,73075,10911,0.342103,0.763447,0.129915,0.342103,250560000.0,1340.47,isotonic,10000.0,1500.0,,0.130435,economic_unconstrained,xgboost,xgboost_05_missingness_challenger,missingness_challenger,XGBoost | missingness challenger
0.009644,186920,186882,38,0.999797,0.000203,46125,140757,38,0,0.246813,1.0,0.0,0.246813,250114500.0,1338.08,isotonic,10000.0,1500.0,,0.130435,economic_unconstrained,xgboost,xgboost_05_missingness_challenger,missingness_challenger,XGBoost | missingness challenger
0.0,186920,186920,0,1.0,0.0,46125,140795,0,0,0.246763,1.0,,0.246763,250057500.0,1337.78,isotonic,10000.0,1500.0,,0.130435,economic_unconstrained,xgboost,xgboost_05_missingness_challenger,missingness_challenger,XGBoost | missingness challenger
0.0,186920,186920,0,1.0,0.0,46125,140795,0,0,0.246763,1.0,,0.246763,250057500.0,1337.78,isotonic,10000.0,1500.0,,0.130435,economic_unconstrained,xgboost,xgboost_05_missingness_challenger,missingness_challenger,XGBoost | missingness challenger
0.218665,186920,100509,86411,0.537711,0.462289,34687,65822,74973,11438,0.345113,0.752022,0.132367,0.345113,248137000.0,1327.5,isotonic,10000.0,1500.0,,0.130435,economic_unconstrained,xgboost,xgboost_05_missingness_challenger,missingness_challenger,XGBoost | missingness challenger
0.221198,186920,99041,87879,0.529858,0.470142,34366,64675,76120,11759,0.346988,0.745062,0.133809,0.346988,246647500.0,1319.54,isotonic,10000.0,1500.0,,0.130435,economic_unconstrained,xgboost,xgboost_05_missingness_challenger,missingness_challenger,XGBoost | missingness challenger
0.226891,186920,98815,88105,0.528649,0.471351,34316,64499,76296,11809,0.347275,0.743978,0.134033,0.347275,246411500.0,1318.27,isotonic,10000.0,1500.0,,0.130435,economic_unconstrained,xgboost,xgboost_05_missingness_challenger,missingness_challenger,XGBoost | missingness challenger
0.227626,186920,97744,89176,0.522919,0.477081,34073,63671,77124,12052,0.348594,0.73871,0.135148,0.348594,245223500.0,1311.92,isotonic,10000.0,1500.0,,0.130435,economic_unconstrained,xgboost,xgboost_05_missingness_challenger,missingness_challenger,XGBoost | missingness challenger
0.227761,186920,96716,90204,0.517419,0.482581,33839,62877,77918,12286,0.34988,0.733637,0.136202,0.34988,244074500.0,1305.77,isotonic,10000.0,1500.0,,0.130435,economic_unconstrained,xgboost,xgboost_05_missingness_challenger,missingness_challenger,XGBoost | missingness challenger
0.230159,186920,95412,91508,0.510443,0.489557,33542,61870,78925,12583,0.351549,0.727198,0.137507,0.351549,242615000.0,1297.96,isotonic,10000.0,1500.0,,0.130435,economic_unconstrained,xgboost,xgboost_05_missingness_challenger,missingness_challenger,XGBoost | missingness challenger
0.234833,186920,94908,92012,0.507747,0.492253,33426,61482,79313,12699,0.352194,0.724683,0.138015,0.352194,242037000.0,1294.87,isotonic,10000.0,1500.0,,0.130435,economic_unconstrained,xgboost,xgboost_05_missingness_challenger,missingness_challenger,XGBoost | missingness challenger
0.237144,186920,92996,93924,0.497518,0.502482,32977,60019,80776,13148,0.354607,0.714949,0.139986,0.354607,239741500.0,1282.59,isotonic,10000.0,1500.0,,0.130435,economic_unconstrained,xgboost,xgboost_05_missingness_challenger,missingness_challenger,XGBoost | missingness challenger
0.23913,186920,87687,99233,0.469115,0.530885,31718,55969,84826,14407,0.361718,0.687653,0.145184,0.361718,233226500.0,1247.73,isotonic,10000.0,1500.0,,0.130435,economic_unconstrained,xgboost,xgboost_05_missingness_challenger,missingness_challenger,XGBoost | missingness challenger
0.241967,186920,86721,100199,0.463947,0.536053,31487,55234,85561,14638,0.363084,0.682645,0.146089,0.363084,232019000.0,1241.27,isotonic,10000.0,1500.0,,0.130435,economic_unconstrained,xgboost,xgboost_05_missingness_challenger,missingness_challenger,XGBoost | missingness challenger
0.249203,186920,85196,101724,0.455789,0.544211,31118,54078,86717,15007,0.365252,0.674645,0.147527,0.365252,230063000.0,1230.81,isotonic,10000.0,1500.0,,0.130435,economic_unconstrained,xgboost,xgboost_05_missingness_challenger,missingness_challenger,XGBoost | missingness challenger
0.265127,186920,77973,108947,0.417146,0.582854,29318,48655,92140,16807,0.376002,0.635621,0.154268,0.376002,220197500.0,1178.03,isotonic,10000.0,1500.0,,0.130435,economic_unconstrained,xgboost,xgboost_05_missingness_challenger,missingness_challenger,XGBoost | missingness challenger
0.265781,186920,77064,109856,0.412283,0.587717,29077,47987,92808,17048,0.37731,0.630396,0.155185,0.37731,218789500.0,1170.5,isotonic,10000.0,1500.0,,0.130435,economic_unconstrained,xgboost,xgboost_05_missingness_challenger,missingness_challenger,XGBoost | missingness challenger
0.265795,186920,76763,110157,0.410673,0.589327,28997,47766,93029,17128,0.377747,0.628661,0.155487,0.377747,218321000.0,1167.99,isotonic,10000.0,1500.0,,0.130435,economic_unconstrained,xgboost,xgboost_05_missingness_challenger,missingness_challenger,XGBoost | missingness challenger
0.271318,186920,73577,113343,0.393628,0.606372,28150,45427,95368,17975,0.382592,0.610298,0.158589,0.382592,213359500.0,1141.45,isotonic,10000.0,1500.0,,0.130435,economic_unconstrained,xgboost,xgboost_05_missingness_challenger,missingness_challenger,XGBoost | missingness challenger
0.273199,186920,73448,113472,0.392938,0.607062,28115,45333,95462,18010,0.382788,0.609539,0.158718,0.382788,213150500.0,1140.33,isotonic,10000.0,1500.0,,0.130435,economic_unconstrained,xgboost,xgboost_05_missingness_challenger,missingness_challenger,XGBoost | missingness challenger
0.277172,186920,71713,115207,0.383656,0.616344,27641,44072,96723,18484,0.385439,0.599263,0.160442,0.385439,210302000.0,1125.09,isotonic,10000.0,1500.0,,0.130435,economic_unconstrained,xgboost,xgboost_05_missingness_challenger,missingness_challenger,XGBoost | missingness challenger
0.288859,186920,66211,120709,0.354221,0.645779,26116,40095,100700,20009,0.394436,0.566201,0.165762,0.394436,201017500.0,1075.42,isotonic,10000.0,1500.0,,0.130435,economic_unconstrained,xgboost,xgboost_05_missingness_challenger,missingness_challenger,XGBoost | missingness challenger
0.292741,186920,64712,122208,0.346202,0.653798,25683,39029,101766,20442,0.396882,0.556813,0.167272,0.396882,198286500.0,1060.81,isotonic,10000.0,1500.0,,0.130435,economic_unconstrained,xgboost,xgboost_05_missingness_challenger,missingness_challenger,XGBoost | missingness challenger
0.292756,186920,60483,126437,0.323577,0.676423,24445,36038,104757,21680,0.404163,0.529973,0.171469,0.404163,190393000.0,1018.58,isotonic,10000.0,1500.0,,0.130435,economic_unconstrained,xgboost,xgboost_05_missingness_challenger,missingness_challenger,XGBoost | missingness challenger
0.303859,186920,57460,129460,0.307404,0.692596,23560,33900,106895,22565,0.410024,0.510786,0.174301,0.410024,184750000.0,988.39,isotonic,10000.0,1500.0,,0.130435,economic_unconstrained,xgboost,xgboost_05_missingness_challenger,missingness_challenger,XGBoost | missingness challenger
0.324731,186920,53519,133401,0.28632,0.71368,22362,31157,109638,23763,0.417833,0.484813,0.178132,0.417833,176884500.0,946.31,isotonic,10000.0,1500.0,,0.130435,economic_unconstrained,xgboost,xgboost_05_missingness_challenger,missingness_challenger,XGBoost | missingness challenger
0.325568,186920,53054,133866,0.283833,0.716167,22211,30843,109952,23914,0.418649,0.481539,0.178641,0.418649,175845500.0,940.75,isotonic,10000.0,1500.0,,0.130435,economic_unconstrained,xgboost,xgboost_05_missingness_challenger,missingness_challenger,XGBoost | missingness challenger
0.325649,186920,49491,137429,0.264771,0.735229,21051,28440,112355,25074,0.42535,0.45639,0.182451,0.42535,167850000.0,897.98,isotonic,10000.0,1500.0,,0.130435,economic_unconstrained,xgboost,xgboost_05_missingness_challenger,missingness_challenger,XGBoost | missingness challenger
0.329787,186920,46758,140162,0.25015,0.74985,20161,26597,114198,25964,0.431178,0.437095,0.185243,0.431178,161714500.0,865.15,isotonic,10000.0,1500.0,,0.130435,economic_unconstrained,xgboost,xgboost_05_missingness_challenger,missingness_challenger,XGBoost | missingness challenger
0.337379,186920,46661,140259,0.249631,0.750369,20129,26532,114263,25996,0.431388,0.436401,0.185343,0.431388,161492000.0,863.96,isotonic,10000.0,1500.0,,0.130435,economic_unconstrained,xgboost,xgboost_05_missingness_challenger,missingness_challenger,XGBoost | missingness challenger
0.343484,186920,46249,140671,0.247427,0.752573,19990,26259,114536,26135,0.432226,0.433388,0.185788,0.432226,160511500.0,858.72,isotonic,10000.0,1500.0,,0.130435,economic_unconstrained,xgboost,xgboost_05_missingness_challenger,missingness_challenger,XGBoost | missingness challenger
0.360299,186920,43786,143134,0.23425,0.76575,19144,24642,116153,26981,0.437217,0.415046,0.188502,0.437217,154477000.0,826.43,isotonic,10000.0,1500.0,,0.130435,economic_unconstrained,xgboost,xgboost_05_missingness_challenger,missingness_challenger,XGBoost | missingness challenger
0.360797,186920,42179,144741,0.225653,0.774347,18565,23614,117181,27560,0.440148,0.402493,0.190409,0.440148,150229000.0,803.71,isotonic,10000.0,1500.0,,0.130435,economic_unconstrained,xgboost,xgboost_05_missingness_challenger,missingness_challenger,XGBoost | missingness challenger
0.368465,186920,37057,149863,0.198251,0.801749,16717,20340,120455,29408,0.451116,0.362428,0.196233,0.451116,136660000.0,731.11,isotonic,10000.0,1500.0,,0.130435,economic_unconstrained,xgboost,xgboost_05_missingness_challenger,missingness_challenger,XGBoost | missingness challenger
0.36983,186920,31032,155888,0.166018,0.833982,14497,16535,124260,31628,0.467163,0.314298,0.202889,0.467163,120167500.0,642.88,isotonic,10000.0,1500.0,,0.130435,economic_unconstrained,xgboost,xgboost_05_missingness_challenger,missingness_challenger,XGBoost | missingness challenger
0.373394,186920,30621,156299,0.163819,0.836181,14345,16276,124519,31780,0.468469,0.311003,0.203328,0.468469,119036000.0,636.83,isotonic,10000.0,1500.0,,0.130435,economic_unconstrained,xgboost,xgboost_05_missingness_challenger,missingness_challenger,XGBoost | missingness challenger
0.393035,186920,27351,159569,0.146325,0.853675,13124,14227,126568,33001,0.479836,0.284531,0.206813,0.479836,109899500.0,587.95,isotonic,10000.0,1500.0,,0.130435,economic_unconstrained,xgboost,xgboost_05_missingness_challenger,missingness_challenger,XGBoost | missingness challenger
0.399906,186920,27150,159770,0.145249,0.854751,13045,14105,126690,33080,0.480479,0.282818,0.207048,0.480479,109292500.0,584.7,isotonic,10000.0,1500.0,,0.130435,economic_unconstrained,xgboost,xgboost_05_missingness_challenger,missingness_challenger,XGBoost | missingness challenger
0.4,186920,25012,161908,0.133811,0.866189,12190,12822,127973,33935,0.487366,0.264282,0.209594,0.487366,102667000.0,549.26,isotonic,10000.0,1500.0,,0.130435,economic_unconstrained,xgboost,xgboost_05_missingness_challenger,missingness_challenger,XGBoost | missingness challenger
0.404014,186920,23492,163428,0.125679,0.874321,11582,11910,128885,34543,0.493019,0.2511,0.211365,0.493019,97955000.0,524.05,isotonic,10000.0,1500.0,,0.130435,economic_unconstrained,xgboost,xgboost_05_missingness_challenger,missingness_challenger,XGBoost | missingness challenger
0.425068,186920,19257,167663,0.103023,0.896977,9871,9386,131409,36254,0.512593,0.214005,0.216231,0.512593,84631000.0,452.77,isotonic,10000.0,1500.0,,0.130435,economic_unconstrained,xgboost,xgboost_05_missingness_challenger,missingness_challenger,XGBoost | missingness challenger
0.449298,186920,18890,168030,0.101059,0.898941,9715,9175,131620,36410,0.514293,0.210623,0.216687,0.514293,83387500.0,446.11,isotonic,10000.0,1500.0,,0.130435,economic_unconstrained,xgboost,xgboost_05_missingness_challenger,missingness_challenger,XGBoost | missingness challenger
0.457621,186920,15685,171235,0.083913,0.916087,8275,7410,133385,37850,0.527574,0.179404,0.221041,0.527574,71635000.0,383.24,isotonic,10000.0,1500.0,,0.130435,economic_unconstrained,xgboost,xgboost_05_missingness_challenger,missingness_challenger,XGBoost | missingness challenger
0.466868,186920,12700,174220,0.067944,0.932056,6909,5791,135004,39216,0.544016,0.149789,0.225095,0.544016,60403500.0,323.15,isotonic,10000.0,1500.0,,0.130435,economic_unconstrained,xgboost,xgboost_05_missingness_challenger,missingness_challenger,XGBoost | missingness challenger
0.494665,186920,12368,174552,0.066167,0.933833,6754,5614,135181,39371,0.546087,0.146428,0.225555,0.546087,59119000.0,316.28,isotonic,10000.0,1500.0,,0.130435,economic_unconstrained,xgboost,xgboost_05_missingness_challenger,missingness_challenger,XGBoost | missingness challenger
0.504951,186920,9736,177184,0.052086,0.947914,5452,4284,136511,40673,0.559984,0.118201,0.229552,0.559984,48094000.0,257.3,isotonic,10000.0,1500.0,,0.130435,economic_unconstrained,xgboost,xgboost_05_missingness_challenger,missingness_challenger,XGBoost | missingness challenger
0.510271,186920,9534,177386,0.051006,0.948994,5350,4184,136611,40775,0.56115,0.115989,0.229866,0.56115,47224000.0,252.64,isotonic,10000.0,1500.0,,0.130435,economic_unconstrained,xgboost,xgboost_05_missingness_challenger,missingness_challenger,XGBoost | missingness challenger
0.514325,186920,7100,179820,0.037984,0.962016,4108,2992,137803,42017,0.578592,0.089062,0.233661,0.578592,36592000.0,195.76,isotonic,10000.0,1500.0,,0.130435,economic_unconstrained,xgboost,xgboost_05_missingness_challenger,missingness_challenger,XGBoost | missingness challenger
0.542169,186920,5634,181286,0.030141,0.969859,3354,2280,138515,42771,0.595314,0.072715,0.235931,0.595314,30120000.0,161.14,isotonic,10000.0,1500.0,,0.130435,economic_unconstrained,xgboost,xgboost_05_missingness_challenger,missingness_challenger,XGBoost | missingness challenger
0.556795,186920,5551,181369,0.029697,0.970303,3309,2242,138553,42816,0.596109,0.07174,0.236071,0.596109,29727000.0,159.04,isotonic,10000.0,1500.0,,0.130435,economic_unconstrained,xgboost,xgboost_05_missingness_challenger,missingness_challenger,XGBoost | missingness challenger
0.55873,186920,3130,183790,0.016745,0.983255,1961,1169,139626,44164,0.626518,0.042515,0.240296,0.626518,17856500.0,95.53,isotonic,10000.0,1500.0,,0.130435,economic_unconstrained,xgboost,xgboost_05_missingness_challenger,missingness_challenger,XGBoost | missingness challenger
0.59375,186920,2500,184420,0.013375,0.986625,1609,891,139904,44516,0.6436,0.034883,0.241384,0.6436,14753500.0,78.93,isotonic,10000.0,1500.0,,0.130435,economic_unconstrained,xgboost,xgboost_05_missingness_challenger,missingness_challenger,XGBoost | missingness challenger
0.621387,186920,2404,184516,0.012861,0.987139,1552,852,139943,44573,0.645591,0.033648,0.241567,0.645591,14242000.0,76.19,isotonic,10000.0,1500.0,,0.130435,economic_unconstrained,xgboost,xgboost_05_missingness_challenger,missingness_challenger,XGBoost | missingness challenger
0.652406,186920,1012,185908,0.005414,0.994586,687,325,140470,45438,0.678854,0.014894,0.244411,0.678854,6382500.0,34.15,isotonic,10000.0,1500.0,,0.130435,economic_unconstrained,xgboost,xgboost_05_missingness_challenger,missingness_challenger,XGBoost | missingness challenger
0.653153,186920,825,186095,0.004414,0.995586,565,260,140535,45560,0.684848,0.012249,0.244821,0.684848,5260000.0,28.14,isotonic,10000.0,1500.0,,0.130435,economic_unconstrained,xgboost,xgboost_05_missingness_challenger,missingness_challenger,XGBoost | missingness challenger
0.658537,186920,603,186317,0.003226,0.996774,420,183,140612,45705,0.696517,0.009106,0.245308,0.696517,3925500.0,21.0,isotonic,10000.0,1500.0,,0.130435,economic_unconstrained,xgboost,xgboost_05_missingness_challenger,missingness_challenger,XGBoost | missingness challenger
0.709677,186920,193,186727,0.001033,0.998967,150,43,140752,45975,0.777202,0.003252,0.246215,0.777202,1435500.0,7.68,isotonic,10000.0,1500.0,,0.130435,economic_unconstrained,xgboost,xgboost_05_missingness_challenger,missingness_challenger,XGBoost | missingness challenger
1.0,186920,13,186907,7e-05,0.99993,13,0,140795,46112,1.0,0.000282,0.246711,1.0,130000.0,0.7,isotonic,10000.0,1500.0,,0.130435,economic_unconstrained,xgboost,xgboost_05_missingness_challenger,missingness_challenger,XGBoost | missingness challenger
1.0,186920,13,186907,7e-05,0.99993,13,0,140795,46112,1.0,0.000282,0.246711,1.0,130000.0,0.7,isotonic,10000.0,1500.0,,0.130435,economic_unconstrained,xgboost,xgboost_05_missingness_challenger,missingness_challenger,XGBoost | missingness challenger
0.630464,186920,37384,149536,0.2,0.8,16821,20563,120232,29304,0.449952,0.364683,0.195966,0.449952,137365500.0,734.89,raw,10000.0,1500.0,0.2,0.130435,economic_max_20pct_reject,xgboost,xgboost_05_missingness_challenger,missingness_challenger,XGBoost | missingness challenger
0.631193,186920,37197,149723,0.199,0.801,16759,20438,120357,29366,0.450547,0.363339,0.196136,0.450547,136933000.0,732.58,raw,10000.0,1500.0,0.2,0.130435,economic_max_20pct_reject,xgboost,xgboost_05_missingness_challenger,missingness_challenger,XGBoost | missingness challenger
0.631888,186920,37010,149910,0.197999,0.802001,16696,20314,120481,29429,0.451121,0.361973,0.196311,0.451121,136489000.0,730.2,raw,10000.0,1500.0,0.2,0.130435,economic_max_20pct_reject,xgboost,xgboost_05_missingness_challenger,missingness_challenger,XGBoost | missingness challenger
0.632622,186920,36824,150096,0.197004,0.802996,16624,20200,120595,29501,0.451445,0.360412,0.196548,0.451445,135940000.0,727.26,raw,10000.0,1500.0,0.2,0.130435,economic_max_20pct_reject,xgboost,xgboost_05_missingness_challenger,missingness_challenger,XGBoost | missingness challenger
0.63328,186920,36637,150283,0.196004,0.803996,16551,20086,120709,29574,0.451756,0.358829,0.196789,0.451756,135381000.0,724.27,raw,10000.0,1500.0,0.2,0.130435,economic_max_20pct_reject,xgboost,xgboost_05_missingness_challenger,missingness_challenger,XGBoost | missingness challenger
0.63397,186920,36450,150470,0.195003,0.804997,16483,19967,120828,29642,0.452209,0.357355,0.196996,0.452209,134879500.0,721.59,raw,10000.0,1500.0,0.2,0.130435,economic_max_20pct_reject,xgboost,xgboost_05_missingness_challenger,missingness_challenger,XGBoost | missingness challenger
0.634652,186920,36263,150657,0.194003,0.805997,16418,19845,120950,29707,0.452748,0.355946,0.197183,0.452748,134412500.0,719.09,raw,10000.0,1500.0,0.2,0.130435,economic_max_20pct_reject,xgboost,xgboost_05_missingness_challenger,missingness_challenger,XGBoost | missingness challenger
0.635325,186920,36076,150844,0.193002,0.806998,16351,19725,121070,29774,0.453238,0.354493,0.197383,0.453238,133922500.0,716.47,raw,10000.0,1500.0,0.2,0.130435,economic_max_20pct_reject,xgboost,xgboost_05_missingness_challenger,missingness_challenger,XGBoost | missingness challenger
0.636034,186920,35889,151031,0.192002,0.807998,16279,19610,121185,29846,0.453593,0.352932,0.197615,0.453593,133375000.0,713.54,raw,10000.0,1500.0,0.2,0.130435,economic_max_20pct_reject,xgboost,xgboost_05_missingness_challenger,missingness_challenger,XGBoost | missingness challenger
0.636754,186920,35702,151218,0.191001,0.808999,16209,19493,121302,29916,0.454008,0.351415,0.197834,0.454008,132850500.0,710.73,raw,10000.0,1500.0,0.2,0.130435,economic_max_20pct_reject,xgboost,xgboost_05_missingness_challenger,missingness_challenger,XGBoost | missingness challenger
0.637443,186920,35515,151405,0.190001,0.809999,16140,19375,121420,29985,0.454456,0.349919,0.198045,0.454456,132337500.0,707.99,raw,10000.0,1500.0,0.2,0.130435,economic_max_20pct_reject,xgboost,xgboost_05_missingness_challenger,missingness_challenger,XGBoost | missingness challenger
0.638126,186920,35328,151592,0.189001,0.810999,16075,19253,121542,30050,0.455022,0.348509,0.198229,0.455022,131870500.0,705.49,raw,10000.0,1500.0,0.2,0.130435,economic_max_20pct_reject,xgboost,xgboost_05_missingness_challenger,missingness_challenger,XGBoost | missingness challenger
0.63882,186920,35141,151779,0.188,0.812,15997,19144,121651,30128,0.455223,0.346818,0.198499,0.455223,131254000.0,702.19,raw,10000.0,1500.0,0.2,0.130435,economic_max_20pct_reject,xgboost,xgboost_05_missingness_challenger,missingness_challenger,XGBoost | missingness challenger
0.639521,186920,34954,151966,0.187,0.813,15922,19032,121763,30203,0.455513,0.345192,0.198748,0.455513,130672000.0,699.08,raw,10000.0,1500.0,0.2,0.130435,economic_max_20pct_reject,xgboost,xgboost_05_missingness_challenger,missingness_challenger,XGBoost | missingness challenger
0.64012,186920,34767,152153,0.185999,0.814001,15845,18922,121873,30280,0.455748,0.343523,0.19901,0.455748,130067000.0,695.84,raw,10000.0,1500.0,0.2,0.130435,economic_max_20pct_reject,xgboost,xgboost_05_missingness_challenger,missingness_challenger,XGBoost | missingness challenger
0.640819,186920,34581,152339,0.185004,0.814996,15766,18815,121980,30359,0.455915,0.34181,0.199286,0.455915,129437500.0,692.48,raw,10000.0,1500.0,0.2,0.130435,economic_max_20pct_reject,xgboost,xgboost_05_missingness_challenger,missingness_challenger,XGBoost | missingness challenger
0.641482,186920,34394,152526,0.184004,0.815996,15699,18695,122100,30426,0.456446,0.340358,0.199481,0.456446,128947500.0,689.85,raw,10000.0,1500.0,0.2,0.130435,economic_max_20pct_reject,xgboost,xgboost_05_missingness_challenger,missingness_challenger,XGBoost | missingness challenger
0.642087,186920,34207,152713,0.183003,0.816997,15639,18568,122227,30486,0.457187,0.339057,0.199629,0.457187,128538000.0,687.66,raw,10000.0,1500.0,0.2,0.130435,economic_max_20pct_reject,xgboost,xgboost_05_missingness_challenger,missingness_challenger,XGBoost | missingness challenger
0.642751,186920,34020,152900,0.182003,0.817997,15573,18447,122348,30552,0.45776,0.337626,0.199817,0.45776,128059500.0,685.1,raw,10000.0,1500.0,0.2,0.130435,economic_max_20pct_reject,xgboost,xgboost_05_missingness_challenger,missingness_challenger,XGBoost | missingness challenger
0.643459,186920,33833,153087,0.181003,0.818997,15499,18334,122461,30626,0.458103,0.336022,0.200056,0.458103,127489000.0,682.05,raw,10000.0,1500.0,0.2,0.130435,economic_max_20pct_reject,xgboost,xgboost_05_missingness_challenger,missingness_challenger,XGBoost | missingness challenger
0.644167,186920,33646,153274,0.180002,0.819998,15433,18213,122582,30692,0.458688,0.334591,0.200243,0.458688,127010500.0,679.49,raw,10000.0,1500.0,0.2,0.130435,economic_max_20pct_reject,xgboost,xgboost_05_missingness_challenger,missingness_challenger,XGBoost | missingness challenger
0.64491,186920,33459,153461,0.179002,0.820998,15368,18091,122704,30757,0.459308,0.333182,0.200422,0.459308,126543500.0,676.99,raw,10000.0,1500.0,0.2,0.130435,economic_max_20pct_reject,xgboost,xgboost_05_missingness_challenger,missingness_challenger,XGBoost | missingness challenger
0.645686,186920,33272,153648,0.178001,0.821999,15298,17974,122821,30827,0.459786,0.331664,0.200634,0.459786,126019000.0,674.19,raw,10000.0,1500.0,0.2,0.130435,economic_max_20pct_reject,xgboost,xgboost_05_missingness_challenger,missingness_challenger,XGBoost | missingness challenger
0.646422,186920,33085,153835,0.177001,0.822999,15219,17866,122929,30906,0.459997,0.329951,0.200904,0.459997,125391000.0,670.83,raw,10000.0,1500.0,0.2,0.130435,economic_max_20pct_reject,xgboost,xgboost_05_missingness_challenger,missingness_challenger,XGBoost | missingness challenger
0.647088,186920,32898,154022,0.176,0.824,15147,17751,123044,30978,0.460423,0.32839,0.201127,0.460423,124843500.0,667.9,raw,10000.0,1500.0,0.2,0.130435,economic_max_20pct_reject,xgboost,xgboost_05_missingness_challenger,missingness_challenger,XGBoost | missingness challenger
0.647849,186920,32711,154209,0.175,0.825,15082,17629,123166,31043,0.461068,0.326981,0.201305,0.461068,124376500.0,665.4,raw,10000.0,1500.0,0.2,0.130435,economic_max_20pct_reject,xgboost,xgboost_05_missingness_challenger,missingness_challenger,XGBoost | missingness challenger
0.648647,186920,32524,154396,0.174,0.826,15016,17508,123287,31109,0.46169,0.32555,0.201488,0.46169,123898000.0,662.84,raw,10000.0,1500.0,0.2,0.130435,economic_max_20pct_reject,xgboost,xgboost_05_missingness_challenger,missingness_challenger,XGBoost | missingness challenger
0.64942,186920,32338,154582,0.173004,0.826996,14947,17391,123404,31178,0.462212,0.324054,0.201692,0.462212,123383500.0,660.09,raw,10000.0,1500.0,0.2,0.130435,economic_max_20pct_reject,xgboost,xgboost_05_missingness_challenger,missingness_challenger,XGBoost | missingness challenger
0.650148,186920,32151,154769,0.172004,0.827996,14892,17259,123536,31233,0.463189,0.322862,0.201804,0.463189,123031500.0,658.2,raw,10000.0,1500.0,0.2,0.130435,economic_max_20pct_reject,xgboost,xgboost_05_missingness_challenger,missingness_challenger,XGBoost | missingness challenger
0.650926,186920,31964,154956,0.171004,0.828996,14825,17139,123656,31300,0.463803,0.321409,0.201993,0.463803,122541500.0,655.58,raw,10000.0,1500.0,0.2,0.130435,economic_max_20pct_reject,xgboost,xgboost_05_missingness_challenger,missingness_challenger,XGBoost | missingness challenger
0.651796,186920,31777,155143,0.170003,0.829997,14757,17020,123775,31368,0.464392,0.319935,0.202188,0.464392,122040000.0,652.9,raw,10000.0,1500.0,0.2,0.130435,economic_max_20pct_reject,xgboost,xgboost_05_missingness_challenger,missingness_challenger,XGBoost | missingness challenger
0.652665,186920,31590,155330,0.169003,0.830997,14692,16898,123897,31433,0.465084,0.318526,0.202363,0.465084,121573000.0,650.4,raw,10000.0,1500.0,0.2,0.130435,economic_max_20pct_reject,xgboost,xgboost_05_missingness_challenger,missingness_challenger,XGBoost | missingness challenger
0.653427,186920,31403,155517,0.168002,0.831998,14627,16776,124019,31498,0.465784,0.317117,0.202537,0.465784,121106000.0,647.9,raw,10000.0,1500.0,0.2,0.130435,economic_max_20pct_reject,xgboost,xgboost_05_missingness_challenger,missingness_challenger,XGBoost | missingness challenger
0.654138,186920,31216,155704,0.167002,0.832998,14556,16660,124135,31569,0.466299,0.315577,0.20275,0.466299,120570000.0,645.04,raw,10000.0,1500.0,0.2,0.130435,economic_max_20pct_reject,xgboost,xgboost_05_missingness_challenger,missingness_challenger,XGBoost | missingness challenger
0.655006,186920,31029,155891,0.166001,0.833999,14494,16535,124260,31631,0.467111,0.314233,0.202905,0.467111,120137500.0,642.72,raw,10000.0,1500.0,0.2,0.130435,economic_max_20pct_reject,xgboost,xgboost_05_missingness_challenger,missingness_challenger,XGBoost | missingness challenger
0.655788,186920,30842,156078,0.165001,0.834999,14420,16422,124373,31705,0.467544,0.312629,0.203136,0.467544,119567000.0,639.67,raw,10000.0,1500.0,0.2,0.130435,economic_max_20pct_reject,xgboost,xgboost_05_missingness_challenger,missingness_challenger,XGBoost | missingness challenger
0.656614,186920,30655,156265,0.164001,0.835999,14351,16304,124491,31774,0.468145,0.311133,0.203334,0.468145,119054000.0,636.92,raw,10000.0,1500.0,0.2,0.130435,economic_max_20pct_reject,xgboost,xgboost_05_missingness_challenger,missingness_challenger,XGBoost | missingness challenger
0.657423,186920,30468,156452,0.163,0.837,14275,16193,124602,31850,0.468524,0.309485,0.203577,0.468524,118460500.0,633.75,raw,10000.0,1500.0,0.2,0.130435,economic_max_20pct_reject,xgboost,xgboost_05_missingness_challenger,missingness_challenger,XGBoost | missingness challenger
0.658203,186920,30281,156639,0.162,0.838,14196,16085,124710,31929,0.468809,0.307772,0.203838,0.468809,117832500.0,630.39,raw,10000.0,1500.0,0.2,0.130435,economic_max_20pct_reject,xgboost,xgboost_05_missingness_challenger,missingness_challenger,XGBoost | missingness challenger
0.659029,186920,30094,156826,0.160999,0.839001,14116,15978,124817,32009,0.469064,0.306038,0.204105,0.469064,117193000.0,626.97,raw,10000.0,1500.0,0.2,0.130435,economic_max_20pct_reject,xgboost,xgboost_05_missingness_challenger,missingness_challenger,XGBoost | missingness challenger
0.659804,186920,29908,157012,0.160004,0.839996,14054,15854,124941,32071,0.469908,0.304694,0.204258,0.469908,116759000.0,624.65,raw,10000.0,1500.0,0.2,0.130435,economic_max_20pct_reject,xgboost,xgboost_05_missingness_challenger,missingness_challenger,XGBoost | missingness challenger
0.660626,186920,29721,157199,0.159004,0.840996,13985,15736,125059,32140,0.470543,0.303198,0.204454,0.470543,116246000.0,621.9,raw,10000.0,1500.0,0.2,0.130435,economic_max_20pct_reject,xgboost,xgboost_05_missingness_challenger,missingness_challenger,XGBoost | missingness challenger
0.661435,186920,29534,157386,0.158003,0.841997,13909,15625,125170,32216,0.470949,0.30155,0.204694,0.470949,115652500.0,618.73,raw,10000.0,1500.0,0.2,0.130435,economic_max_20pct_reject,xgboost,xgboost_05_missingness_challenger,missingness_challenger,XGBoost | missingness challenger
0.66212,186920,29347,157573,0.157003,0.842997,13846,15501,125294,32279,0.471803,0.300184,0.204851,0.471803,115208500.0,616.35,raw,10000.0,1500.0,0.2,0.130435,economic_max_20pct_reject,xgboost,xgboost_05_missingness_challenger,missingness_challenger,XGBoost | missingness challenger
0.662978,186920,29160,157760,0.156003,0.843997,13778,15382,125413,32347,0.472497,0.29871,0.205039,0.472497,114707000.0,613.67,raw,10000.0,1500.0,0.2,0.130435,economic_max_20pct_reject,xgboost,xgboost_05_missingness_challenger,missingness_challenger,XGBoost | missingness challenger
0.663852,186920,28973,157947,0.155002,0.844998,13714,15259,125536,32411,0.473337,0.297322,0.205202,0.473337,114251500.0,611.23,raw,10000.0,1500.0,0.2,0.130435,economic_max_20pct_reject,xgboost,xgboost_05_missingness_challenger,missingness_challenger,XGBoost | missingness challenger
0.66466,186920,28786,158134,0.154002,0.845998,13653,15133,125662,32472,0.474293,0.296,0.205345,0.474293,113830500.0,608.98,raw,10000.0,1500.0,0.2,0.130435,economic_max_20pct_reject,xgboost,xgboost_05_missingness_challenger,missingness_challenger,XGBoost | missingness challenger
0.665449,186920,28599,158321,0.153001,0.846999,13578,15021,125774,32547,0.474772,0.294374,0.205576,0.474772,113248500.0,605.87,raw,10000.0,1500.0,0.2,0.130435,economic_max_20pct_reject,xgboost,xgboost_05_missingness_challenger,missingness_challenger,XGBoost | missingness challenger
0.666316,186920,28412,158508,0.152001,0.847999,13512,14900,125895,32613,0.475574,0.292943,0.20575,0.475574,112770000.0,603.31,raw,10000.0,1500.0,0.2,0.130435,economic_max_20pct_reject,xgboost,xgboost_05_missingness_challenger,missingness_challenger,XGBoost | missingness challenger
0.667281,186920,28225,158695,0.151,0.849,13427,14798,125997,32698,0.475713,0.2911,0.206043,0.475713,112073000.0,599.58,raw,10000.0,1500.0,0.2,0.130435,economic_max_20pct_reject,xgboost,xgboost_05_missingness_challenger,missingness_challenger,XGBoost | missingness challenger
0.668052,186920,28038,158882,0.15,0.85,13356,14682,126113,32769,0.476354,0.289561,0.206247,0.476354,111537000.0,596.71,raw,10000.0,1500.0,0.2,0.130435,economic_max_20pct_reject,xgboost,xgboost_05_missingness_challenger,missingness_challenger,XGBoost | missingness challenger
0.668885,186920,27851,159069,0.149,0.851,13292,14559,126236,32833,0.477254,0.288173,0.206407,0.477254,111081500.0,594.27,raw,10000.0,1500.0,0.2,0.130435,economic_max_20pct_reject,xgboost,xgboost_05_missingness_challenger,missingness_challenger,XGBoost | missingness challenger
0.669839,186920,27665,159255,0.148004,0.851996,13236,14429,126366,32889,0.478438,0.286959,0.206518,0.478438,110716500.0,592.32,raw,10000.0,1500.0,0.2,0.130435,economic_max_20pct_reject,xgboost,xgboost_05_missingness_challenger,missingness_challenger,XGBoost | missingness challenger
0.670687,186920,27478,159442,0.147004,0.852996,13167,14311,126484,32958,0.479183,0.285463,0.206708,0.479183,110203500.0,589.58,raw,10000.0,1500.0,0.2,0.130435,economic_max_20pct_reject,xgboost,xgboost_05_missingness_challenger,missingness_challenger,XGBoost | missingness challenger
0.671441,186920,27291,159629,0.146004,0.853996,13099,14192,126603,33026,0.479975,0.283989,0.206892,0.479975,109702000.0,586.89,raw,10000.0,1500.0,0.2,0.130435,economic_max_20pct_reject,xgboost,xgboost_05_missingness_challenger,missingness_challenger,XGBoost | missingness challenger
0.672269,186920,27104,159816,0.145003,0.854997,13022,14082,126713,33103,0.480446,0.28232,0.207132,0.480446,109097000.0,583.66,raw,10000.0,1500.0,0.2,0.130435,economic_max_20pct_reject,xgboost,xgboost_05_missingness_challenger,missingness_challenger,XGBoost | missingness challenger
0.673133,186920,26917,160003,0.144003,0.855997,12945,13972,126823,33180,0.480923,0.28065,0.207371,0.480923,108492000.0,580.42,raw,10000.0,1500.0,0.2,0.130435,economic_max_20pct_reject,xgboost,xgboost_05_missingness_challenger,missingness_challenger,XGBoost | missingness challenger
0.673959,186920,26730,160190,0.143002,0.856998,12857,13873,126922,33268,0.480995,0.278743,0.207678,0.480995,107760500.0,576.51,raw,10000.0,1500.0,0.2,0.130435,economic_max_20pct_reject,xgboost,xgboost_05_missingness_challenger,missingness_challenger,XGBoost | missingness challenger
0.674774,186920,26543,160377,0.142002,0.857998,12784,13759,127036,33341,0.481634,0.27716,0.207891,0.481634,107201500.0,573.52,raw,10000.0,1500.0,0.2,0.130435,economic_max_20pct_reject,xgboost,xgboost_05_missingness_challenger,missingness_challenger,XGBoost | missingness challenger
0.675554,186920,26356,160564,0.141001,0.858999,12708,13648,127147,33417,0.482167,0.275512,0.208123,0.482167,106608000.0,570.34,raw,10000.0,1500.0,0.2,0.130435,economic_max_20pct_reject,xgboost,xgboost_05_missingness_challenger,missingness_challenger,XGBoost | missingness challenger
0.676352,186920,26169,160751,0.140001,0.859999,12630,13539,127256,33495,0.482632,0.273821,0.208366,0.482632,105991500.0,567.04,raw,10000.0,1500.0,0.2,0.130435,economic_max_20pct_reject,xgboost,xgboost_05_missingness_challenger,missingness_challenger,XGBoost | missingness challenger
0.677237,186920,25982,160938,0.139001,0.860999,12555,13427,127368,33570,0.483219,0.272195,0.20859,0.483219,105409500.0,563.93,raw,10000.0,1500.0,0.2,0.130435,economic_max_20pct_reject,xgboost,xgboost_05_missingness_challenger,missingness_challenger,XGBoost | missingness challenger
0.678077,186920,25795,161125,0.138,0.862,12484,13311,127484,33641,0.48397,0.270656,0.208788,0.48397,104873500.0,561.06,raw,10000.0,1500.0,0.2,0.130435,economic_max_20pct_reject,xgboost,xgboost_05_missingness_challenger,missingness_challenger,XGBoost | missingness challenger
0.678904,186920,25608,161312,0.137,0.863,12412,13196,127599,33713,0.484692,0.269095,0.208993,0.484692,104326000.0,558.13,raw,10000.0,1500.0,0.2,0.130435,economic_max_20pct_reject,xgboost,xgboost_05_missingness_challenger,missingness_challenger,XGBoost | missingness challenger
0.679731,186920,25421,161499,0.135999,0.864001,12337,13084,127711,33788,0.485307,0.267469,0.209215,0.485307,103744000.0,555.02,raw,10000.0,1500.0,0.2,0.130435,economic_max_20pct_reject,xgboost,xgboost_05_missingness_challenger,missingness_challenger,XGBoost | missingness challenger
0.68065,186920,25235,161685,0.135004,0.864996,12267,12968,127827,33858,0.486111,0.265951,0.209407,0.486111,103218000.0,552.2,raw,10000.0,1500.0,0.2,0.130435,economic_max_20pct_reject,xgboost,xgboost_05_missingness_challenger,missingness_challenger,XGBoost | missingness challenger
0.68149,186920,25048,161872,0.134004,0.865996,12197,12851,127944,33928,0.486945,0.264434,0.209598,0.486945,102693500.0,549.4,raw,10000.0,1500.0,0.2,0.130435,economic_max_20pct_reject,xgboost,xgboost_05_missingness_challenger,missingness_challenger,XGBoost | missingness challenger
0.682295,186920,24861,162059,0.133003,0.866997,12123,12738,128057,34002,0.487631,0.262829,0.209812,0.487631,102123000.0,546.35,raw,10000.0,1500.0,0.2,0.130435,economic_max_20pct_reject,xgboost,xgboost_05_missingness_challenger,missingness_challenger,XGBoost | missingness challenger
0.683146,186920,24674,162246,0.132003,0.867997,12035,12639,128156,34090,0.48776,0.260921,0.210113,0.48776,101391500.0,542.43,raw,10000.0,1500.0,0.2,0.130435,economic_max_20pct_reject,xgboost,xgboost_05_missingness_challenger,missingness_challenger,XGBoost | missingness challenger
0.684117,186920,24487,162433,0.131003,0.868997,11957,12530,128265,34168,0.4883,0.25923,0.210351,0.4883,100775000.0,539.13,raw,10000.0,1500.0,0.2,0.130435,economic_max_20pct_reject,xgboost,xgboost_05_missingness_challenger,missingness_challenger,XGBoost | missingness challenger
0.685101,186920,24300,162620,0.130002,0.869998,11880,12420,128375,34245,0.488889,0.257561,0.210583,0.488889,100170000.0,535.9,raw,10000.0,1500.0,0.2,0.130435,economic_max_20pct_reject,xgboost,xgboost_05_missingness_challenger,missingness_challenger,XGBoost | missingness challenger
0.685994,186920,24113,162807,0.129002,0.870998,11807,12306,128489,34318,0.489653,0.255978,0.210789,0.489653,99611000.0,532.91,raw,10000.0,1500.0,0.2,0.130435,economic_max_20pct_reject,xgboost,xgboost_05_missingness_challenger,missingness_challenger,XGBoost | missingness challenger
0.686861,186920,23926,162994,0.128001,0.871999,11731,12195,128600,34394,0.490303,0.254331,0.211014,0.490303,99017500.0,529.73,raw,10000.0,1500.0,0.2,0.130435,economic_max_20pct_reject,xgboost,xgboost_05_missingness_challenger,missingness_challenger,XGBoost | missingness challenger
0.687771,186920,23739,163181,0.127001,0.872999,11659,12080,128715,34466,0.491133,0.25277,0.211213,0.491133,98470000.0,526.8,raw,10000.0,1500.0,0.2,0.130435,economic_max_20pct_reject,xgboost,xgboost_05_missingness_challenger,missingness_challenger,XGBoost | missingness challenger
0.688621,186920,23552,163368,0.126,0.874,11599,11953,128842,34526,0.492485,0.251469,0.211339,0.492485,98060500.0,524.61,raw,10000.0,1500.0,0.2,0.130435,economic_max_20pct_reject,xgboost,xgboost_05_missingness_challenger,missingness_challenger,XGBoost | missingness challenger
0.689507,186920,23365,163555,0.125,0.875,11526,11839,128956,34599,0.493302,0.249886,0.211544,0.493302,97501500.0,521.62,raw,10000.0,1500.0,0.2,0.130435,economic_max_20pct_reject,xgboost,xgboost_05_missingness_challenger,missingness_challenger,XGBoost | missingness challenger
0.690467,186920,23178,163742,0.124,0.876,11437,11741,129054,34688,0.493442,0.247957,0.211845,0.493442,96758500.0,517.65,raw,10000.0,1500.0,0.2,0.130435,economic_max_20pct_reject,xgboost,xgboost_05_missingness_challenger,missingness_challenger,XGBoost | missingness challenger
0.691401,186920,22992,163928,0.123004,0.876996,11361,11631,129164,34764,0.494128,0.246309,0.212069,0.494128,96163500.0,514.46,raw,10000.0,1500.0,0.2,0.130435,economic_max_20pct_reject,xgboost,xgboost_05_missingness_challenger,missingness_challenger,XGBoost | missingness challenger
0.692301,186920,22805,164115,0.122004,0.877996,11278,11527,129268,34847,0.494541,0.244509,0.212333,0.494541,95489500.0,510.86,raw,10000.0,1500.0,0.2,0.130435,economic_max_20pct_reject,xgboost,xgboost_05_missingness_challenger,missingness_challenger,XGBoost | missingness challenger
0.693168,186920,22618,164302,0.121004,0.878996,11210,11408,129387,34915,0.495623,0.243035,0.212505,0.495623,94988000.0,508.17,raw,10000.0,1500.0,0.2,0.130435,economic_max_20pct_reject,xgboost,xgboost_05_missingness_challenger,missingness_challenger,XGBoost | missingness challenger
0.694143,186920,22431,164489,0.120003,0.879997,11141,11290,129505,34984,0.496679,0.241539,0.212683,0.496679,94475000.0,505.43,raw,10000.0,1500.0,0.2,0.130435,economic_max_20pct_reject,xgboost,xgboost_05_missingness_challenger,missingness_challenger,XGBoost | missingness challenger
0.694995,186920,22244,164676,0.119003,0.880997,11069,11175,129620,35056,0.497617,0.239978,0.212879,0.497617,93927500.0,502.5,raw,10000.0,1500.0,0.2,0.130435,economic_max_20pct_reject,xgboost,xgboost_05_missingness_challenger,missingness_challenger,XGBoost | missingness challenger
0.695871,186920,22057,164863,0.118002,0.881998,10993,11064,129731,35132,0.498391,0.238331,0.213098,0.498391,93334000.0,499.33,raw,10000.0,1500.0,0.2,0.130435,economic_max_20pct_reject,xgboost,xgboost_05_missingness_challenger,missingness_challenger,XGBoost | missingness challenger
0.696723,186920,21870,165050,0.117002,0.882998,10910,10960,129835,35215,0.498857,0.236531,0.21336,0.498857,92660000.0,495.72,raw,10000.0,1500.0,0.2,0.130435,economic_max_20pct_reject,xgboost,xgboost_05_missingness_challenger,missingness_challenger,XGBoost | missingness challenger
0.697557,186920,21683,165237,0.116001,0.883999,10834,10849,129946,35291,0.499654,0.234883,0.213578,0.499654,92066500.0,492.54,raw,10000.0,1500.0,0.2,0.130435,economic_max_20pct_reject,xgboost,xgboost_05_missingness_challenger,missingness_challenger,XGBoost | missingness challenger
0.698466,186920,21496,165424,0.115001,0.884999,10751,10745,130050,35374,0.50014,0.233084,0.213838,0.50014,91392500.0,488.94,raw,10000.0,1500.0,0.2,0.130435,economic_max_20pct_reject,xgboost,xgboost_05_missingness_challenger,missingness_challenger,XGBoost | missingness challenger
0.699381,186920,21309,165611,0.114001,0.885999,10672,10637,130158,35453,0.500821,0.231371,0.214074,0.500821,90764500.0,485.58,raw,10000.0,1500.0,0.2,0.130435,economic_max_20pct_reject,xgboost,xgboost_05_missingness_challenger,missingness_challenger,XGBoost | missingness challenger
0.700355,186920,21122,165798,0.113,0.887,10589,10533,130262,35536,0.501326,0.229572,0.214333,0.501326,90090500.0,481.97,raw,10000.0,1500.0,0.2,0.130435,economic_max_20pct_reject,xgboost,xgboost_05_missingness_challenger,missingness_challenger,XGBoost | missingness challenger
0.701246,186920,20935,165985,0.112,0.888,10521,10414,130381,35604,0.502556,0.228098,0.214501,0.502556,89589000.0,479.29,raw,10000.0,1500.0,0.2,0.130435,economic_max_20pct_reject,xgboost,xgboost_05_missingness_challenger,missingness_challenger,XGBoost | missingness challenger
0.702123,186920,20749,166171,0.111005,0.888995,10450,10299,130496,35675,0.503639,0.226558,0.214688,0.503639,89051500.0,476.42,raw,10000.0,1500.0,0.2,0.130435,economic_max_20pct_reject,xgboost,xgboost_05_missingness_challenger,missingness_challenger,XGBoost | missingness challenger
0.703078,186920,20562,166358,0.110004,0.889996,10371,10191,130604,35754,0.504377,0.224846,0.214922,0.504377,88423500.0,473.06,raw,10000.0,1500.0,0.2,0.130435,economic_max_20pct_reject,xgboost,xgboost_05_missingness_challenger,missingness_challenger,XGBoost | missingness challenger
0.703931,186920,20375,166545,0.109004,0.890996,10295,10080,130715,35830,0.505276,0.223198,0.215137,0.505276,87830000.0,469.88,raw,10000.0,1500.0,0.2,0.130435,economic_max_20pct_reject,xgboost,xgboost_05_missingness_challenger,missingness_challenger,XGBoost | missingness challenger
0.704839,186920,20188,166732,0.108003,0.891997,10225,9963,130832,35900,0.506489,0.22168,0.215316,0.506489,87305500.0,467.07,raw,10000.0,1500.0,0.2,0.130435,economic_max_20pct_reject,xgboost,xgboost_05_missingness_challenger,missingness_challenger,XGBoost | missingness challenger
0.705746,186920,20001,166919,0.107003,0.892997,10158,9843,130952,35967,0.507875,0.220228,0.215476,0.507875,86815500.0,464.45,raw,10000.0,1500.0,0.2,0.130435,economic_max_20pct_reject,xgboost,xgboost_05_missingness_challenger,missingness_challenger,XGBoost | missingness challenger
0.706706,186920,19814,167106,0.106003,0.893997,10089,9725,131070,36036,0.509185,0.218732,0.215648,0.509185,86302500.0,461.71,raw,10000.0,1500.0,0.2,0.130435,economic_max_20pct_reject,xgboost,xgboost_05_missingness_challenger,missingness_challenger,XGBoost | missingness challenger
0.707713,186920,19627,167293,0.105002,0.894998,10009,9618,131177,36116,0.509961,0.216997,0.215885,0.509961,85663000.0,458.29,raw,10000.0,1500.0,0.2,0.130435,economic_max_20pct_reject,xgboost,xgboost_05_missingness_challenger,missingness_challenger,XGBoost | missingness challenger
0.708648,186920,19440,167480,0.104002,0.895998,9933,9507,131288,36192,0.510957,0.21535,0.216097,0.510957,85069500.0,455.11,raw,10000.0,1500.0,0.2,0.130435,economic_max_20pct_reject,xgboost,xgboost_05_missingness_challenger,missingness_challenger,XGBoost | missingness challenger
0.70966,186920,19253,167667,0.103001,0.896999,9869,9384,131411,36256,0.512595,0.213962,0.216238,0.512595,84614000.0,452.67,raw,10000.0,1500.0,0.2,0.130435,economic_max_20pct_reject,xgboost,xgboost_05_missingness_challenger,missingness_challenger,XGBoost | missingness challenger
0.710703,186920,19066,167854,0.102001,0.897999,9783,9283,131512,36342,0.513112,0.212098,0.21651,0.513112,83905500.0,448.88,raw,10000.0,1500.0,0.2,0.130435,economic_max_20pct_reject,xgboost,xgboost_05_missingness_challenger,missingness_challenger,XGBoost | missingness challenger
0.711619,186920,18879,168041,0.101,0.899,9709,9170,131625,36416,0.514275,0.210493,0.216709,0.514275,83335000.0,445.83,raw,10000.0,1500.0,0.2,0.130435,economic_max_20pct_reject,xgboost,xgboost_05_missingness_challenger,missingness_challenger,XGBoost | missingness challenger
0.71265,186920,18692,168228,0.1,0.9,9613,9079,131716,36512,0.514284,0.208412,0.217039,0.514284,82511500.0,441.43,raw,10000.0,1500.0,0.2,0.130435,economic_max_20pct_reject,xgboost,xgboost_05_missingness_challenger,missingness_challenger,XGBoost | missingness challenger
0.713648,186920,18505,168415,0.099,0.901,9534,8971,131824,36591,0.515212,0.206699,0.217267,0.515212,81883500.0,438.07,raw,10000.0,1500.0,0.2,0.130435,economic_max_20pct_reject,xgboost,xgboost_05_missingness_challenger,missingness_challenger,XGBoost | missingness challenger
0.714787,186920,18319,168601,0.098004,0.901996,9447,8872,131923,36678,0.515694,0.204813,0.217543,0.515694,81162000.0,434.21,raw,10000.0,1500.0,0.2,0.130435,economic_max_20pct_reject,xgboost,xgboost_05_missingness_challenger,missingness_challenger,XGBoost | missingness challenger
0.715715,186920,18132,168788,0.097004,0.902996,9363,8769,132026,36762,0.51638,0.202992,0.2178,0.51638,80476500.0,430.54,raw,10000.0,1500.0,0.2,0.130435,economic_max_20pct_reject,xgboost,xgboost_05_missingness_challenger,missingness_challenger,XGBoost | missingness challenger
0.716804,186920,17945,168975,0.096004,0.903996,9284,8661,132134,36841,0.517359,0.201279,0.218026,0.517359,79848500.0,427.18,raw,10000.0,1500.0,0.2,0.130435,economic_max_20pct_reject,xgboost,xgboost_05_missingness_challenger,missingness_challenger,XGBoost | missingness challenger
0.717782,186920,17758,169162,0.095003,0.904997,9186,8572,132223,36939,0.517288,0.199154,0.218365,0.517288,79002000.0,422.65,raw,10000.0,1500.0,0.2,0.130435,economic_max_20pct_reject,xgboost,xgboost_05_missingness_challenger,missingness_challenger,XGBoost | missingness challenger
0.718776,186920,17571,169349,0.094003,0.905997,9094,8477,132318,37031,0.517557,0.19716,0.218667,0.517557,78224500.0,418.49,raw,10000.0,1500.0,0.2,0.130435,economic_max_20pct_reject,xgboost,xgboost_05_missingness_challenger,missingness_challenger,XGBoost | missingness challenger
0.720023,186920,17384,169536,0.093002,0.906998,9014,8370,132425,37111,0.518523,0.195425,0.218897,0.518523,77585000.0,415.07,raw,10000.0,1500.0,0.2,0.130435,economic_max_20pct_reject,xgboost,xgboost_05_missingness_challenger,missingness_challenger,XGBoost | missingness challenger
0.721156,186920,17197,169723,0.092002,0.907998,8934,8263,132532,37191,0.519509,0.193691,0.219128,0.519509,76945500.0,411.65,raw,10000.0,1500.0,0.2,0.130435,economic_max_20pct_reject,xgboost,xgboost_05_missingness_challenger,missingness_challenger,XGBoost | missingness challenger
0.722193,186920,17010,169910,0.091001,0.908999,8856,8154,132641,37269,0.520635,0.192,0.219346,0.520635,76329000.0,408.35,raw,10000.0,1500.0,0.2,0.130435,economic_max_20pct_reject,xgboost,xgboost_05_missingness_challenger,missingness_challenger,XGBoost | missingness challenger
0.723151,186920,16823,170097,0.090001,0.909999,8767,8056,132739,37358,0.521132,0.19007,0.219628,0.521132,75586000.0,404.38,raw,10000.0,1500.0,0.2,0.130435,economic_max_20pct_reject,xgboost,xgboost_05_missingness_challenger,missingness_challenger,XGBoost | missingness challenger
0.724225,186920,16636,170284,0.089001,0.910999,8685,7951,132844,37440,0.522061,0.188293,0.219868,0.522061,74923500.0,400.83,raw,10000.0,1500.0,0.2,0.130435,economic_max_20pct_reject,xgboost,xgboost_05_missingness_challenger,missingness_challenger,XGBoost | missingness challenger
0.725346,186920,16449,170471,0.088,0.912,8603,7846,132949,37522,0.523011,0.186515,0.220108,0.523011,74261000.0,397.29,raw,10000.0,1500.0,0.2,0.130435,economic_max_20pct_reject,xgboost,xgboost_05_missingness_challenger,missingness_challenger,XGBoost | missingness challenger
0.726347,186920,16263,170657,0.087005,0.912995,8529,7734,133061,37596,0.524442,0.184911,0.220302,0.524442,73689000.0,394.23,raw,10000.0,1500.0,0.2,0.130435,economic_max_20pct_reject,xgboost,xgboost_05_missingness_challenger,missingness_challenger,XGBoost | missingness challenger
0.727358,186920,16076,170844,0.086005,0.913995,8441,7635,133160,37684,0.525068,0.183003,0.220575,0.525068,72957500.0,390.31,raw,10000.0,1500.0,0.2,0.130435,economic_max_20pct_reject,xgboost,xgboost_05_missingness_challenger,missingness_challenger,XGBoost | missingness challenger
0.728413,186920,15889,171031,0.085004,0.914996,8360,7529,133266,37765,0.52615,0.181247,0.220808,0.52615,72306500.0,386.83,raw,10000.0,1500.0,0.2,0.130435,economic_max_20pct_reject,xgboost,xgboost_05_missingness_challenger,missingness_challenger,XGBoost | missingness challenger
0.729434,186920,15702,171218,0.084004,0.915996,8277,7425,133370,37848,0.52713,0.179447,0.221052,0.52713,71632500.0,383.23,raw,10000.0,1500.0,0.2,0.130435,economic_max_20pct_reject,xgboost,xgboost_05_missingness_challenger,missingness_challenger,XGBoost | missingness challenger
0.730422,186920,15515,171405,0.083003,0.916997,8188,7327,133468,37937,0.527747,0.177518,0.22133,0.527747,70889500.0,379.25,raw,10000.0,1500.0,0.2,0.130435,economic_max_20pct_reject,xgboost,xgboost_05_missingness_challenger,missingness_challenger,XGBoost | missingness challenger
0.731605,186920,15328,171592,0.082003,0.917997,8095,7233,133562,38030,0.528118,0.175501,0.22163,0.528118,70100500.0,375.03,raw,10000.0,1500.0,0.2,0.130435,economic_max_20pct_reject,xgboost,xgboost_05_missingness_challenger,missingness_challenger,XGBoost | missingness challenger
0.732683,186920,15141,171779,0.081003,0.918997,8009,7132,133663,38116,0.528961,0.173637,0.22189,0.528961,69392000.0,371.24,raw,10000.0,1500.0,0.2,0.130435,economic_max_20pct_reject,xgboost,xgboost_05_missingness_challenger,missingness_challenger,XGBoost | missingness challenger
0.733892,186920,14954,171966,0.080002,0.919998,7933,7021,133774,38192,0.530494,0.171989,0.22209,0.530494,68798500.0,368.06,raw,10000.0,1500.0,0.2,0.130435,economic_max_20pct_reject,xgboost,xgboost_05_missingness_challenger,missingness_challenger,XGBoost | missingness challenger
0.73502,186920,14767,172153,0.079002,0.920998,7846,6921,133874,38279,0.53132,0.170103,0.222355,0.53132,68078500.0,364.21,raw,10000.0,1500.0,0.2,0.130435,economic_max_20pct_reject,xgboost,xgboost_05_missingness_challenger,missingness_challenger,XGBoost | missingness challenger
0.73613,186920,14580,172340,0.078001,0.921999,7759,6821,133974,38366,0.532167,0.168217,0.222618,0.532167,67358500.0,360.36,raw,10000.0,1500.0,0.2,0.130435,economic_max_20pct_reject,xgboost,xgboost_05_missingness_challenger,missingness_challenger,XGBoost | missingness challenger
0.737205,186920,14393,172527,0.077001,0.922999,7678,6715,134080,38447,0.533454,0.166461,0.222846,0.533454,66707500.0,356.88,raw,10000.0,1500.0,0.2,0.130435,economic_max_20pct_reject,xgboost,xgboost_05_missingness_challenger,missingness_challenger,XGBoost | missingness challenger
0.738337,186920,14206,172714,0.076,0.924,7593,6613,134182,38532,0.534492,0.164618,0.223097,0.534492,66010500.0,353.15,raw,10000.0,1500.0,0.2,0.130435,economic_max_20pct_reject,xgboost,xgboost_05_missingness_challenger,missingness_challenger,XGBoost | missingness challenger
0.739433,186920,14019,172901,0.075,0.925,7504,6515,134280,38621,0.535274,0.162688,0.223371,0.535274,65267500.0,349.17,raw,10000.0,1500.0,0.2,0.130435,economic_max_20pct_reject,xgboost,xgboost_05_missingness_challenger,missingness_challenger,XGBoost | missingness challenger
0.740662,186920,13833,173087,0.074005,0.925995,7415,6418,134377,38710,0.536037,0.160759,0.223645,0.536037,64523000.0,345.19,raw,10000.0,1500.0,0.2,0.130435,economic_max_20pct_reject,xgboost,xgboost_05_missingness_challenger,missingness_challenger,XGBoost | missingness challenger
0.741947,186920,13646,173274,0.073004,0.926996,7327,6319,134476,38798,0.536934,0.158851,0.223911,0.536934,63791500.0,341.28,raw,10000.0,1500.0,0.2,0.130435,economic_max_20pct_reject,xgboost,xgboost_05_missingness_challenger,missingness_challenger,XGBoost | missingness challenger
0.743134,186920,13459,173461,0.072004,0.927996,7243,6216,134579,38882,0.538153,0.15703,0.224154,0.538153,63106000.0,337.61,raw,10000.0,1500.0,0.2,0.130435,economic_max_20pct_reject,xgboost,xgboost_05_missingness_challenger,missingness_challenger,XGBoost | missingness challenger
0.744283,186920,13272,173648,0.071004,0.928996,7150,6122,134673,38975,0.538728,0.155014,0.224448,0.538728,62317000.0,333.39,raw,10000.0,1500.0,0.2,0.130435,economic_max_20pct_reject,xgboost,xgboost_05_missingness_challenger,missingness_challenger,XGBoost | missingness challenger
0.745565,186920,13085,173835,0.070003,0.929997,7071,6014,134781,39054,0.54039,0.153301,0.224661,0.54039,61689000.0,330.03,raw,10000.0,1500.0,0.2,0.130435,economic_max_20pct_reject,xgboost,xgboost_05_missingness_challenger,missingness_challenger,XGBoost | missingness challenger
0.746713,186920,12898,174022,0.069003,0.930997,6987,5911,134884,39138,0.541712,0.15148,0.224903,0.541712,61003500.0,326.36,raw,10000.0,1500.0,0.2,0.130435,economic_max_20pct_reject,xgboost,xgboost_05_missingness_challenger,missingness_challenger,XGBoost | missingness challenger
0.747909,186920,12711,174209,0.068002,0.931998,6911,5800,134995,39214,0.543702,0.149832,0.225097,0.543702,60410000.0,323.19,raw,10000.0,1500.0,0.2,0.130435,economic_max_20pct_reject,xgboost,xgboost_05_missingness_challenger,missingness_challenger,XGBoost | missingness challenger
0.749028,186920,12524,174396,0.067002,0.932998,6823,5701,135094,39302,0.544794,0.147924,0.225361,0.544794,59678500.0,319.27,raw,10000.0,1500.0,0.2,0.130435,economic_max_20pct_reject,xgboost,xgboost_05_missingness_challenger,missingness_challenger,XGBoost | missingness challenger
0.750253,186920,12337,174583,0.066001,0.933999,6736,5601,135194,39389,0.546,0.146038,0.225618,0.546,58958500.0,315.42,raw,10000.0,1500.0,0.2,0.130435,economic_max_20pct_reject,xgboost,xgboost_05_missingness_challenger,missingness_challenger,XGBoost | missingness challenger
0.751516,186920,12150,174770,0.065001,0.934999,6634,5516,135279,39491,0.546008,0.143827,0.22596,0.546008,58066000.0,310.65,raw,10000.0,1500.0,0.2,0.130435,economic_max_20pct_reject,xgboost,xgboost_05_missingness_challenger,missingness_challenger,XGBoost | missingness challenger
0.752641,186920,11963,174957,0.064001,0.935999,6545,5418,135377,39580,0.547104,0.141897,0.226227,0.547104,57323000.0,306.67,raw,10000.0,1500.0,0.2,0.130435,economic_max_20pct_reject,xgboost,xgboost_05_missingness_challenger,missingness_challenger,XGBoost | missingness challenger
0.753828,186920,11776,175144,0.063,0.937,6453,5323,135472,39672,0.547979,0.139902,0.226511,0.547979,56545500.0,302.51,raw,10000.0,1500.0,0.2,0.130435,economic_max_20pct_reject,xgboost,xgboost_05_missingness_challenger,missingness_challenger,XGBoost | missingness challenger
0.755082,186920,11589,175331,0.062,0.938,6358,5231,135564,39767,0.548624,0.137843,0.226811,0.548624,55733500.0,298.17,raw,10000.0,1500.0,0.2,0.130435,economic_max_20pct_reject,xgboost,xgboost_05_missingness_challenger,missingness_challenger,XGBoost | missingness challenger
0.756239,186920,11403,175517,0.061005,0.938995,6273,5130,135665,39852,0.550118,0.136,0.227055,0.550118,55035000.0,294.43,raw,10000.0,1500.0,0.2,0.130435,economic_max_20pct_reject,xgboost,xgboost_05_missingness_challenger,missingness_challenger,XGBoost | missingness challenger
0.757563,186920,11216,175704,0.060004,0.939996,6169,5047,135748,39956,0.550018,0.133745,0.227405,0.550018,54119500.0,289.53,raw,10000.0,1500.0,0.2,0.130435,economic_max_20pct_reject,xgboost,xgboost_05_missingness_challenger,missingness_challenger,XGBoost | missingness challenger
0.758841,186920,11029,175891,0.059004,0.940996,6077,4952,135843,40048,0.551002,0.131751,0.227686,0.551002,53342000.0,285.37,raw,10000.0,1500.0,0.2,0.130435,economic_max_20pct_reject,xgboost,xgboost_05_missingness_challenger,missingness_challenger,XGBoost | missingness challenger
0.760095,186920,10842,176078,0.058003,0.941997,5987,4855,135940,40138,0.552204,0.129799,0.227956,0.552204,52587500.0,281.34,raw,10000.0,1500.0,0.2,0.130435,economic_max_20pct_reject,xgboost,xgboost_05_missingness_challenger,missingness_challenger,XGBoost | missingness challenger
0.761556,186920,10655,176265,0.057003,0.942997,5898,4757,136038,40227,0.553543,0.12787,0.228219,0.553543,51844500.0,277.36,raw,10000.0,1500.0,0.2,0.130435,economic_max_20pct_reject,xgboost,xgboost_05_missingness_challenger,missingness_challenger,XGBoost | missingness challenger
0.762966,186920,10468,176452,0.056003,0.943997,5805,4663,136132,40320,0.554547,0.125854,0.228504,0.554547,51055500.0,273.14,raw,10000.0,1500.0,0.2,0.130435,economic_max_20pct_reject,xgboost,xgboost_05_missingness_challenger,missingness_challenger,XGBoost | missingness challenger
0.764236,186920,10281,176639,0.055002,0.944998,5717,4564,136231,40408,0.556074,0.123946,0.22876,0.556074,50324000.0,269.23,raw,10000.0,1500.0,0.2,0.130435,economic_max_20pct_reject,xgboost,xgboost_05_missingness_challenger,missingness_challenger,XGBoost | missingness challenger
0.765355,186920,10094,176826,0.054002,0.945998,5622,4472,136323,40503,0.556965,0.121886,0.229056,0.556965,49512000.0,264.88,raw,10000.0,1500.0,0.2,0.130435,economic_max_20pct_reject,xgboost,xgboost_05_missingness_challenger,missingness_challenger,XGBoost | missingness challenger
0.766643,186920,9907,177013,0.053001,0.946999,5529,4378,136417,40596,0.55809,0.11987,0.229339,0.55809,48723000.0,260.66,raw,10000.0,1500.0,0.2,0.130435,economic_max_20pct_reject,xgboost,xgboost_05_missingness_challenger,missingness_challenger,XGBoost | missingness challenger
0.767977,186920,9720,177200,0.052001,0.947999,5439,4281,136514,40686,0.559568,0.117919,0.229605,0.559568,47968500.0,256.63,raw,10000.0,1500.0,0.2,0.130435,economic_max_20pct_reject,xgboost,xgboost_05_missingness_challenger,missingness_challenger,XGBoost | missingness challenger
0.769486,186920,9533,177387,0.051,0.949,5349,4184,136611,40776,0.561104,0.115967,0.22987,0.561104,47214000.0,252.59,raw,10000.0,1500.0,0.2,0.130435,economic_max_20pct_reject,xgboost,xgboost_05_missingness_challenger,missingness_challenger,XGBoost | missingness challenger
0.770924,186920,9346,177574,0.05,0.95,5247,4099,136696,40878,0.561417,0.113756,0.230203,0.561417,46321500.0,247.81,raw,10000.0,1500.0,0.2,0.130435,economic_max_20pct_reject,xgboost,xgboost_05_missingness_challenger,missingness_challenger,XGBoost | missingness challenger
0.77232,186920,9160,177760,0.049005,0.950995,5154,4006,136789,40971,0.562664,0.11174,0.230485,0.562664,45531000.0,243.59,raw,10000.0,1500.0,0.2,0.130435,economic_max_20pct_reject,xgboost,xgboost_05_missingness_challenger,missingness_challenger,XGBoost | missingness challenger
0.77371,186920,8973,177947,0.048004,0.951996,5049,3924,136871,41076,0.562688,0.109463,0.230833,0.562688,44604000.0,238.63,raw,10000.0,1500.0,0.2,0.130435,economic_max_20pct_reject,xgboost,xgboost_05_missingness_challenger,missingness_challenger,XGBoost | missingness challenger
0.775147,186920,8786,178134,0.047004,0.952996,4957,3829,136966,41168,0.564193,0.107469,0.231107,0.564193,43826500.0,234.47,raw,10000.0,1500.0,0.2,0.130435,economic_max_20pct_reject,xgboost,xgboost_05_missingness_challenger,missingness_challenger,XGBoost | missingness challenger
0.776565,186920,8599,178321,0.046004,0.953996,4863,3736,137059,41262,0.565531,0.105431,0.231392,0.565531,43026000.0,230.18,raw,10000.0,1500.0,0.2,0.130435,economic_max_20pct_reject,xgboost,xgboost_05_missingness_challenger,missingness_challenger,XGBoost | missingness challenger
0.778046,186920,8412,178508,0.045003,0.954997,4753,3659,137136,41372,0.565026,0.103046,0.231766,0.565026,42041500.0,224.92,raw,10000.0,1500.0,0.2,0.130435,economic_max_20pct_reject,xgboost,xgboost_05_missingness_challenger,missingness_challenger,XGBoost | missingness challenger
0.77959,186920,8225,178695,0.044003,0.955997,4657,3568,137227,41468,0.566201,0.100965,0.23206,0.566201,41218000.0,220.51,raw,10000.0,1500.0,0.2,0.130435,economic_max_20pct_reject,xgboost,xgboost_05_missingness_challenger,missingness_challenger,XGBoost | missingness challenger
0.781077,186920,8038,178882,0.043002,0.956998,4560,3478,137317,41565,0.567305,0.098862,0.23236,0.567305,40383000.0,216.04,raw,10000.0,1500.0,0.2,0.130435,economic_max_20pct_reject,xgboost,xgboost_05_missingness_challenger,missingness_challenger,XGBoost | missingness challenger
0.782466,186920,7851,179069,0.042002,0.957998,4467,3384,137411,41658,0.568972,0.096846,0.232637,0.568972,39594000.0,211.82,raw,10000.0,1500.0,0.2,0.130435,economic_max_20pct_reject,xgboost,xgboost_05_missingness_challenger,missingness_challenger,XGBoost | missingness challenger
0.784006,186920,7664,179256,0.041001,0.958999,4375,3289,137506,41750,0.570851,0.094851,0.232907,0.570851,38816500.0,207.66,raw,10000.0,1500.0,0.2,0.130435,economic_max_20pct_reject,xgboost,xgboost_05_missingness_challenger,missingness_challenger,XGBoost | missingness challenger
0.785517,186920,7477,179443,0.040001,0.959999,4279,3198,137597,41846,0.572288,0.09277,0.233199,0.572288,37993000.0,203.26,raw,10000.0,1500.0,0.2,0.130435,economic_max_20pct_reject,xgboost,xgboost_05_missingness_challenger,missingness_challenger,XGBoost | missingness challenger
0.786894,186920,7290,179630,0.039001,0.960999,4193,3097,137698,41932,0.575171,0.090905,0.233435,0.575171,37284500.0,199.47,raw,10000.0,1500.0,0.2,0.130435,economic_max_20pct_reject,xgboost,xgboost_05_missingness_challenger,missingness_challenger,XGBoost | missingness challenger
0.788415,186920,7103,179817,0.038,0.962,4108,2995,137800,42017,0.578347,0.089062,0.233665,0.578347,36587500.0,195.74,raw,10000.0,1500.0,0.2,0.130435,economic_max_20pct_reject,xgboost,xgboost_05_missingness_challenger,missingness_challenger,XGBoost | missingness challenger
0.79004,186920,6917,180003,0.037005,0.962995,4004,2913,137882,42121,0.578864,0.086808,0.234002,0.578864,35670500.0,190.83,raw,10000.0,1500.0,0.2,0.130435,economic_max_20pct_reject,xgboost,xgboost_05_missingness_challenger,missingness_challenger,XGBoost | missingness challenger
0.791664,186920,6730,180190,0.036005,0.963995,3913,2817,137978,42212,0.581426,0.084835,0.234264,0.581426,34904500.0,186.73,raw,10000.0,1500.0,0.2,0.130435,economic_max_20pct_reject,xgboost,xgboost_05_missingness_challenger,missingness_challenger,XGBoost | missingness challenger
0.793059,186920,6543,180377,0.035004,0.964996,3805,2738,138057,42320,0.581538,0.082493,0.23462,0.581538,33943000.0,181.59,raw,10000.0,1500.0,0.2,0.130435,economic_max_20pct_reject,xgboost,xgboost_05_missingness_challenger,missingness_challenger,XGBoost | missingness challenger
0.794735,186920,6356,180564,0.034004,0.965996,3718,2638,138157,42407,0.584959,0.080607,0.234859,0.584959,33223000.0,177.74,raw,10000.0,1500.0,0.2,0.130435,economic_max_20pct_reject,xgboost,xgboost_05_missingness_challenger,missingness_challenger,XGBoost | missingness challenger
0.796375,186920,6169,180751,0.033003,0.966997,3624,2545,138250,42501,0.587453,0.078569,0.235136,0.587453,32422500.0,173.46,raw,10000.0,1500.0,0.2,0.130435,economic_max_20pct_reject,xgboost,xgboost_05_missingness_challenger,missingness_challenger,XGBoost | missingness challenger
0.798163,186920,5982,180938,0.032003,0.967997,3525,2457,138338,42600,0.589268,0.076423,0.23544,0.589268,31564500.0,168.87,raw,10000.0,1500.0,0.2,0.130435,economic_max_20pct_reject,xgboost,xgboost_05_missingness_challenger,missingness_challenger,XGBoost | missingness challenger
0.799757,186920,5795,181125,0.031003,0.968997,3429,2366,138429,42696,0.591717,0.074341,0.235727,0.591717,30741000.0,164.46,raw,10000.0,1500.0,0.2,0.130435,economic_max_20pct_reject,xgboost,xgboost_05_missingness_challenger,missingness_challenger,XGBoost | missingness challenger
0.801522,186920,5608,181312,0.030002,0.969998,3336,2272,138523,42789,0.594864,0.072325,0.235997,0.594864,29952000.0,160.24,raw,10000.0,1500.0,0.2,0.130435,economic_max_20pct_reject,xgboost,xgboost_05_missingness_challenger,missingness_challenger,XGBoost | missingness challenger
0.803191,186920,5421,181499,0.029002,0.970998,3231,2190,138605,42894,0.596015,0.070049,0.236332,0.596015,29025000.0,155.28,raw,10000.0,1500.0,0.2,0.130435,economic_max_20pct_reject,xgboost,xgboost_05_missingness_challenger,missingness_challenger,XGBoost | missingness challenger
0.804783,186920,5234,181686,0.028001,0.971999,3121,2113,138682,43004,0.596293,0.067664,0.236694,0.596293,28040500.0,150.01,raw,10000.0,1500.0,0.2,0.130435,economic_max_20pct_reject,xgboost,xgboost_05_missingness_challenger,missingness_challenger,XGBoost | missingness challenger
0.806543,186920,5047,181873,0.027001,0.972999,3019,2028,138767,43106,0.598177,0.065453,0.237012,0.598177,27148000.0,145.24,raw,10000.0,1500.0,0.2,0.130435,economic_max_20pct_reject,xgboost,xgboost_05_missingness_challenger,missingness_challenger,XGBoost | missingness challenger
0.808438,186920,4860,182060,0.026,0.974,2912,1948,138847,43213,0.599177,0.063133,0.237356,0.599177,26198000.0,140.16,raw,10000.0,1500.0,0.2,0.130435,economic_max_20pct_reject,xgboost,xgboost_05_missingness_challenger,missingness_challenger,XGBoost | missingness challenger
0.810269,186920,4673,182247,0.025,0.975,2806,1867,138928,43319,0.600471,0.060835,0.237694,0.600471,25259500.0,135.14,raw,10000.0,1500.0,0.2,0.130435,economic_max_20pct_reject,xgboost,xgboost_05_missingness_challenger,missingness_challenger,XGBoost | missingness challenger
0.812094,186920,4487,182433,0.024005,0.975995,2698,1789,139006,43427,0.601293,0.058493,0.238044,0.601293,24296500.0,129.98,raw,10000.0,1500.0,0.2,0.130435,economic_max_20pct_reject,xgboost,xgboost_05_missingness_challenger,missingness_challenger,XGBoost | missingness challenger
0.814166,186920,4300,182620,0.023004,0.976996,2604,1696,139099,43521,0.605581,0.056455,0.238315,0.605581,23496000.0,125.7,raw,10000.0,1500.0,0.2,0.130435,economic_max_20pct_reject,xgboost,xgboost_05_missingness_challenger,missingness_challenger,XGBoost | missingness challenger
0.815972,186920,4113,182807,0.022004,0.977996,2501,1612,139183,43624,0.608072,0.054222,0.238634,0.608072,22592000.0,120.86,raw,10000.0,1500.0,0.2,0.130435,economic_max_20pct_reject,xgboost,xgboost_05_missingness_challenger,missingness_challenger,XGBoost | missingness challenger
0.817922,186920,3926,182994,0.021004,0.978996,2400,1526,139269,43725,0.611309,0.052033,0.238942,0.611309,21711000.0,116.15,raw,10000.0,1500.0,0.2,0.130435,economic_max_20pct_reject,xgboost,xgboost_05_missingness_challenger,missingness_challenger,XGBoost | missingness challenger
0.820089,186920,3739,183181,0.020003,0.979997,2285,1454,139341,43840,0.611126,0.049539,0.239326,0.611126,20669000.0,110.58,raw,10000.0,1500.0,0.2,0.130435,economic_max_20pct_reject,xgboost,xgboost_05_missingness_challenger,missingness_challenger,XGBoost | missingness challenger
0.8221,186920,3552,183368,0.019003,0.980997,2175,1377,139418,43950,0.612331,0.047154,0.239682,0.612331,19684500.0,105.31,raw,10000.0,1500.0,0.2,0.130435,economic_max_20pct_reject,xgboost,xgboost_05_missingness_challenger,missingness_challenger,XGBoost | missingness challenger
0.824257,186920,3365,183555,0.018002,0.981998,2076,1289,139506,44049,0.616939,0.045008,0.239977,0.616939,18826500.0,100.72,raw,10000.0,1500.0,0.2,0.130435,economic_max_20pct_reject,xgboost,xgboost_05_missingness_challenger,missingness_challenger,XGBoost | missingness challenger
0.826464,186920,3178,183742,0.017002,0.982998,1983,1195,139600,44142,0.623977,0.042992,0.240239,0.623977,18037500.0,96.5,raw,10000.0,1500.0,0.2,0.130435,economic_max_20pct_reject,xgboost,xgboost_05_missingness_challenger,missingness_challenger,XGBoost | missingness challenger
0.828535,186920,2991,183929,0.016001,0.983999,1880,1111,139684,44245,0.628552,0.040759,0.240555,0.628552,17133500.0,91.66,raw,10000.0,1500.0,0.2,0.130435,economic_max_20pct_reject,xgboost,xgboost_05_missingness_challenger,missingness_challenger,XGBoost | missingness challenger
0.830793,186920,2804,184116,0.015001,0.984999,1776,1028,139767,44349,0.633381,0.038504,0.240875,0.633381,16218000.0,86.76,raw,10000.0,1500.0,0.2,0.130435,economic_max_20pct_reject,xgboost,xgboost_05_missingness_challenger,missingness_challenger,XGBoost | missingness challenger
0.832951,186920,2617,184303,0.014001,0.985999,1665,952,139843,44460,0.636225,0.036098,0.241233,0.636225,15222000.0,81.44,raw,10000.0,1500.0,0.2,0.130435,economic_max_20pct_reject,xgboost,xgboost_05_missingness_challenger,missingness_challenger,XGBoost | missingness challenger
0.835362,186920,2430,184490,0.013,0.987,1564,866,139929,44561,0.643621,0.033908,0.241536,0.643621,14341000.0,76.72,raw,10000.0,1500.0,0.2,0.130435,economic_max_20pct_reject,xgboost,xgboost_05_missingness_challenger,missingness_challenger,XGBoost | missingness challenger
0.838246,186920,2244,184676,0.012005,0.987995,1446,798,139997,44679,0.644385,0.03135,0.241932,0.644385,13263000.0,70.96,raw,10000.0,1500.0,0.2,0.130435,economic_max_20pct_reject,xgboost,xgboost_05_missingness_challenger,missingness_challenger,XGBoost | missingness challenger
0.841113,186920,2057,184863,0.011005,0.988995,1326,731,140064,44799,0.644628,0.028748,0.242336,0.644628,12163500.0,65.07,raw,10000.0,1500.0,0.2,0.130435,economic_max_20pct_reject,xgboost,xgboost_05_missingness_challenger,missingness_challenger,XGBoost | missingness challenger
0.844148,186920,1870,185050,0.010004,0.989996,1197,673,140122,44928,0.640107,0.025951,0.242788,0.640107,10960500.0,58.64,raw,10000.0,1500.0,0.2,0.130435,economic_max_20pct_reject,xgboost,xgboost_05_missingness_challenger,missingness_challenger,XGBoost | missingness challenger
0.847015,186920,1683,185237,0.009004,0.990996,1085,598,140197,45040,0.644682,0.023523,0.243148,0.644682,9953000.0,53.25,raw,10000.0,1500.0,0.2,0.130435,economic_max_20pct_reject,xgboost,xgboost_05_missingness_challenger,missingness_challenger,XGBoost | missingness challenger
0.850079,186920,1496,185424,0.008003,0.991997,969,527,140268,45156,0.647727,0.021008,0.243528,0.647727,8899500.0,47.61,raw,10000.0,1500.0,0.2,0.130435,economic_max_20pct_reject,xgboost,xgboost_05_missingness_challenger,missingness_challenger,XGBoost | missingness challenger
0.853804,186920,1309,185611,0.007003,0.992997,859,450,140345,45266,0.656226,0.018623,0.243876,0.656226,7915000.0,42.34,raw,10000.0,1500.0,0.2,0.130435,economic_max_20pct_reject,xgboost,xgboost_05_missingness_challenger,missingness_challenger,XGBoost | missingness challenger
0.857529,186920,1122,185798,0.006003,0.993997,746,376,140419,45379,0.664884,0.016173,0.244238,0.664884,6896000.0,36.89,raw,10000.0,1500.0,0.2,0.130435,economic_max_20pct_reject,xgboost,xgboost_05_missingness_challenger,missingness_challenger,XGBoost | missingness challenger
0.86115,186920,935,185985,0.005002,0.994998,628,307,140488,45497,0.671658,0.013615,0.244627,0.671658,5819500.0,31.13,raw,10000.0,1500.0,0.2,0.130435,economic_max_20pct_reject,xgboost,xgboost_05_missingness_challenger,missingness_challenger,XGBoost | missingness challenger
0.865033,186920,748,186172,0.004002,0.995998,506,242,140553,45619,0.676471,0.01097,0.245037,0.676471,4697000.0,25.13,raw,10000.0,1500.0,0.2,0.130435,economic_max_20pct_reject,xgboost,xgboost_05_missingness_challenger,missingness_challenger,XGBoost | missingness challenger
0.870288,186920,561,186359,0.003001,0.996999,390,171,140624,45735,0.695187,0.008455,0.245413,0.695187,3643500.0,19.49,raw,10000.0,1500.0,0.2,0.130435,economic_max_20pct_reject,xgboost,xgboost_05_missingness_challenger,missingness_challenger,XGBoost | missingness challenger
0.877014,186920,374,186546,0.002001,0.997999,265,109,140686,45860,0.708556,0.005745,0.245837,0.708556,2486500.0,13.3,raw,10000.0,1500.0,0.2,0.130435,economic_max_20pct_reject,xgboost,xgboost_05_missingness_challenger,missingness_challenger,XGBoost | missingness challenger
0.885986,186920,187,186733,0.001,0.999,145,42,140753,45980,0.775401,0.003144,0.246234,0.775401,1387000.0,7.42,raw,10000.0,1500.0,0.2,0.130435,economic_max_20pct_reject,xgboost,xgboost_05_missingness_challenger,missingness_challenger,XGBoost | missingness challenger
0.92138,186920,1,186919,5e-06,0.999995,1,0,140795,46124,1.0,2.2e-05,0.246759,1.0,10000.0,0.05,raw,10000.0,1500.0,0.2,0.130435,economic_max_20pct_reject,xgboost,xgboost_05_missingness_challenger,missingness_challenger,XGBoost | missingness challenger
1.0,186920,0,186920,0.0,1.0,0,0,140795,46125,,0.0,0.246763,,0.0,0.0,raw,10000.0,1500.0,0.2,0.130435,economic_max_20pct_reject,xgboost,xgboost_05_missingness_challenger,missingness_challenger,XGBoost | missingness challenger
0.365439,186920,37384,149536,0.2,0.8,16821,20563,120232,29304,0.449952,0.364683,0.195966,0.449952,137365500.0,734.89,platt_sigmoid,10000.0,1500.0,0.2,0.130435,economic_max_20pct_reject,xgboost,xgboost_05_missingness_challenger,missingness_challenger,XGBoost | missingness challenger
0.366153,186920,37197,149723,0.199,0.801,16759,20438,120357,29366,0.450547,0.363339,0.196136,0.450547,136933000.0,732.58,platt_sigmoid,10000.0,1500.0,0.2,0.130435,economic_max_20pct_reject,xgboost,xgboost_05_missingness_challenger,missingness_challenger,XGBoost | missingness challenger
0.366835,186920,37010,149910,0.197999,0.802001,16696,20314,120481,29429,0.451121,0.361973,0.196311,0.451121,136489000.0,730.2,platt_sigmoid,10000.0,1500.0,0.2,0.130435,economic_max_20pct_reject,xgboost,xgboost_05_missingness_challenger,missingness_challenger,XGBoost | missingness challenger
0.367557,186920,36824,150096,0.197004,0.802996,16624,20200,120595,29501,0.451445,0.360412,0.196548,0.451445,135940000.0,727.26,platt_sigmoid,10000.0,1500.0,0.2,0.130435,economic_max_20pct_reject,xgboost,xgboost_05_missingness_challenger,missingness_challenger,XGBoost | missingness challenger
0.368203,186920,36637,150283,0.196004,0.803996,16551,20086,120709,29574,0.451756,0.358829,0.196789,0.451756,135381000.0,724.27,platt_sigmoid,10000.0,1500.0,0.2,0.130435,economic_max_20pct_reject,xgboost,xgboost_05_missingness_challenger,missingness_challenger,XGBoost | missingness challenger
0.368883,186920,36450,150470,0.195003,0.804997,16483,19967,120828,29642,0.452209,0.357355,0.196996,0.452209,134879500.0,721.59,platt_sigmoid,10000.0,1500.0,0.2,0.130435,economic_max_20pct_reject,xgboost,xgboost_05_missingness_challenger,missingness_challenger,XGBoost | missingness challenger
0.369554,186920,36263,150657,0.194003,0.805997,16418,19845,120950,29707,0.452748,0.355946,0.197183,0.452748,134412500.0,719.09,platt_sigmoid,10000.0,1500.0,0.2,0.130435,economic_max_20pct_reject,xgboost,xgboost_05_missingness_challenger,missingness_challenger,XGBoost | missingness challenger
0.370217,186920,36076,150844,0.193002,0.806998,16351,19725,121070,29774,0.453238,0.354493,0.197383,0.453238,133922500.0,716.47,platt_sigmoid,10000.0,1500.0,0.2,0.130435,economic_max_20pct_reject,xgboost,xgboost_05_missingness_challenger,missingness_challenger,XGBoost | missingness challenger
0.370917,186920,35889,151031,0.192002,0.807998,16279,19610,121185,29846,0.453593,0.352932,0.197615,0.453593,133375000.0,713.54,platt_sigmoid,10000.0,1500.0,0.2,0.130435,economic_max_20pct_reject,xgboost,xgboost_05_missingness_challenger,missingness_challenger,XGBoost | missingness challenger
0.371627,186920,35702,151218,0.191001,0.808999,16209,19493,121302,29916,0.454008,0.351415,0.197834,0.454008,132850500.0,710.73,platt_sigmoid,10000.0,1500.0,0.2,0.130435,economic_max_20pct_reject,xgboost,xgboost_05_missingness_challenger,missingness_challenger,XGBoost | missingness challenger
0.372308,186920,35515,151405,0.190001,0.809999,16140,19375,121420,29985,0.454456,0.349919,0.198045,0.454456,132337500.0,707.99,platt_sigmoid,10000.0,1500.0,0.2,0.130435,economic_max_20pct_reject,xgboost,xgboost_05_missingness_challenger,missingness_challenger,XGBoost | missingness challenger
0.372982,186920,35328,151592,0.189001,0.810999,16075,19253,121542,30050,0.455022,0.348509,0.198229,0.455022,131870500.0,705.49,platt_sigmoid,10000.0,1500.0,0.2,0.130435,economic_max_20pct_reject,xgboost,xgboost_05_missingness_challenger,missingness_challenger,XGBoost | missingness challenger
0.373669,186920,35141,151779,0.188,0.812,15997,19144,121651,30128,0.455223,0.346818,0.198499,0.455223,131254000.0,702.19,platt_sigmoid,10000.0,1500.0,0.2,0.130435,economic_max_20pct_reject,xgboost,xgboost_05_missingness_challenger,missingness_challenger,XGBoost | missingness challenger
0.374363,186920,34954,151966,0.187,0.813,15922,19032,121763,30203,0.455513,0.345192,0.198748,0.455513,130672000.0,699.08,platt_sigmoid,10000.0,1500.0,0.2,0.130435,economic_max_20pct_reject,xgboost,xgboost_05_missingness_challenger,missingness_challenger,XGBoost | missingness challenger
0.374957,186920,34767,152153,0.185999,0.814001,15845,18922,121873,30280,0.455748,0.343523,0.19901,0.455748,130067000.0,695.84,platt_sigmoid,10000.0,1500.0,0.2,0.130435,economic_max_20pct_reject,xgboost,xgboost_05_missingness_challenger,missingness_challenger,XGBoost | missingness challenger
0.375649,186920,34581,152339,0.185004,0.814996,15766,18815,121980,30359,0.455915,0.34181,0.199286,0.455915,129437500.0,692.48,platt_sigmoid,10000.0,1500.0,0.2,0.130435,economic_max_20pct_reject,xgboost,xgboost_05_missingness_challenger,missingness_challenger,XGBoost | missingness challenger
0.376307,186920,34394,152526,0.184004,0.815996,15699,18695,122100,30426,0.456446,0.340358,0.199481,0.456446,128947500.0,689.85,platt_sigmoid,10000.0,1500.0,0.2,0.130435,economic_max_20pct_reject,xgboost,xgboost_05_missingness_challenger,missingness_challenger,XGBoost | missingness challenger
0.376907,186920,34207,152713,0.183003,0.816997,15639,18568,122227,30486,0.457187,0.339057,0.199629,0.457187,128538000.0,687.66,platt_sigmoid,10000.0,1500.0,0.2,0.130435,economic_max_20pct_reject,xgboost,xgboost_05_missingness_challenger,missingness_challenger,XGBoost | missingness challenger
0.377567,186920,34020,152900,0.182003,0.817997,15573,18447,122348,30552,0.45776,0.337626,0.199817,0.45776,128059500.0,685.1,platt_sigmoid,10000.0,1500.0,0.2,0.130435,economic_max_20pct_reject,xgboost,xgboost_05_missingness_challenger,missingness_challenger,XGBoost | missingness challenger
0.378271,186920,33833,153087,0.181003,0.818997,15499,18334,122461,30626,0.458103,0.336022,0.200056,0.458103,127489000.0,682.05,platt_sigmoid,10000.0,1500.0,0.2,0.130435,economic_max_20pct_reject,xgboost,xgboost_05_missingness_challenger,missingness_challenger,XGBoost | missingness challenger
0.378975,186920,33646,153274,0.180002,0.819998,15433,18213,122582,30692,0.458688,0.334591,0.200243,0.458688,127010500.0,679.49,platt_sigmoid,10000.0,1500.0,0.2,0.130435,economic_max_20pct_reject,xgboost,xgboost_05_missingness_challenger,missingness_challenger,XGBoost | missingness challenger
0.379715,186920,33459,153461,0.179002,0.820998,15368,18091,122704,30757,0.459308,0.333182,0.200422,0.459308,126543500.0,676.99,platt_sigmoid,10000.0,1500.0,0.2,0.130435,economic_max_20pct_reject,xgboost,xgboost_05_missingness_challenger,missingness_challenger,XGBoost | missingness challenger
0.380488,186920,33272,153648,0.178001,0.821999,15298,17974,122821,30827,0.459786,0.331664,0.200634,0.459786,126019000.0,674.19,platt_sigmoid,10000.0,1500.0,0.2,0.130435,economic_max_20pct_reject,xgboost,xgboost_05_missingness_challenger,missingness_challenger,XGBoost | missingness challenger
0.381222,186920,33085,153835,0.177001,0.822999,15219,17866,122929,30906,0.459997,0.329951,0.200904,0.459997,125391000.0,670.83,platt_sigmoid,10000.0,1500.0,0.2,0.130435,economic_max_20pct_reject,xgboost,xgboost_05_missingness_challenger,missingness_challenger,XGBoost | missingness challenger
0.381885,186920,32898,154022,0.176,0.824,15147,17751,123044,30978,0.460423,0.32839,0.201127,0.460423,124843500.0,667.9,platt_sigmoid,10000.0,1500.0,0.2,0.130435,economic_max_20pct_reject,xgboost,xgboost_05_missingness_challenger,missingness_challenger,XGBoost | missingness challenger
0.382645,186920,32711,154209,0.175,0.825,15082,17629,123166,31043,0.461068,0.326981,0.201305,0.461068,124376500.0,665.4,platt_sigmoid,10000.0,1500.0,0.2,0.130435,economic_max_20pct_reject,xgboost,xgboost_05_missingness_challenger,missingness_challenger,XGBoost | missingness challenger
0.383443,186920,32524,154396,0.174,0.826,15016,17508,123287,31109,0.46169,0.32555,0.201488,0.46169,123898000.0,662.84,platt_sigmoid,10000.0,1500.0,0.2,0.130435,economic_max_20pct_reject,xgboost,xgboost_05_missingness_challenger,missingness_challenger,XGBoost | missingness challenger
0.384216,186920,32337,154583,0.172999,0.827001,14947,17390,123405,31178,0.462226,0.324054,0.201691,0.462226,123385000.0,660.1,platt_sigmoid,10000.0,1500.0,0.2,0.130435,economic_max_20pct_reject,xgboost,xgboost_05_missingness_challenger,missingness_challenger,XGBoost | missingness challenger
0.384944,186920,32151,154769,0.172004,0.827996,14892,17259,123536,31233,0.463189,0.322862,0.201804,0.463189,123031500.0,658.2,platt_sigmoid,10000.0,1500.0,0.2,0.130435,economic_max_20pct_reject,xgboost,xgboost_05_missingness_challenger,missingness_challenger,XGBoost | missingness challenger
0.385724,186920,31964,154956,0.171004,0.828996,14825,17139,123656,31300,0.463803,0.321409,0.201993,0.463803,122541500.0,655.58,platt_sigmoid,10000.0,1500.0,0.2,0.130435,economic_max_20pct_reject,xgboost,xgboost_05_missingness_challenger,missingness_challenger,XGBoost | missingness challenger
0.386595,186920,31777,155143,0.170003,0.829997,14757,17020,123775,31368,0.464392,0.319935,0.202188,0.464392,122040000.0,652.9,platt_sigmoid,10000.0,1500.0,0.2,0.130435,economic_max_20pct_reject,xgboost,xgboost_05_missingness_challenger,missingness_challenger,XGBoost | missingness challenger
0.387468,186920,31590,155330,0.169003,0.830997,14692,16898,123897,31433,0.465084,0.318526,0.202363,0.465084,121573000.0,650.4,platt_sigmoid,10000.0,1500.0,0.2,0.130435,economic_max_20pct_reject,xgboost,xgboost_05_missingness_challenger,missingness_challenger,XGBoost | missingness challenger
0.388232,186920,31403,155517,0.168002,0.831998,14627,16776,124019,31498,0.465784,0.317117,0.202537,0.465784,121106000.0,647.9,platt_sigmoid,10000.0,1500.0,0.2,0.130435,economic_max_20pct_reject,xgboost,xgboost_05_missingness_challenger,missingness_challenger,XGBoost | missingness challenger
0.388947,186920,31216,155704,0.167002,0.832998,14556,16660,124135,31569,0.466299,0.315577,0.20275,0.466299,120570000.0,645.04,platt_sigmoid,10000.0,1500.0,0.2,0.130435,economic_max_20pct_reject,xgboost,xgboost_05_missingness_challenger,missingness_challenger,XGBoost | missingness challenger
0.389819,186920,31029,155891,0.166001,0.833999,14494,16535,124260,31631,0.467111,0.314233,0.202905,0.467111,120137500.0,642.72,platt_sigmoid,10000.0,1500.0,0.2,0.130435,economic_max_20pct_reject,xgboost,xgboost_05_missingness_challenger,missingness_challenger,XGBoost | missingness challenger
0.390606,186920,30842,156078,0.165001,0.834999,14420,16422,124373,31705,0.467544,0.312629,0.203136,0.467544,119567000.0,639.67,platt_sigmoid,10000.0,1500.0,0.2,0.130435,economic_max_20pct_reject,xgboost,xgboost_05_missingness_challenger,missingness_challenger,XGBoost | missingness challenger
0.391437,186920,30655,156265,0.164001,0.835999,14351,16304,124491,31774,0.468145,0.311133,0.203334,0.468145,119054000.0,636.92,platt_sigmoid,10000.0,1500.0,0.2,0.130435,economic_max_20pct_reject,xgboost,xgboost_05_missingness_challenger,missingness_challenger,XGBoost | missingness challenger
0.392252,186920,30468,156452,0.163,0.837,14275,16193,124602,31850,0.468524,0.309485,0.203577,0.468524,118460500.0,633.75,platt_sigmoid,10000.0,1500.0,0.2,0.130435,economic_max_20pct_reject,xgboost,xgboost_05_missingness_challenger,missingness_challenger,XGBoost | missingness challenger
0.393039,186920,30281,156639,0.162,0.838,14196,16085,124710,31929,0.468809,0.307772,0.203838,0.468809,117832500.0,630.39,platt_sigmoid,10000.0,1500.0,0.2,0.130435,economic_max_20pct_reject,xgboost,xgboost_05_missingness_challenger,missingness_challenger,XGBoost | missingness challenger
0.393873,186920,30094,156826,0.160999,0.839001,14116,15978,124817,32009,0.469064,0.306038,0.204105,0.469064,117193000.0,626.97,platt_sigmoid,10000.0,1500.0,0.2,0.130435,economic_max_20pct_reject,xgboost,xgboost_05_missingness_challenger,missingness_challenger,XGBoost | missingness challenger
0.394654,186920,29908,157012,0.160004,0.839996,14054,15854,124941,32071,0.469908,0.304694,0.204258,0.469908,116759000.0,624.65,platt_sigmoid,10000.0,1500.0,0.2,0.130435,economic_max_20pct_reject,xgboost,xgboost_05_missingness_challenger,missingness_challenger,XGBoost | missingness challenger
0.395486,186920,29721,157199,0.159004,0.840996,13985,15736,125059,32140,0.470543,0.303198,0.204454,0.470543,116246000.0,621.9,platt_sigmoid,10000.0,1500.0,0.2,0.130435,economic_max_20pct_reject,xgboost,xgboost_05_missingness_challenger,missingness_challenger,XGBoost | missingness challenger
0.396304,186920,29534,157386,0.158003,0.841997,13909,15625,125170,32216,0.470949,0.30155,0.204694,0.470949,115652500.0,618.73,platt_sigmoid,10000.0,1500.0,0.2,0.130435,economic_max_20pct_reject,xgboost,xgboost_05_missingness_challenger,missingness_challenger,XGBoost | missingness challenger
0.396997,186920,29347,157573,0.157003,0.842997,13846,15501,125294,32279,0.471803,0.300184,0.204851,0.471803,115208500.0,616.35,platt_sigmoid,10000.0,1500.0,0.2,0.130435,economic_max_20pct_reject,xgboost,xgboost_05_missingness_challenger,missingness_challenger,XGBoost | missingness challenger
0.397865,186920,29160,157760,0.156003,0.843997,13778,15382,125413,32347,0.472497,0.29871,0.205039,0.472497,114707000.0,613.67,platt_sigmoid,10000.0,1500.0,0.2,0.130435,economic_max_20pct_reject,xgboost,xgboost_05_missingness_challenger,missingness_challenger,XGBoost | missingness challenger
0.398751,186920,28973,157947,0.155002,0.844998,13714,15259,125536,32411,0.473337,0.297322,0.205202,0.473337,114251500.0,611.23,platt_sigmoid,10000.0,1500.0,0.2,0.130435,economic_max_20pct_reject,xgboost,xgboost_05_missingness_challenger,missingness_challenger,XGBoost | missingness challenger
0.39957,186920,28786,158134,0.154002,0.845998,13653,15133,125662,32472,0.474293,0.296,0.205345,0.474293,113830500.0,608.98,platt_sigmoid,10000.0,1500.0,0.2,0.130435,economic_max_20pct_reject,xgboost,xgboost_05_missingness_challenger,missingness_challenger,XGBoost | missingness challenger
0.400371,186920,28599,158321,0.153001,0.846999,13578,15021,125774,32547,0.474772,0.294374,0.205576,0.474772,113248500.0,605.87,platt_sigmoid,10000.0,1500.0,0.2,0.130435,economic_max_20pct_reject,xgboost,xgboost_05_missingness_challenger,missingness_challenger,XGBoost | missingness challenger
0.401251,186920,28412,158508,0.152001,0.847999,13512,14900,125895,32613,0.475574,0.292943,0.20575,0.475574,112770000.0,603.31,platt_sigmoid,10000.0,1500.0,0.2,0.130435,economic_max_20pct_reject,xgboost,xgboost_05_missingness_challenger,missingness_challenger,XGBoost | missingness challenger
0.402232,186920,28225,158695,0.151,0.849,13427,14798,125997,32698,0.475713,0.2911,0.206043,0.475713,112073000.0,599.58,platt_sigmoid,10000.0,1500.0,0.2,0.130435,economic_max_20pct_reject,xgboost,xgboost_05_missingness_challenger,missingness_challenger,XGBoost | missingness challenger
0.403015,186920,28038,158882,0.15,0.85,13356,14682,126113,32769,0.476354,0.289561,0.206247,0.476354,111537000.0,596.71,platt_sigmoid,10000.0,1500.0,0.2,0.130435,economic_max_20pct_reject,xgboost,xgboost_05_missingness_challenger,missingness_challenger,XGBoost | missingness challenger
0.403864,186920,27851,159069,0.149,0.851,13292,14559,126236,32833,0.477254,0.288173,0.206407,0.477254,111081500.0,594.27,platt_sigmoid,10000.0,1500.0,0.2,0.130435,economic_max_20pct_reject,xgboost,xgboost_05_missingness_challenger,missingness_challenger,XGBoost | missingness challenger
0.404834,186920,27665,159255,0.148004,0.851996,13236,14429,126366,32889,0.478438,0.286959,0.206518,0.478438,110716500.0,592.32,platt_sigmoid,10000.0,1500.0,0.2,0.130435,economic_max_20pct_reject,xgboost,xgboost_05_missingness_challenger,missingness_challenger,XGBoost | missingness challenger
0.405699,186920,27478,159442,0.147004,0.852996,13167,14311,126484,32958,0.479183,0.285463,0.206708,0.479183,110203500.0,589.58,platt_sigmoid,10000.0,1500.0,0.2,0.130435,economic_max_20pct_reject,xgboost,xgboost_05_missingness_challenger,missingness_challenger,XGBoost | missingness challenger
0.406468,186920,27291,159629,0.146004,0.853996,13099,14192,126603,33026,0.479975,0.283989,0.206892,0.479975,109702000.0,586.89,platt_sigmoid,10000.0,1500.0,0.2,0.130435,economic_max_20pct_reject,xgboost,xgboost_05_missingness_challenger,missingness_challenger,XGBoost | missingness challenger
0.407312,186920,27104,159816,0.145003,0.854997,13022,14082,126713,33103,0.480446,0.28232,0.207132,0.480446,109097000.0,583.66,platt_sigmoid,10000.0,1500.0,0.2,0.130435,economic_max_20pct_reject,xgboost,xgboost_05_missingness_challenger,missingness_challenger,XGBoost | missingness challenger
0.408194,186920,26917,160003,0.144003,0.855997,12945,13972,126823,33180,0.480923,0.28065,0.207371,0.480923,108492000.0,580.42,platt_sigmoid,10000.0,1500.0,0.2,0.130435,economic_max_20pct_reject,xgboost,xgboost_05_missingness_challenger,missingness_challenger,XGBoost | missingness challenger
0.409039,186920,26730,160190,0.143002,0.856998,12857,13873,126922,33268,0.480995,0.278743,0.207678,0.480995,107760500.0,576.51,platt_sigmoid,10000.0,1500.0,0.2,0.130435,economic_max_20pct_reject,xgboost,xgboost_05_missingness_challenger,missingness_challenger,XGBoost | missingness challenger
0.409872,186920,26543,160377,0.142002,0.857998,12784,13759,127036,33341,0.481634,0.27716,0.207891,0.481634,107201500.0,573.52,platt_sigmoid,10000.0,1500.0,0.2,0.130435,economic_max_20pct_reject,xgboost,xgboost_05_missingness_challenger,missingness_challenger,XGBoost | missingness challenger
0.41067,186920,26356,160564,0.141001,0.858999,12708,13648,127147,33417,0.482167,0.275512,0.208123,0.482167,106608000.0,570.34,platt_sigmoid,10000.0,1500.0,0.2,0.130435,economic_max_20pct_reject,xgboost,xgboost_05_missingness_challenger,missingness_challenger,XGBoost | missingness challenger
0.411487,186920,26169,160751,0.140001,0.859999,12630,13539,127256,33495,0.482632,0.273821,0.208366,0.482632,105991500.0,567.04,platt_sigmoid,10000.0,1500.0,0.2,0.130435,economic_max_20pct_reject,xgboost,xgboost_05_missingness_challenger,missingness_challenger,XGBoost | missingness challenger
0.412393,186920,25982,160938,0.139001,0.860999,12555,13427,127368,33570,0.483219,0.272195,0.20859,0.483219,105409500.0,563.93,platt_sigmoid,10000.0,1500.0,0.2,0.130435,economic_max_20pct_reject,xgboost,xgboost_05_missingness_challenger,missingness_challenger,XGBoost | missingness challenger
0.413254,186920,25795,161125,0.138,0.862,12484,13311,127484,33641,0.48397,0.270656,0.208788,0.48397,104873500.0,561.06,platt_sigmoid,10000.0,1500.0,0.2,0.130435,economic_max_20pct_reject,xgboost,xgboost_05_missingness_challenger,missingness_challenger,XGBoost | missingness challenger
0.414102,186920,25608,161312,0.137,0.863,12412,13196,127599,33713,0.484692,0.269095,0.208993,0.484692,104326000.0,558.13,platt_sigmoid,10000.0,1500.0,0.2,0.130435,economic_max_20pct_reject,xgboost,xgboost_05_missingness_challenger,missingness_challenger,XGBoost | missingness challenger
0.41495,186920,25421,161499,0.135999,0.864001,12337,13084,127711,33788,0.485307,0.267469,0.209215,0.485307,103744000.0,555.02,platt_sigmoid,10000.0,1500.0,0.2,0.130435,economic_max_20pct_reject,xgboost,xgboost_05_missingness_challenger,missingness_challenger,XGBoost | missingness challenger
0.415894,186920,25235,161685,0.135004,0.864996,12267,12968,127827,33858,0.486111,0.265951,0.209407,0.486111,103218000.0,552.2,platt_sigmoid,10000.0,1500.0,0.2,0.130435,economic_max_20pct_reject,xgboost,xgboost_05_missingness_challenger,missingness_challenger,XGBoost | missingness challenger
0.416758,186920,25048,161872,0.134004,0.865996,12197,12851,127944,33928,0.486945,0.264434,0.209598,0.486945,102693500.0,549.4,platt_sigmoid,10000.0,1500.0,0.2,0.130435,economic_max_20pct_reject,xgboost,xgboost_05_missingness_challenger,missingness_challenger,XGBoost | missingness challenger
0.417585,186920,24861,162059,0.133003,0.866997,12123,12738,128057,34002,0.487631,0.262829,0.209812,0.487631,102123000.0,546.35,platt_sigmoid,10000.0,1500.0,0.2,0.130435,economic_max_20pct_reject,xgboost,xgboost_05_missingness_challenger,missingness_challenger,XGBoost | missingness challenger
0.41846,186920,24674,162246,0.132003,0.867997,12035,12639,128156,34090,0.48776,0.260921,0.210113,0.48776,101391500.0,542.43,platt_sigmoid,10000.0,1500.0,0.2,0.130435,economic_max_20pct_reject,xgboost,xgboost_05_missingness_challenger,missingness_challenger,XGBoost | missingness challenger
0.41946,186920,24487,162433,0.131003,0.868997,11957,12530,128265,34168,0.4883,0.25923,0.210351,0.4883,100775000.0,539.13,platt_sigmoid,10000.0,1500.0,0.2,0.130435,economic_max_20pct_reject,xgboost,xgboost_05_missingness_challenger,missingness_challenger,XGBoost | missingness challenger
0.420473,186920,24300,162620,0.130002,0.869998,11880,12420,128375,34245,0.488889,0.257561,0.210583,0.488889,100170000.0,535.9,platt_sigmoid,10000.0,1500.0,0.2,0.130435,economic_max_20pct_reject,xgboost,xgboost_05_missingness_challenger,missingness_challenger,XGBoost | missingness challenger
0.421394,186920,24113,162807,0.129002,0.870998,11807,12306,128489,34318,0.489653,0.255978,0.210789,0.489653,99611000.0,532.91,platt_sigmoid,10000.0,1500.0,0.2,0.130435,economic_max_20pct_reject,xgboost,xgboost_05_missingness_challenger,missingness_challenger,XGBoost | missingness challenger
0.422287,186920,23926,162994,0.128001,0.871999,11731,12195,128600,34394,0.490303,0.254331,0.211014,0.490303,99017500.0,529.73,platt_sigmoid,10000.0,1500.0,0.2,0.130435,economic_max_20pct_reject,xgboost,xgboost_05_missingness_challenger,missingness_challenger,XGBoost | missingness challenger
0.423227,186920,23739,163181,0.127001,0.872999,11659,12080,128715,34466,0.491133,0.25277,0.211213,0.491133,98470000.0,526.8,platt_sigmoid,10000.0,1500.0,0.2,0.130435,economic_max_20pct_reject,xgboost,xgboost_05_missingness_challenger,missingness_challenger,XGBoost | missingness challenger
0.424103,186920,23552,163368,0.126,0.874,11599,11953,128842,34526,0.492485,0.251469,0.211339,0.492485,98060500.0,524.61,platt_sigmoid,10000.0,1500.0,0.2,0.130435,economic_max_20pct_reject,xgboost,xgboost_05_missingness_challenger,missingness_challenger,XGBoost | missingness challenger
0.425019,186920,23365,163555,0.125,0.875,11526,11839,128956,34599,0.493302,0.249886,0.211544,0.493302,97501500.0,521.62,platt_sigmoid,10000.0,1500.0,0.2,0.130435,economic_max_20pct_reject,xgboost,xgboost_05_missingness_challenger,missingness_challenger,XGBoost | missingness challenger
0.426011,186920,23178,163742,0.124,0.876,11437,11741,129054,34688,0.493442,0.247957,0.211845,0.493442,96758500.0,517.65,platt_sigmoid,10000.0,1500.0,0.2,0.130435,economic_max_20pct_reject,xgboost,xgboost_05_missingness_challenger,missingness_challenger,XGBoost | missingness challenger
0.426977,186920,22992,163928,0.123004,0.876996,11361,11631,129164,34764,0.494128,0.246309,0.212069,0.494128,96163500.0,514.46,platt_sigmoid,10000.0,1500.0,0.2,0.130435,economic_max_20pct_reject,xgboost,xgboost_05_missingness_challenger,missingness_challenger,XGBoost | missingness challenger
0.427908,186920,22805,164115,0.122004,0.877996,11278,11527,129268,34847,0.494541,0.244509,0.212333,0.494541,95489500.0,510.86,platt_sigmoid,10000.0,1500.0,0.2,0.130435,economic_max_20pct_reject,xgboost,xgboost_05_missingness_challenger,missingness_challenger,XGBoost | missingness challenger
0.428806,186920,22618,164302,0.121004,0.878996,11210,11408,129387,34915,0.495623,0.243035,0.212505,0.495623,94988000.0,508.17,platt_sigmoid,10000.0,1500.0,0.2,0.130435,economic_max_20pct_reject,xgboost,xgboost_05_missingness_challenger,missingness_challenger,XGBoost | missingness challenger
0.429816,186920,22431,164489,0.120003,0.879997,11141,11290,129505,34984,0.496679,0.241539,0.212683,0.496679,94475000.0,505.43,platt_sigmoid,10000.0,1500.0,0.2,0.130435,economic_max_20pct_reject,xgboost,xgboost_05_missingness_challenger,missingness_challenger,XGBoost | missingness challenger
0.430699,186920,22244,164676,0.119003,0.880997,11069,11175,129620,35056,0.497617,0.239978,0.212879,0.497617,93927500.0,502.5,platt_sigmoid,10000.0,1500.0,0.2,0.130435,economic_max_20pct_reject,xgboost,xgboost_05_missingness_challenger,missingness_challenger,XGBoost | missingness challenger
0.431608,186920,22057,164863,0.118002,0.881998,10993,11064,129731,35132,0.498391,0.238331,0.213098,0.498391,93334000.0,499.33,platt_sigmoid,10000.0,1500.0,0.2,0.130435,economic_max_20pct_reject,xgboost,xgboost_05_missingness_challenger,missingness_challenger,XGBoost | missingness challenger
0.432491,186920,21870,165050,0.117002,0.882998,10910,10960,129835,35215,0.498857,0.236531,0.21336,0.498857,92660000.0,495.72,platt_sigmoid,10000.0,1500.0,0.2,0.130435,economic_max_20pct_reject,xgboost,xgboost_05_missingness_challenger,missingness_challenger,XGBoost | missingness challenger
0.433356,186920,21683,165237,0.116001,0.883999,10834,10849,129946,35291,0.499654,0.234883,0.213578,0.499654,92066500.0,492.54,platt_sigmoid,10000.0,1500.0,0.2,0.130435,economic_max_20pct_reject,xgboost,xgboost_05_missingness_challenger,missingness_challenger,XGBoost | missingness challenger
0.434301,186920,21496,165424,0.115001,0.884999,10751,10745,130050,35374,0.50014,0.233084,0.213838,0.50014,91392500.0,488.94,platt_sigmoid,10000.0,1500.0,0.2,0.130435,economic_max_20pct_reject,xgboost,xgboost_05_missingness_challenger,missingness_challenger,XGBoost | missingness challenger
0.435252,186920,21309,165611,0.114001,0.885999,10672,10637,130158,35453,0.500821,0.231371,0.214074,0.500821,90764500.0,485.58,platt_sigmoid,10000.0,1500.0,0.2,0.130435,economic_max_20pct_reject,xgboost,xgboost_05_missingness_challenger,missingness_challenger,XGBoost | missingness challenger
0.436264,186920,21122,165798,0.113,0.887,10589,10533,130262,35536,0.501326,0.229572,0.214333,0.501326,90090500.0,481.97,platt_sigmoid,10000.0,1500.0,0.2,0.130435,economic_max_20pct_reject,xgboost,xgboost_05_missingness_challenger,missingness_challenger,XGBoost | missingness challenger
0.43719,186920,20935,165985,0.112,0.888,10521,10414,130381,35604,0.502556,0.228098,0.214501,0.502556,89589000.0,479.29,platt_sigmoid,10000.0,1500.0,0.2,0.130435,economic_max_20pct_reject,xgboost,xgboost_05_missingness_challenger,missingness_challenger,XGBoost | missingness challenger
0.438103,186920,20749,166171,0.111005,0.888995,10450,10299,130496,35675,0.503639,0.226558,0.214688,0.503639,89051500.0,476.42,platt_sigmoid,10000.0,1500.0,0.2,0.130435,economic_max_20pct_reject,xgboost,xgboost_05_missingness_challenger,missingness_challenger,XGBoost | missingness challenger
0.439098,186920,20562,166358,0.110004,0.889996,10371,10191,130604,35754,0.504377,0.224846,0.214922,0.504377,88423500.0,473.06,platt_sigmoid,10000.0,1500.0,0.2,0.130435,economic_max_20pct_reject,xgboost,xgboost_05_missingness_challenger,missingness_challenger,XGBoost | missingness challenger
0.439986,186920,20375,166545,0.109004,0.890996,10295,10080,130715,35830,0.505276,0.223198,0.215137,0.505276,87830000.0,469.88,platt_sigmoid,10000.0,1500.0,0.2,0.130435,economic_max_20pct_reject,xgboost,xgboost_05_missingness_challenger,missingness_challenger,XGBoost | missingness challenger
0.440932,186920,20188,166732,0.108003,0.891997,10225,9963,130832,35900,0.506489,0.22168,0.215316,0.506489,87305500.0,467.07,platt_sigmoid,10000.0,1500.0,0.2,0.130435,economic_max_20pct_reject,xgboost,xgboost_05_missingness_challenger,missingness_challenger,XGBoost | missingness challenger
0.441878,186920,20001,166919,0.107003,0.892997,10158,9843,130952,35967,0.507875,0.220228,0.215476,0.507875,86815500.0,464.45,platt_sigmoid,10000.0,1500.0,0.2,0.130435,economic_max_20pct_reject,xgboost,xgboost_05_missingness_challenger,missingness_challenger,XGBoost | missingness challenger
0.442879,186920,19814,167106,0.106003,0.893997,10089,9725,131070,36036,0.509185,0.218732,0.215648,0.509185,86302500.0,461.71,platt_sigmoid,10000.0,1500.0,0.2,0.130435,economic_max_20pct_reject,xgboost,xgboost_05_missingness_challenger,missingness_challenger,XGBoost | missingness challenger
0.44393,186920,19627,167293,0.105002,0.894998,10009,9618,131177,36116,0.509961,0.216997,0.215885,0.509961,85663000.0,458.29,platt_sigmoid,10000.0,1500.0,0.2,0.130435,economic_max_20pct_reject,xgboost,xgboost_05_missingness_challenger,missingness_challenger,XGBoost | missingness challenger
0.444905,186920,19440,167480,0.104002,0.895998,9933,9507,131288,36192,0.510957,0.21535,0.216097,0.510957,85069500.0,455.11,platt_sigmoid,10000.0,1500.0,0.2,0.130435,economic_max_20pct_reject,xgboost,xgboost_05_missingness_challenger,missingness_challenger,XGBoost | missingness challenger
0.445963,186920,19253,167667,0.103001,0.896999,9869,9384,131411,36256,0.512595,0.213962,0.216238,0.512595,84614000.0,452.67,platt_sigmoid,10000.0,1500.0,0.2,0.130435,economic_max_20pct_reject,xgboost,xgboost_05_missingness_challenger,missingness_challenger,XGBoost | missingness challenger
0.447053,186920,19066,167854,0.102001,0.897999,9783,9283,131512,36342,0.513112,0.212098,0.21651,0.513112,83905500.0,448.88,platt_sigmoid,10000.0,1500.0,0.2,0.130435,economic_max_20pct_reject,xgboost,xgboost_05_missingness_challenger,missingness_challenger,XGBoost | missingness challenger
0.44801,186920,18879,168041,0.101,0.899,9709,9170,131625,36416,0.514275,0.210493,0.216709,0.514275,83335000.0,445.83,platt_sigmoid,10000.0,1500.0,0.2,0.130435,economic_max_20pct_reject,xgboost,xgboost_05_missingness_challenger,missingness_challenger,XGBoost | missingness challenger
0.449088,186920,18692,168228,0.1,0.9,9613,9079,131716,36512,0.514284,0.208412,0.217039,0.514284,82511500.0,441.43,platt_sigmoid,10000.0,1500.0,0.2,0.130435,economic_max_20pct_reject,xgboost,xgboost_05_missingness_challenger,missingness_challenger,XGBoost | missingness challenger
0.450133,186920,18505,168415,0.099,0.901,9534,8971,131824,36591,0.515212,0.206699,0.217267,0.515212,81883500.0,438.07,platt_sigmoid,10000.0,1500.0,0.2,0.130435,economic_max_20pct_reject,xgboost,xgboost_05_missingness_challenger,missingness_challenger,XGBoost | missingness challenger
0.451325,186920,18319,168601,0.098004,0.901996,9447,8872,131923,36678,0.515694,0.204813,0.217543,0.515694,81162000.0,434.21,platt_sigmoid,10000.0,1500.0,0.2,0.130435,economic_max_20pct_reject,xgboost,xgboost_05_missingness_challenger,missingness_challenger,XGBoost | missingness challenger
0.452296,186920,18132,168788,0.097004,0.902996,9363,8769,132026,36762,0.51638,0.202992,0.2178,0.51638,80476500.0,430.54,platt_sigmoid,10000.0,1500.0,0.2,0.130435,economic_max_20pct_reject,xgboost,xgboost_05_missingness_challenger,missingness_challenger,XGBoost | missingness challenger
0.453437,186920,17945,168975,0.096004,0.903996,9284,8661,132134,36841,0.517359,0.201279,0.218026,0.517359,79848500.0,427.18,platt_sigmoid,10000.0,1500.0,0.2,0.130435,economic_max_20pct_reject,xgboost,xgboost_05_missingness_challenger,missingness_challenger,XGBoost | missingness challenger
0.454462,186920,17758,169162,0.095003,0.904997,9186,8572,132223,36939,0.517288,0.199154,0.218365,0.517288,79002000.0,422.65,platt_sigmoid,10000.0,1500.0,0.2,0.130435,economic_max_20pct_reject,xgboost,xgboost_05_missingness_challenger,missingness_challenger,XGBoost | missingness challenger
0.455505,186920,17571,169349,0.094003,0.905997,9094,8477,132318,37031,0.517557,0.19716,0.218667,0.517557,78224500.0,418.49,platt_sigmoid,10000.0,1500.0,0.2,0.130435,economic_max_20pct_reject,xgboost,xgboost_05_missingness_challenger,missingness_challenger,XGBoost | missingness challenger
0.456812,186920,17384,169536,0.093002,0.906998,9014,8370,132425,37111,0.518523,0.195425,0.218897,0.518523,77585000.0,415.07,platt_sigmoid,10000.0,1500.0,0.2,0.130435,economic_max_20pct_reject,xgboost,xgboost_05_missingness_challenger,missingness_challenger,XGBoost | missingness challenger
0.458001,186920,17197,169723,0.092002,0.907998,8934,8263,132532,37191,0.519509,0.193691,0.219128,0.519509,76945500.0,411.65,platt_sigmoid,10000.0,1500.0,0.2,0.130435,economic_max_20pct_reject,xgboost,xgboost_05_missingness_challenger,missingness_challenger,XGBoost | missingness challenger
0.45909,186920,17010,169910,0.091001,0.908999,8856,8154,132641,37269,0.520635,0.192,0.219346,0.520635,76329000.0,408.35,platt_sigmoid,10000.0,1500.0,0.2,0.130435,economic_max_20pct_reject,xgboost,xgboost_05_missingness_challenger,missingness_challenger,XGBoost | missingness challenger
0.460096,186920,16823,170097,0.090001,0.909999,8767,8056,132739,37358,0.521132,0.19007,0.219628,0.521132,75586000.0,404.38,platt_sigmoid,10000.0,1500.0,0.2,0.130435,economic_max_20pct_reject,xgboost,xgboost_05_missingness_challenger,missingness_challenger,XGBoost | missingness challenger
0.461224,186920,16636,170284,0.089001,0.910999,8685,7951,132844,37440,0.522061,0.188293,0.219868,0.522061,74923500.0,400.83,platt_sigmoid,10000.0,1500.0,0.2,0.130435,economic_max_20pct_reject,xgboost,xgboost_05_missingness_challenger,missingness_challenger,XGBoost | missingness challenger
0.462402,186920,16449,170471,0.088,0.912,8603,7846,132949,37522,0.523011,0.186515,0.220108,0.523011,74261000.0,397.29,platt_sigmoid,10000.0,1500.0,0.2,0.130435,economic_max_20pct_reject,xgboost,xgboost_05_missingness_challenger,missingness_challenger,XGBoost | missingness challenger
0.463454,186920,16262,170658,0.087,0.913,8529,7733,133062,37596,0.524474,0.184911,0.2203,0.524474,73690500.0,394.24,platt_sigmoid,10000.0,1500.0,0.2,0.130435,economic_max_20pct_reject,xgboost,xgboost_05_missingness_challenger,missingness_challenger,XGBoost | missingness challenger
0.464517,186920,16076,170844,0.086005,0.913995,8441,7635,133160,37684,0.525068,0.183003,0.220575,0.525068,72957500.0,390.31,platt_sigmoid,10000.0,1500.0,0.2,0.130435,economic_max_20pct_reject,xgboost,xgboost_05_missingness_challenger,missingness_challenger,XGBoost | missingness challenger
0.465626,186920,15889,171031,0.085004,0.914996,8360,7529,133266,37765,0.52615,0.181247,0.220808,0.52615,72306500.0,386.83,platt_sigmoid,10000.0,1500.0,0.2,0.130435,economic_max_20pct_reject,xgboost,xgboost_05_missingness_challenger,missingness_challenger,XGBoost | missingness challenger
0.466701,186920,15702,171218,0.084004,0.915996,8277,7425,133370,37848,0.52713,0.179447,0.221052,0.52713,71632500.0,383.23,platt_sigmoid,10000.0,1500.0,0.2,0.130435,economic_max_20pct_reject,xgboost,xgboost_05_missingness_challenger,missingness_challenger,XGBoost | missingness challenger
0.46774,186920,15515,171405,0.083003,0.916997,8188,7327,133468,37937,0.527747,0.177518,0.22133,0.527747,70889500.0,379.25,platt_sigmoid,10000.0,1500.0,0.2,0.130435,economic_max_20pct_reject,xgboost,xgboost_05_missingness_challenger,missingness_challenger,XGBoost | missingness challenger
0.468987,186920,15328,171592,0.082003,0.917997,8095,7233,133562,38030,0.528118,0.175501,0.22163,0.528118,70100500.0,375.03,platt_sigmoid,10000.0,1500.0,0.2,0.130435,economic_max_20pct_reject,xgboost,xgboost_05_missingness_challenger,missingness_challenger,XGBoost | missingness challenger
0.470121,186920,15141,171779,0.081003,0.918997,8009,7132,133663,38116,0.528961,0.173637,0.22189,0.528961,69392000.0,371.24,platt_sigmoid,10000.0,1500.0,0.2,0.130435,economic_max_20pct_reject,xgboost,xgboost_05_missingness_challenger,missingness_challenger,XGBoost | missingness challenger
0.471396,186920,14954,171966,0.080002,0.919998,7933,7021,133774,38192,0.530494,0.171989,0.22209,0.530494,68798500.0,368.06,platt_sigmoid,10000.0,1500.0,0.2,0.130435,economic_max_20pct_reject,xgboost,xgboost_05_missingness_challenger,missingness_challenger,XGBoost | missingness challenger
0.472584,186920,14767,172153,0.079002,0.920998,7846,6921,133874,38279,0.53132,0.170103,0.222355,0.53132,68078500.0,364.21,platt_sigmoid,10000.0,1500.0,0.2,0.130435,economic_max_20pct_reject,xgboost,xgboost_05_missingness_challenger,missingness_challenger,XGBoost | missingness challenger
0.473754,186920,14580,172340,0.078001,0.921999,7759,6821,133974,38366,0.532167,0.168217,0.222618,0.532167,67358500.0,360.36,platt_sigmoid,10000.0,1500.0,0.2,0.130435,economic_max_20pct_reject,xgboost,xgboost_05_missingness_challenger,missingness_challenger,XGBoost | missingness challenger
0.474887,186920,14393,172527,0.077001,0.922999,7678,6715,134080,38447,0.533454,0.166461,0.222846,0.533454,66707500.0,356.88,platt_sigmoid,10000.0,1500.0,0.2,0.130435,economic_max_20pct_reject,xgboost,xgboost_05_missingness_challenger,missingness_challenger,XGBoost | missingness challenger
0.47608,186920,14206,172714,0.076,0.924,7593,6613,134182,38532,0.534492,0.164618,0.223097,0.534492,66010500.0,353.15,platt_sigmoid,10000.0,1500.0,0.2,0.130435,economic_max_20pct_reject,xgboost,xgboost_05_missingness_challenger,missingness_challenger,XGBoost | missingness challenger
0.477236,186920,14019,172901,0.075,0.925,7504,6515,134280,38621,0.535274,0.162688,0.223371,0.535274,65267500.0,349.17,platt_sigmoid,10000.0,1500.0,0.2,0.130435,economic_max_20pct_reject,xgboost,xgboost_05_missingness_challenger,missingness_challenger,XGBoost | missingness challenger
0.478533,186920,13833,173087,0.074005,0.925995,7415,6418,134377,38710,0.536037,0.160759,0.223645,0.536037,64523000.0,345.19,platt_sigmoid,10000.0,1500.0,0.2,0.130435,economic_max_20pct_reject,xgboost,xgboost_05_missingness_challenger,missingness_challenger,XGBoost | missingness challenger
0.479889,186920,13646,173274,0.073004,0.926996,7327,6319,134476,38798,0.536934,0.158851,0.223911,0.536934,63791500.0,341.28,platt_sigmoid,10000.0,1500.0,0.2,0.130435,economic_max_20pct_reject,xgboost,xgboost_05_missingness_challenger,missingness_challenger,XGBoost | missingness challenger
0.481142,186920,13459,173461,0.072004,0.927996,7243,6216,134579,38882,0.538153,0.15703,0.224154,0.538153,63106000.0,337.61,platt_sigmoid,10000.0,1500.0,0.2,0.130435,economic_max_20pct_reject,xgboost,xgboost_05_missingness_challenger,missingness_challenger,XGBoost | missingness challenger
0.482355,186920,13272,173648,0.071004,0.928996,7150,6122,134673,38975,0.538728,0.155014,0.224448,0.538728,62317000.0,333.39,platt_sigmoid,10000.0,1500.0,0.2,0.130435,economic_max_20pct_reject,xgboost,xgboost_05_missingness_challenger,missingness_challenger,XGBoost | missingness challenger
0.483708,186920,13085,173835,0.070003,0.929997,7071,6014,134781,39054,0.54039,0.153301,0.224661,0.54039,61689000.0,330.03,platt_sigmoid,10000.0,1500.0,0.2,0.130435,economic_max_20pct_reject,xgboost,xgboost_05_missingness_challenger,missingness_challenger,XGBoost | missingness challenger
0.48492,186920,12898,174022,0.069003,0.930997,6987,5911,134884,39138,0.541712,0.15148,0.224903,0.541712,61003500.0,326.36,platt_sigmoid,10000.0,1500.0,0.2,0.130435,economic_max_20pct_reject,xgboost,xgboost_05_missingness_challenger,missingness_challenger,XGBoost | missingness challenger
0.486183,186920,12711,174209,0.068002,0.931998,6911,5800,134995,39214,0.543702,0.149832,0.225097,0.543702,60410000.0,323.19,platt_sigmoid,10000.0,1500.0,0.2,0.130435,economic_max_20pct_reject,xgboost,xgboost_05_missingness_challenger,missingness_challenger,XGBoost | missingness challenger
0.487365,186920,12524,174396,0.067002,0.932998,6823,5701,135094,39302,0.544794,0.147924,0.225361,0.544794,59678500.0,319.27,platt_sigmoid,10000.0,1500.0,0.2,0.130435,economic_max_20pct_reject,xgboost,xgboost_05_missingness_challenger,missingness_challenger,XGBoost | missingness challenger
0.488659,186920,12337,174583,0.066001,0.933999,6736,5601,135194,39389,0.546,0.146038,0.225618,0.546,58958500.0,315.42,platt_sigmoid,10000.0,1500.0,0.2,0.130435,economic_max_20pct_reject,xgboost,xgboost_05_missingness_challenger,missingness_challenger,XGBoost | missingness challenger
0.489994,186920,12150,174770,0.065001,0.934999,6634,5516,135279,39491,0.546008,0.143827,0.22596,0.546008,58066000.0,310.65,platt_sigmoid,10000.0,1500.0,0.2,0.130435,economic_max_20pct_reject,xgboost,xgboost_05_missingness_challenger,missingness_challenger,XGBoost | missingness challenger
0.491183,186920,11963,174957,0.064001,0.935999,6545,5418,135377,39580,0.547104,0.141897,0.226227,0.547104,57323000.0,306.67,platt_sigmoid,10000.0,1500.0,0.2,0.130435,economic_max_20pct_reject,xgboost,xgboost_05_missingness_challenger,missingness_challenger,XGBoost | missingness challenger
0.492437,186920,11776,175144,0.063,0.937,6453,5323,135472,39672,0.547979,0.139902,0.226511,0.547979,56545500.0,302.51,platt_sigmoid,10000.0,1500.0,0.2,0.130435,economic_max_20pct_reject,xgboost,xgboost_05_missingness_challenger,missingness_challenger,XGBoost | missingness challenger
0.493762,186920,11589,175331,0.062,0.938,6358,5231,135564,39767,0.548624,0.137843,0.226811,0.548624,55733500.0,298.17,platt_sigmoid,10000.0,1500.0,0.2,0.130435,economic_max_20pct_reject,xgboost,xgboost_05_missingness_challenger,missingness_challenger,XGBoost | missingness challenger
0.494985,186920,11403,175517,0.061005,0.938995,6273,5130,135665,39852,0.550118,0.136,0.227055,0.550118,55035000.0,294.43,platt_sigmoid,10000.0,1500.0,0.2,0.130435,economic_max_20pct_reject,xgboost,xgboost_05_missingness_challenger,missingness_challenger,XGBoost | missingness challenger
0.496384,186920,11216,175704,0.060004,0.939996,6169,5047,135748,39956,0.550018,0.133745,0.227405,0.550018,54119500.0,289.53,platt_sigmoid,10000.0,1500.0,0.2,0.130435,economic_max_20pct_reject,xgboost,xgboost_05_missingness_challenger,missingness_challenger,XGBoost | missingness challenger
0.497735,186920,11029,175891,0.059004,0.940996,6077,4952,135843,40048,0.551002,0.131751,0.227686,0.551002,53342000.0,285.37,platt_sigmoid,10000.0,1500.0,0.2,0.130435,economic_max_20pct_reject,xgboost,xgboost_05_missingness_challenger,missingness_challenger,XGBoost | missingness challenger
0.499061,186920,10842,176078,0.058003,0.941997,5987,4855,135940,40138,0.552204,0.129799,0.227956,0.552204,52587500.0,281.34,platt_sigmoid,10000.0,1500.0,0.2,0.130435,economic_max_20pct_reject,xgboost,xgboost_05_missingness_challenger,missingness_challenger,XGBoost | missingness challenger
0.500605,186920,10655,176265,0.057003,0.942997,5898,4757,136038,40227,0.553543,0.12787,0.228219,0.553543,51844500.0,277.36,platt_sigmoid,10000.0,1500.0,0.2,0.130435,economic_max_20pct_reject,xgboost,xgboost_05_missingness_challenger,missingness_challenger,XGBoost | missingness challenger
0.502095,186920,10468,176452,0.056003,0.943997,5805,4663,136132,40320,0.554547,0.125854,0.228504,0.554547,51055500.0,273.14,platt_sigmoid,10000.0,1500.0,0.2,0.130435,economic_max_20pct_reject,xgboost,xgboost_05_missingness_challenger,missingness_challenger,XGBoost | missingness challenger
0.503437,186920,10281,176639,0.055002,0.944998,5717,4564,136231,40408,0.556074,0.123946,0.22876,0.556074,50324000.0,269.23,platt_sigmoid,10000.0,1500.0,0.2,0.130435,economic_max_20pct_reject,xgboost,xgboost_05_missingness_challenger,missingness_challenger,XGBoost | missingness challenger
0.50462,186920,10094,176826,0.054002,0.945998,5622,4472,136323,40503,0.556965,0.121886,0.229056,0.556965,49512000.0,264.88,platt_sigmoid,10000.0,1500.0,0.2,0.130435,economic_max_20pct_reject,xgboost,xgboost_05_missingness_challenger,missingness_challenger,XGBoost | missingness challenger
0.505981,186920,9907,177013,0.053001,0.946999,5529,4378,136417,40596,0.55809,0.11987,0.229339,0.55809,48723000.0,260.66,platt_sigmoid,10000.0,1500.0,0.2,0.130435,economic_max_20pct_reject,xgboost,xgboost_05_missingness_challenger,missingness_challenger,XGBoost | missingness challenger
0.507391,186920,9720,177200,0.052001,0.947999,5439,4281,136514,40686,0.559568,0.117919,0.229605,0.559568,47968500.0,256.63,platt_sigmoid,10000.0,1500.0,0.2,0.130435,economic_max_20pct_reject,xgboost,xgboost_05_missingness_challenger,missingness_challenger,XGBoost | missingness challenger
0.508986,186920,9533,177387,0.051,0.949,5349,4184,136611,40776,0.561104,0.115967,0.22987,0.561104,47214000.0,252.59,platt_sigmoid,10000.0,1500.0,0.2,0.130435,economic_max_20pct_reject,xgboost,xgboost_05_missingness_challenger,missingness_challenger,XGBoost | missingness challenger
0.510505,186920,9346,177574,0.05,0.95,5247,4099,136696,40878,0.561417,0.113756,0.230203,0.561417,46321500.0,247.81,platt_sigmoid,10000.0,1500.0,0.2,0.130435,economic_max_20pct_reject,xgboost,xgboost_05_missingness_challenger,missingness_challenger,XGBoost | missingness challenger
0.51198,186920,9160,177760,0.049005,0.950995,5154,4006,136789,40971,0.562664,0.11174,0.230485,0.562664,45531000.0,243.59,platt_sigmoid,10000.0,1500.0,0.2,0.130435,economic_max_20pct_reject,xgboost,xgboost_05_missingness_challenger,missingness_challenger,XGBoost | missingness challenger
0.513449,186920,8973,177947,0.048004,0.951996,5049,3924,136871,41076,0.562688,0.109463,0.230833,0.562688,44604000.0,238.63,platt_sigmoid,10000.0,1500.0,0.2,0.130435,economic_max_20pct_reject,xgboost,xgboost_05_missingness_challenger,missingness_challenger,XGBoost | missingness challenger
0.514966,186920,8786,178134,0.047004,0.952996,4957,3829,136966,41168,0.564193,0.107469,0.231107,0.564193,43826500.0,234.47,platt_sigmoid,10000.0,1500.0,0.2,0.130435,economic_max_20pct_reject,xgboost,xgboost_05_missingness_challenger,missingness_challenger,XGBoost | missingness challenger
0.516463,186920,8599,178321,0.046004,0.953996,4863,3736,137059,41262,0.565531,0.105431,0.231392,0.565531,43026000.0,230.18,platt_sigmoid,10000.0,1500.0,0.2,0.130435,economic_max_20pct_reject,xgboost,xgboost_05_missingness_challenger,missingness_challenger,XGBoost | missingness challenger
0.518026,186920,8412,178508,0.045003,0.954997,4753,3659,137136,41372,0.565026,0.103046,0.231766,0.565026,42041500.0,224.92,platt_sigmoid,10000.0,1500.0,0.2,0.130435,economic_max_20pct_reject,xgboost,xgboost_05_missingness_challenger,missingness_challenger,XGBoost | missingness challenger
0.519657,186920,8225,178695,0.044003,0.955997,4657,3568,137227,41468,0.566201,0.100965,0.23206,0.566201,41218000.0,220.51,platt_sigmoid,10000.0,1500.0,0.2,0.130435,economic_max_20pct_reject,xgboost,xgboost_05_missingness_challenger,missingness_challenger,XGBoost | missingness challenger
0.521225,186920,8038,178882,0.043002,0.956998,4560,3478,137317,41565,0.567305,0.098862,0.23236,0.567305,40383000.0,216.04,platt_sigmoid,10000.0,1500.0,0.2,0.130435,economic_max_20pct_reject,xgboost,xgboost_05_missingness_challenger,missingness_challenger,XGBoost | missingness challenger
0.522691,186920,7851,179069,0.042002,0.957998,4467,3384,137411,41658,0.568972,0.096846,0.232637,0.568972,39594000.0,211.82,platt_sigmoid,10000.0,1500.0,0.2,0.130435,economic_max_20pct_reject,xgboost,xgboost_05_missingness_challenger,missingness_challenger,XGBoost | missingness challenger
0.524315,186920,7664,179256,0.041001,0.958999,4375,3289,137506,41750,0.570851,0.094851,0.232907,0.570851,38816500.0,207.66,platt_sigmoid,10000.0,1500.0,0.2,0.130435,economic_max_20pct_reject,xgboost,xgboost_05_missingness_challenger,missingness_challenger,XGBoost | missingness challenger
0.525909,186920,7477,179443,0.040001,0.959999,4279,3198,137597,41846,0.572288,0.09277,0.233199,0.572288,37993000.0,203.26,platt_sigmoid,10000.0,1500.0,0.2,0.130435,economic_max_20pct_reject,xgboost,xgboost_05_missingness_challenger,missingness_challenger,XGBoost | missingness challenger
0.527359,186920,7290,179630,0.039001,0.960999,4193,3097,137698,41932,0.575171,0.090905,0.233435,0.575171,37284500.0,199.47,platt_sigmoid,10000.0,1500.0,0.2,0.130435,economic_max_20pct_reject,xgboost,xgboost_05_missingness_challenger,missingness_challenger,XGBoost | missingness challenger
0.528962,186920,7103,179817,0.038,0.962,4108,2995,137800,42017,0.578347,0.089062,0.233665,0.578347,36587500.0,195.74,platt_sigmoid,10000.0,1500.0,0.2,0.130435,economic_max_20pct_reject,xgboost,xgboost_05_missingness_challenger,missingness_challenger,XGBoost | missingness challenger
0.530674,186920,6917,180003,0.037005,0.962995,4004,2913,137882,42121,0.578864,0.086808,0.234002,0.578864,35670500.0,190.83,platt_sigmoid,10000.0,1500.0,0.2,0.130435,economic_max_20pct_reject,xgboost,xgboost_05_missingness_challenger,missingness_challenger,XGBoost | missingness challenger
0.532384,186920,6730,180190,0.036005,0.963995,3913,2817,137978,42212,0.581426,0.084835,0.234264,0.581426,34904500.0,186.73,platt_sigmoid,10000.0,1500.0,0.2,0.130435,economic_max_20pct_reject,xgboost,xgboost_05_missingness_challenger,missingness_challenger,XGBoost | missingness challenger
0.533851,186920,6543,180377,0.035004,0.964996,3805,2738,138057,42320,0.581538,0.082493,0.23462,0.581538,33943000.0,181.59,platt_sigmoid,10000.0,1500.0,0.2,0.130435,economic_max_20pct_reject,xgboost,xgboost_05_missingness_challenger,missingness_challenger,XGBoost | missingness challenger
0.535614,186920,6356,180564,0.034004,0.965996,3718,2638,138157,42407,0.584959,0.080607,0.234859,0.584959,33223000.0,177.74,platt_sigmoid,10000.0,1500.0,0.2,0.130435,economic_max_20pct_reject,xgboost,xgboost_05_missingness_challenger,missingness_challenger,XGBoost | missingness challenger
0.537339,186920,6169,180751,0.033003,0.966997,3624,2545,138250,42501,0.587453,0.078569,0.235136,0.587453,32422500.0,173.46,platt_sigmoid,10000.0,1500.0,0.2,0.130435,economic_max_20pct_reject,xgboost,xgboost_05_missingness_challenger,missingness_challenger,XGBoost | missingness challenger
0.539217,186920,5982,180938,0.032003,0.967997,3525,2457,138338,42600,0.589268,0.076423,0.23544,0.589268,31564500.0,168.87,platt_sigmoid,10000.0,1500.0,0.2,0.130435,economic_max_20pct_reject,xgboost,xgboost_05_missingness_challenger,missingness_challenger,XGBoost | missingness challenger
0.540892,186920,5795,181125,0.031003,0.968997,3429,2366,138429,42696,0.591717,0.074341,0.235727,0.591717,30741000.0,164.46,platt_sigmoid,10000.0,1500.0,0.2,0.130435,economic_max_20pct_reject,xgboost,xgboost_05_missingness_challenger,missingness_challenger,XGBoost | missingness challenger
0.542744,186920,5608,181312,0.030002,0.969998,3336,2272,138523,42789,0.594864,0.072325,0.235997,0.594864,29952000.0,160.24,platt_sigmoid,10000.0,1500.0,0.2,0.130435,economic_max_20pct_reject,xgboost,xgboost_05_missingness_challenger,missingness_challenger,XGBoost | missingness challenger
0.544495,186920,5421,181499,0.029002,0.970998,3231,2190,138605,42894,0.596015,0.070049,0.236332,0.596015,29025000.0,155.28,platt_sigmoid,10000.0,1500.0,0.2,0.130435,economic_max_20pct_reject,xgboost,xgboost_05_missingness_challenger,missingness_challenger,XGBoost | missingness challenger
0.546164,186920,5234,181686,0.028001,0.971999,3121,2113,138682,43004,0.596293,0.067664,0.236694,0.596293,28040500.0,150.01,platt_sigmoid,10000.0,1500.0,0.2,0.130435,economic_max_20pct_reject,xgboost,xgboost_05_missingness_challenger,missingness_challenger,XGBoost | missingness challenger
0.548008,186920,5047,181873,0.027001,0.972999,3019,2028,138767,43106,0.598177,0.065453,0.237012,0.598177,27148000.0,145.24,platt_sigmoid,10000.0,1500.0,0.2,0.130435,economic_max_20pct_reject,xgboost,xgboost_05_missingness_challenger,missingness_challenger,XGBoost | missingness challenger
0.549991,186920,4860,182060,0.026,0.974,2912,1948,138847,43213,0.599177,0.063133,0.237356,0.599177,26198000.0,140.16,platt_sigmoid,10000.0,1500.0,0.2,0.130435,economic_max_20pct_reject,xgboost,xgboost_05_missingness_challenger,missingness_challenger,XGBoost | missingness challenger
0.551907,186920,4673,182247,0.025,0.975,2806,1867,138928,43319,0.600471,0.060835,0.237694,0.600471,25259500.0,135.14,platt_sigmoid,10000.0,1500.0,0.2,0.130435,economic_max_20pct_reject,xgboost,xgboost_05_missingness_challenger,missingness_challenger,XGBoost | missingness challenger
0.553814,186920,4487,182433,0.024005,0.975995,2698,1789,139006,43427,0.601293,0.058493,0.238044,0.601293,24296500.0,129.98,platt_sigmoid,10000.0,1500.0,0.2,0.130435,economic_max_20pct_reject,xgboost,xgboost_05_missingness_challenger,missingness_challenger,XGBoost | missingness challenger
0.555977,186920,4300,182620,0.023004,0.976996,2604,1696,139099,43521,0.605581,0.056455,0.238315,0.605581,23496000.0,125.7,platt_sigmoid,10000.0,1500.0,0.2,0.130435,economic_max_20pct_reject,xgboost,xgboost_05_missingness_challenger,missingness_challenger,XGBoost | missingness challenger
0.557862,186920,4113,182807,0.022004,0.977996,2501,1612,139183,43624,0.608072,0.054222,0.238634,0.608072,22592000.0,120.86,platt_sigmoid,10000.0,1500.0,0.2,0.130435,economic_max_20pct_reject,xgboost,xgboost_05_missingness_challenger,missingness_challenger,XGBoost | missingness challenger
0.559895,186920,3926,182994,0.021004,0.978996,2400,1526,139269,43725,0.611309,0.052033,0.238942,0.611309,21711000.0,116.15,platt_sigmoid,10000.0,1500.0,0.2,0.130435,economic_max_20pct_reject,xgboost,xgboost_05_missingness_challenger,missingness_challenger,XGBoost | missingness challenger
0.562151,186920,3739,183181,0.020003,0.979997,2285,1454,139341,43840,0.611126,0.049539,0.239326,0.611126,20669000.0,110.58,platt_sigmoid,10000.0,1500.0,0.2,0.130435,economic_max_20pct_reject,xgboost,xgboost_05_missingness_challenger,missingness_challenger,XGBoost | missingness challenger
0.564242,186920,3552,183368,0.019003,0.980997,2175,1377,139418,43950,0.612331,0.047154,0.239682,0.612331,19684500.0,105.31,platt_sigmoid,10000.0,1500.0,0.2,0.130435,economic_max_20pct_reject,xgboost,xgboost_05_missingness_challenger,missingness_challenger,XGBoost | missingness challenger
0.566483,186920,3365,183555,0.018002,0.981998,2076,1289,139506,44049,0.616939,0.045008,0.239977,0.616939,18826500.0,100.72,platt_sigmoid,10000.0,1500.0,0.2,0.130435,economic_max_20pct_reject,xgboost,xgboost_05_missingness_challenger,missingness_challenger,XGBoost | missingness challenger
0.568773,186920,3178,183742,0.017002,0.982998,1983,1195,139600,44142,0.623977,0.042992,0.240239,0.623977,18037500.0,96.5,platt_sigmoid,10000.0,1500.0,0.2,0.130435,economic_max_20pct_reject,xgboost,xgboost_05_missingness_challenger,missingness_challenger,XGBoost | missingness challenger
0.57092,186920,2991,183929,0.016001,0.983999,1880,1111,139684,44245,0.628552,0.040759,0.240555,0.628552,17133500.0,91.66,platt_sigmoid,10000.0,1500.0,0.2,0.130435,economic_max_20pct_reject,xgboost,xgboost_05_missingness_challenger,missingness_challenger,XGBoost | missingness challenger
0.573257,186920,2804,184116,0.015001,0.984999,1776,1028,139767,44349,0.633381,0.038504,0.240875,0.633381,16218000.0,86.76,platt_sigmoid,10000.0,1500.0,0.2,0.130435,economic_max_20pct_reject,xgboost,xgboost_05_missingness_challenger,missingness_challenger,XGBoost | missingness challenger
0.575488,186920,2617,184303,0.014001,0.985999,1665,952,139843,44460,0.636225,0.036098,0.241233,0.636225,15222000.0,81.44,platt_sigmoid,10000.0,1500.0,0.2,0.130435,economic_max_20pct_reject,xgboost,xgboost_05_missingness_challenger,missingness_challenger,XGBoost | missingness challenger
0.577976,186920,2430,184490,0.013,0.987,1564,866,139929,44561,0.643621,0.033908,0.241536,0.643621,14341000.0,76.72,platt_sigmoid,10000.0,1500.0,0.2,0.130435,economic_max_20pct_reject,xgboost,xgboost_05_missingness_challenger,missingness_challenger,XGBoost | missingness challenger
0.580947,186920,2244,184676,0.012005,0.987995,1446,798,139997,44679,0.644385,0.03135,0.241932,0.644385,13263000.0,70.96,platt_sigmoid,10000.0,1500.0,0.2,0.130435,economic_max_20pct_reject,xgboost,xgboost_05_missingness_challenger,missingness_challenger,XGBoost | missingness challenger
0.583896,186920,2057,184863,0.011005,0.988995,1326,731,140064,44799,0.644628,0.028748,0.242336,0.644628,12163500.0,65.07,platt_sigmoid,10000.0,1500.0,0.2,0.130435,economic_max_20pct_reject,xgboost,xgboost_05_missingness_challenger,missingness_challenger,XGBoost | missingness challenger
0.587009,186920,1870,185050,0.010004,0.989996,1197,673,140122,44928,0.640107,0.025951,0.242788,0.640107,10960500.0,58.64,platt_sigmoid,10000.0,1500.0,0.2,0.130435,economic_max_20pct_reject,xgboost,xgboost_05_missingness_challenger,missingness_challenger,XGBoost | missingness challenger
0.589946,186920,1683,185237,0.009004,0.990996,1085,598,140197,45040,0.644682,0.023523,0.243148,0.644682,9953000.0,53.25,platt_sigmoid,10000.0,1500.0,0.2,0.130435,economic_max_20pct_reject,xgboost,xgboost_05_missingness_challenger,missingness_challenger,XGBoost | missingness challenger
0.593075,186920,1496,185424,0.008003,0.991997,969,527,140268,45156,0.647727,0.021008,0.243528,0.647727,8899500.0,47.61,platt_sigmoid,10000.0,1500.0,0.2,0.130435,economic_max_20pct_reject,xgboost,xgboost_05_missingness_challenger,missingness_challenger,XGBoost | missingness challenger
0.59687,186920,1309,185611,0.007003,0.992997,859,450,140345,45266,0.656226,0.018623,0.243876,0.656226,7915000.0,42.34,platt_sigmoid,10000.0,1500.0,0.2,0.130435,economic_max_20pct_reject,xgboost,xgboost_05_missingness_challenger,missingness_challenger,XGBoost | missingness challenger
0.600654,186920,1122,185798,0.006003,0.993997,746,376,140419,45379,0.664884,0.016173,0.244238,0.664884,6896000.0,36.89,platt_sigmoid,10000.0,1500.0,0.2,0.130435,economic_max_20pct_reject,xgboost,xgboost_05_missingness_challenger,missingness_challenger,XGBoost | missingness challenger
0.604321,186920,935,185985,0.005002,0.994998,628,307,140488,45497,0.671658,0.013615,0.244627,0.671658,5819500.0,31.13,platt_sigmoid,10000.0,1500.0,0.2,0.130435,economic_max_20pct_reject,xgboost,xgboost_05_missingness_challenger,missingness_challenger,XGBoost | missingness challenger
0.608239,186920,748,186172,0.004002,0.995998,506,242,140553,45619,0.676471,0.01097,0.245037,0.676471,4697000.0,25.13,platt_sigmoid,10000.0,1500.0,0.2,0.130435,economic_max_20pct_reject,xgboost,xgboost_05_missingness_challenger,missingness_challenger,XGBoost | missingness challenger
0.613521,186920,561,186359,0.003001,0.996999,390,171,140624,45735,0.695187,0.008455,0.245413,0.695187,3643500.0,19.49,platt_sigmoid,10000.0,1500.0,0.2,0.130435,economic_max_20pct_reject,xgboost,xgboost_05_missingness_challenger,missingness_challenger,XGBoost | missingness challenger
0.620242,186920,374,186546,0.002001,0.997999,265,109,140686,45860,0.708556,0.005745,0.245837,0.708556,2486500.0,13.3,platt_sigmoid,10000.0,1500.0,0.2,0.130435,economic_max_20pct_reject,xgboost,xgboost_05_missingness_challenger,missingness_challenger,XGBoost | missingness challenger
0.629135,186920,187,186733,0.001,0.999,145,42,140753,45980,0.775401,0.003144,0.246234,0.775401,1387000.0,7.42,platt_sigmoid,10000.0,1500.0,0.2,0.130435,economic_max_20pct_reject,xgboost,xgboost_05_missingness_challenger,missingness_challenger,XGBoost | missingness challenger
0.663326,186920,1,186919,5e-06,0.999995,1,0,140795,46124,1.0,2.2e-05,0.246759,1.0,10000.0,0.05,platt_sigmoid,10000.0,1500.0,0.2,0.130435,economic_max_20pct_reject,xgboost,xgboost_05_missingness_challenger,missingness_challenger,XGBoost | missingness challenger
1.0,186920,0,186920,0.0,1.0,0,0,140795,46125,,0.0,0.246763,,0.0,0.0,platt_sigmoid,10000.0,1500.0,0.2,0.130435,economic_max_20pct_reject,xgboost,xgboost_05_missingness_challenger,missingness_challenger,XGBoost | missingness challenger
0.368465,186920,37057,149863,0.198251,0.801749,16717,20340,120455,29408,0.451116,0.362428,0.196233,0.451116,136660000.0,731.11,isotonic,10000.0,1500.0,0.2,0.130435,economic_max_20pct_reject,xgboost,xgboost_05_missingness_challenger,missingness_challenger,XGBoost | missingness challenger
0.36983,186920,31032,155888,0.166018,0.833982,14497,16535,124260,31628,0.467163,0.314298,0.202889,0.467163,120167500.0,642.88,isotonic,10000.0,1500.0,0.2,0.130435,economic_max_20pct_reject,xgboost,xgboost_05_missingness_challenger,missingness_challenger,XGBoost | missingness challenger
0.373394,186920,30621,156299,0.163819,0.836181,14345,16276,124519,31780,0.468469,0.311003,0.203328,0.468469,119036000.0,636.83,isotonic,10000.0,1500.0,0.2,0.130435,economic_max_20pct_reject,xgboost,xgboost_05_missingness_challenger,missingness_challenger,XGBoost | missingness challenger
0.393035,186920,27351,159569,0.146325,0.853675,13124,14227,126568,33001,0.479836,0.284531,0.206813,0.479836,109899500.0,587.95,isotonic,10000.0,1500.0,0.2,0.130435,economic_max_20pct_reject,xgboost,xgboost_05_missingness_challenger,missingness_challenger,XGBoost | missingness challenger
0.399906,186920,27150,159770,0.145249,0.854751,13045,14105,126690,33080,0.480479,0.282818,0.207048,0.480479,109292500.0,584.7,isotonic,10000.0,1500.0,0.2,0.130435,economic_max_20pct_reject,xgboost,xgboost_05_missingness_challenger,missingness_challenger,XGBoost | missingness challenger
0.4,186920,25012,161908,0.133811,0.866189,12190,12822,127973,33935,0.487366,0.264282,0.209594,0.487366,102667000.0,549.26,isotonic,10000.0,1500.0,0.2,0.130435,economic_max_20pct_reject,xgboost,xgboost_05_missingness_challenger,missingness_challenger,XGBoost | missingness challenger
0.404014,186920,23492,163428,0.125679,0.874321,11582,11910,128885,34543,0.493019,0.2511,0.211365,0.493019,97955000.0,524.05,isotonic,10000.0,1500.0,0.2,0.130435,economic_max_20pct_reject,xgboost,xgboost_05_missingness_challenger,missingness_challenger,XGBoost | missingness challenger
0.425068,186920,19257,167663,0.103023,0.896977,9871,9386,131409,36254,0.512593,0.214005,0.216231,0.512593,84631000.0,452.77,isotonic,10000.0,1500.0,0.2,0.130435,economic_max_20pct_reject,xgboost,xgboost_05_missingness_challenger,missingness_challenger,XGBoost | missingness challenger
0.449298,186920,18890,168030,0.101059,0.898941,9715,9175,131620,36410,0.514293,0.210623,0.216687,0.514293,83387500.0,446.11,isotonic,10000.0,1500.0,0.2,0.130435,economic_max_20pct_reject,xgboost,xgboost_05_missingness_challenger,missingness_challenger,XGBoost | missingness challenger
0.457621,186920,15685,171235,0.083913,0.916087,8275,7410,133385,37850,0.527574,0.179404,0.221041,0.527574,71635000.0,383.24,isotonic,10000.0,1500.0,0.2,0.130435,economic_max_20pct_reject,xgboost,xgboost_05_missingness_challenger,missingness_challenger,XGBoost | missingness challenger
0.466868,186920,12700,174220,0.067944,0.932056,6909,5791,135004,39216,0.544016,0.149789,0.225095,0.544016,60403500.0,323.15,isotonic,10000.0,1500.0,0.2,0.130435,economic_max_20pct_reject,xgboost,xgboost_05_missingness_challenger,missingness_challenger,XGBoost | missingness challenger
0.494665,186920,12368,174552,0.066167,0.933833,6754,5614,135181,39371,0.546087,0.146428,0.225555,0.546087,59119000.0,316.28,isotonic,10000.0,1500.0,0.2,0.130435,economic_max_20pct_reject,xgboost,xgboost_05_missingness_challenger,missingness_challenger,XGBoost | missingness challenger
0.504951,186920,9736,177184,0.052086,0.947914,5452,4284,136511,40673,0.559984,0.118201,0.229552,0.559984,48094000.0,257.3,isotonic,10000.0,1500.0,0.2,0.130435,economic_max_20pct_reject,xgboost,xgboost_05_missingness_challenger,missingness_challenger,XGBoost | missingness challenger
0.510271,186920,9534,177386,0.051006,0.948994,5350,4184,136611,40775,0.56115,0.115989,0.229866,0.56115,47224000.0,252.64,isotonic,10000.0,1500.0,0.2,0.130435,economic_max_20pct_reject,xgboost,xgboost_05_missingness_challenger,missingness_challenger,XGBoost | missingness challenger
0.514325,186920,7100,179820,0.037984,0.962016,4108,2992,137803,42017,0.578592,0.089062,0.233661,0.578592,36592000.0,195.76,isotonic,10000.0,1500.0,0.2,0.130435,economic_max_20pct_reject,xgboost,xgboost_05_missingness_challenger,missingness_challenger,XGBoost | missingness challenger
0.542169,186920,5634,181286,0.030141,0.969859,3354,2280,138515,42771,0.595314,0.072715,0.235931,0.595314,30120000.0,161.14,isotonic,10000.0,1500.0,0.2,0.130435,economic_max_20pct_reject,xgboost,xgboost_05_missingness_challenger,missingness_challenger,XGBoost | missingness challenger
0.556795,186920,5551,181369,0.029697,0.970303,3309,2242,138553,42816,0.596109,0.07174,0.236071,0.596109,29727000.0,159.04,isotonic,10000.0,1500.0,0.2,0.130435,economic_max_20pct_reject,xgboost,xgboost_05_missingness_challenger,missingness_challenger,XGBoost | missingness challenger
0.55873,186920,3130,183790,0.016745,0.983255,1961,1169,139626,44164,0.626518,0.042515,0.240296,0.626518,17856500.0,95.53,isotonic,10000.0,1500.0,0.2,0.130435,economic_max_20pct_reject,xgboost,xgboost_05_missingness_challenger,missingness_challenger,XGBoost | missingness challenger
0.59375,186920,2500,184420,0.013375,0.986625,1609,891,139904,44516,0.6436,0.034883,0.241384,0.6436,14753500.0,78.93,isotonic,10000.0,1500.0,0.2,0.130435,economic_max_20pct_reject,xgboost,xgboost_05_missingness_challenger,missingness_challenger,XGBoost | missingness challenger
0.621387,186920,2404,184516,0.012861,0.987139,1552,852,139943,44573,0.645591,0.033648,0.241567,0.645591,14242000.0,76.19,isotonic,10000.0,1500.0,0.2,0.130435,economic_max_20pct_reject,xgboost,xgboost_05_missingness_challenger,missingness_challenger,XGBoost | missingness challenger
0.652406,186920,1012,185908,0.005414,0.994586,687,325,140470,45438,0.678854,0.014894,0.244411,0.678854,6382500.0,34.15,isotonic,10000.0,1500.0,0.2,0.130435,economic_max_20pct_reject,xgboost,xgboost_05_missingness_challenger,missingness_challenger,XGBoost | missingness challenger
0.653153,186920,825,186095,0.004414,0.995586,565,260,140535,45560,0.684848,0.012249,0.244821,0.684848,5260000.0,28.14,isotonic,10000.0,1500.0,0.2,0.130435,economic_max_20pct_reject,xgboost,xgboost_05_missingness_challenger,missingness_challenger,XGBoost | missingness challenger
0.658537,186920,603,186317,0.003226,0.996774,420,183,140612,45705,0.696517,0.009106,0.245308,0.696517,3925500.0,21.0,isotonic,10000.0,1500.0,0.2,0.130435,economic_max_20pct_reject,xgboost,xgboost_05_missingness_challenger,missingness_challenger,XGBoost | missingness challenger
0.709677,186920,193,186727,0.001033,0.998967,150,43,140752,45975,0.777202,0.003252,0.246215,0.777202,1435500.0,7.68,isotonic,10000.0,1500.0,0.2,0.130435,economic_max_20pct_reject,xgboost,xgboost_05_missingness_challenger,missingness_challenger,XGBoost | missingness challenger
1.0,186920,13,186907,7e-05,0.99993,13,0,140795,46112,1.0,0.000282,0.246711,1.0,130000.0,0.7,isotonic,10000.0,1500.0,0.2,0.130435,economic_max_20pct_reject,xgboost,xgboost_05_missingness_challenger,missingness_challenger,XGBoost | missingness challenger
1.0,186920,13,186907,7e-05,0.99993,13,0,140795,46112,1.0,0.000282,0.246711,1.0,130000.0,0.7,isotonic,10000.0,1500.0,0.2,0.130435,economic_max_20pct_reject,xgboost,xgboost_05_missingness_challenger,missingness_challenger,XGBoost | missingness challenger
