group,example_rank,row_index,predicted_default_prob,observed_target_bad,direction,feature,shap_value,feature_value
high_risk,1,443554,0.722,1,increases_risk,int_rate_clean,0.683912,2.6722932
high_risk,1,443554,0.722,1,increases_risk,acc_open_past_24mths,0.41831,2.833535
high_risk,1,443554,0.722,1,increases_risk,term_months,0.404577,1.7605255
high_risk,1,443554,0.722,1,increases_risk,dti,0.194002,1.2962584
high_risk,1,443554,0.722,1,increases_risk,fico_mean,0.149068,-1.13853
high_risk,1,443554,0.722,1,increases_risk,avg_cur_bal,0.14621,-0.65261596
high_risk,1,443554,0.722,1,increases_risk,loan_amnt,0.105593,0.77408266
high_risk,1,443554,0.722,1,increases_risk,home_ownership_RENT,0.069941,1.0
high_risk,1,443554,0.722,1,increases_risk,inq_last_6mths,0.04555,2.404501
high_risk,1,443554,0.722,1,increases_risk,total_bc_limit,0.042172,-0.5682532
high_risk,1,443554,0.722,1,increases_risk,installment,0.03684,0.7131725
high_risk,1,443554,0.722,1,increases_risk,revol_util_clean,0.031152,1.0461656
high_risk,1,443554,0.722,1,increases_risk,home_ownership_MORTGAGE,0.02236,0.0
high_risk,1,443554,0.722,1,increases_risk,mort_acc,0.02177,-0.344349
high_risk,1,443554,0.722,1,increases_risk,open_acc,0.021069,0.45533827
high_risk,1,443554,0.722,1,lowers_risk,mths_since_last_delinq,-0.025331,1.0002749
high_risk,1,443554,0.722,1,lowers_risk,bc_util,-0.011964,0.8384533
high_risk,1,443554,0.722,1,lowers_risk,emp_length_years_is_missing,-0.010447,0.0
high_risk,1,443554,0.722,1,lowers_risk,mths_since_last_record,-0.010406,-2.1098871
high_risk,1,443554,0.722,1,lowers_risk,annual_inc,-0.010078,-0.047464125
high_risk,1,443554,0.722,1,lowers_risk,emp_length_years,-0.007599,1.1228448
high_risk,1,443554,0.722,1,lowers_risk,purpose_credit_card,-0.003561,1.0
high_risk,1,443554,0.722,1,lowers_risk,delinq_2yrs,-0.003363,-0.36449677
high_risk,1,443554,0.722,1,lowers_risk,revol_bal,-0.002936,-0.15710048
high_risk,1,443554,0.722,1,lowers_risk,purpose_small_business,-0.002886,0.0
high_risk,1,443554,0.722,1,lowers_risk,collections_12_mths_ex_med,-0.001115,-0.11050918
high_risk,1,443554,0.722,1,lowers_risk,purpose_medical,-0.000694,0.0
high_risk,1,443554,0.722,1,lowers_risk,purpose_moving,-0.000505,0.0
high_risk,1,443554,0.722,1,lowers_risk,purpose_major_purchase,-0.000277,0.0
high_risk,1,443554,0.722,1,lowers_risk,purpose_vacation,-0.000112,0.0
high_risk,2,1197182,0.7217,1,increases_risk,int_rate_clean,0.935388,3.2979448
high_risk,2,1197182,0.7217,1,increases_risk,term_months,0.421534,1.7605255
high_risk,2,1197182,0.7217,1,increases_risk,acc_open_past_24mths,0.3027,1.499615
high_risk,2,1197182,0.7217,1,increases_risk,dti,0.209187,1.356704
high_risk,2,1197182,0.7217,1,increases_risk,fico_mean,0.149445,-0.97645974
high_risk,2,1197182,0.7217,1,increases_risk,loan_amnt,0.095701,0.7030538
high_risk,2,1197182,0.7217,1,increases_risk,avg_cur_bal,0.092392,-0.613763
high_risk,2,1197182,0.7217,1,increases_risk,mort_acc,0.088636,-0.8386917
high_risk,2,1197182,0.7217,1,increases_risk,home_ownership_RENT,0.066011,1.0
high_risk,2,1197182,0.7217,1,increases_risk,revol_bal,0.05525,-0.5139095
high_risk,2,1197182,0.7217,1,increases_risk,installment,0.043875,0.7782084
high_risk,2,1197182,0.7217,1,increases_risk,open_acc,0.023638,0.82903314
high_risk,2,1197182,0.7217,1,increases_risk,credit_history_years,0.022331,-0.1858676
high_risk,2,1197182,0.7217,1,increases_risk,home_ownership_MORTGAGE,0.020439,0.0
high_risk,2,1197182,0.7217,1,increases_risk,inq_last_6mths,0.019288,0.32988
high_risk,2,1197182,0.7217,1,lowers_risk,total_bc_limit,-0.031715,-0.18342455
high_risk,2,1197182,0.7217,1,lowers_risk,total_acc,-0.029035,0.23426169
high_risk,2,1197182,0.7217,1,lowers_risk,mths_since_last_delinq,-0.024698,0.5466144
high_risk,2,1197182,0.7217,1,lowers_risk,revol_util_clean,-0.023671,-1.5092685
high_risk,2,1197182,0.7217,1,lowers_risk,total_il_high_credit_limit,-0.023144,0.7793329
high_risk,2,1197182,0.7217,1,lowers_risk,verification_status_Verified,-0.01754,1.0
high_risk,2,1197182,0.7217,1,lowers_risk,emp_length_years_is_missing,-0.011978,0.0
high_risk,2,1197182,0.7217,1,lowers_risk,mths_since_last_record,-0.011,-1.2842202
high_risk,2,1197182,0.7217,1,lowers_risk,bc_open_to_buy,-0.007397,0.28285253
high_risk,2,1197182,0.7217,1,lowers_risk,delinq_2yrs,-0.006323,-0.36449677
high_risk,2,1197182,0.7217,1,lowers_risk,verification_status_Source Verified,-0.005722,0.0
high_risk,2,1197182,0.7217,1,lowers_risk,tot_coll_amt,-0.00288,-0.022939049
high_risk,2,1197182,0.7217,1,lowers_risk,purpose_small_business,-0.002672,0.0
high_risk,2,1197182,0.7217,1,lowers_risk,emp_length_years,-0.001337,-0.55748665
high_risk,2,1197182,0.7217,1,lowers_risk,collections_12_mths_ex_med,-0.001014,-0.11050918
high_risk,3,994412,0.7203,1,increases_risk,int_rate_clean,0.934593,3.4990473
high_risk,3,994412,0.7203,1,increases_risk,term_months,0.417971,1.7605255
high_risk,3,994412,0.7203,1,increases_risk,acc_open_past_24mths,0.23397,1.166135
high_risk,3,994412,0.7203,1,increases_risk,dti,0.19202,1.4450474
high_risk,3,994412,0.7203,1,increases_risk,loan_amnt,0.13088,1.3659903
high_risk,3,994412,0.7203,1,increases_risk,mort_acc,0.0743,-0.8386917
high_risk,3,994412,0.7203,1,increases_risk,installment,0.072393,1.526141
high_risk,3,994412,0.7203,1,increases_risk,home_ownership_RENT,0.069301,1.0
high_risk,3,994412,0.7203,1,increases_risk,avg_cur_bal,0.066232,-0.5190548
high_risk,3,994412,0.7203,1,increases_risk,fico_mean,0.048117,-0.49024886
high_risk,3,994412,0.7203,1,increases_risk,total_bc_limit,0.03824,-0.5585107
high_risk,3,994412,0.7203,1,increases_risk,mths_since_last_record,0.037334,2.0184474
high_risk,3,994412,0.7203,1,increases_risk,total_acc,0.023997,-0.2704935
high_risk,3,994412,0.7203,1,increases_risk,annual_inc,0.023941,-0.2850946
high_risk,3,994412,0.7203,1,increases_risk,credit_history_years,0.022715,-0.79766816
high_risk,3,994412,0.7203,1,lowers_risk,revol_bal,-0.030642,-0.14360994
high_risk,3,994412,0.7203,1,lowers_risk,revol_util_clean,-0.01394,0.14007209
high_risk,3,994412,0.7203,1,lowers_risk,emp_length_years_is_missing,-0.011337,0.0
high_risk,3,994412,0.7203,1,lowers_risk,verification_status_Source Verified,-0.008072,0.0
high_risk,3,994412,0.7203,1,lowers_risk,open_acc,-0.004647,-0.2920515
high_risk,3,994412,0.7203,1,lowers_risk,delinq_2yrs,-0.004007,-0.36449677
high_risk,3,994412,0.7203,1,lowers_risk,purpose_small_business,-0.002671,0.0
high_risk,3,994412,0.7203,1,lowers_risk,tot_coll_amt,-0.002275,-0.022939049
high_risk,3,994412,0.7203,1,lowers_risk,total_il_high_credit_limit,-0.002042,0.15032072
high_risk,3,994412,0.7203,1,lowers_risk,collections_12_mths_ex_med,-0.00186,-0.11050918
high_risk,3,994412,0.7203,1,lowers_risk,mths_since_last_delinq_is_missing,-0.001848,1.0
high_risk,3,994412,0.7203,1,lowers_risk,mths_since_last_delinq,-0.001419,-0.10147212
high_risk,3,994412,0.7203,1,lowers_risk,purpose_medical,-0.000941,0.0
high_risk,3,994412,0.7203,1,lowers_risk,pub_rec_bankruptcies,-0.000574,2.386758
high_risk,3,994412,0.7203,1,lowers_risk,purpose_moving,-0.000467,0.0
high_risk,4,996955,0.7146,0,increases_risk,int_rate_clean,0.856457,3.9012518
high_risk,4,996955,0.7146,0,increases_risk,term_months,0.384476,1.7605255
high_risk,4,996955,0.7146,0,increases_risk,acc_open_past_24mths,0.212919,1.166135
high_risk,4,996955,0.7146,0,increases_risk,emp_length_years_is_missing,0.210848,1.0
high_risk,4,996955,0.7146,0,increases_risk,avg_cur_bal,0.144346,-0.68894774
high_risk,4,996955,0.7146,0,increases_risk,annual_inc,0.119007,-0.6088661
high_risk,4,996955,0.7146,0,increases_risk,dti,0.108221,0.76038605
high_risk,4,996955,0.7146,0,increases_risk,home_ownership_RENT,0.086689,1.0
high_risk,4,996955,0.7146,0,increases_risk,total_bc_limit,0.079543,-0.88975567
high_risk,4,996955,0.7146,0,increases_risk,revol_bal,0.06511,-0.6210769
high_risk,4,996955,0.7146,0,increases_risk,fico_mean,0.06029,-0.65231913
high_risk,4,996955,0.7146,0,increases_risk,total_acc,0.042404,-0.35461938
high_risk,4,996955,0.7146,0,increases_risk,installment,0.037648,0.12510154
high_risk,4,996955,0.7146,0,increases_risk,home_ownership_MORTGAGE,0.022786,0.0
high_risk,4,996955,0.7146,0,increases_risk,bc_util,0.0221,-0.8463236
high_risk,4,996955,0.7146,0,lowers_risk,mort_acc,-0.081081,0.6443364
high_risk,4,996955,0.7146,0,lowers_risk,revol_util_clean,-0.038986,-1.2086293
high_risk,4,996955,0.7146,0,lowers_risk,open_acc,-0.023337,-0.6657464
high_risk,4,996955,0.7146,0,lowers_risk,verification_status_Verified,-0.011647,1.0
high_risk,4,996955,0.7146,0,lowers_risk,pub_rec_bankruptcies,-0.008822,2.386758
high_risk,4,996955,0.7146,0,lowers_risk,verification_status_Source Verified,-0.007905,0.0
high_risk,4,996955,0.7146,0,lowers_risk,delinq_2yrs,-0.003706,-0.36449677
high_risk,4,996955,0.7146,0,lowers_risk,total_bal_ex_mort,-0.002604,-0.6839802
high_risk,4,996955,0.7146,0,lowers_risk,purpose_small_business,-0.002467,0.0
high_risk,4,996955,0.7146,0,lowers_risk,collections_12_mths_ex_med,-0.001675,-0.11050918
high_risk,4,996955,0.7146,0,lowers_risk,tot_coll_amt,-0.001667,-0.022939049
high_risk,4,996955,0.7146,0,lowers_risk,mths_since_last_record,-0.000886,0.00015048047
high_risk,4,996955,0.7146,0,lowers_risk,mths_since_last_delinq_is_missing,-0.000813,1.0
high_risk,4,996955,0.7146,0,lowers_risk,purpose_moving,-0.000397,0.0
high_risk,4,996955,0.7146,0,lowers_risk,purpose_medical,-0.000357,0.0
high_risk,5,461646,0.7114,1,increases_risk,int_rate_clean,0.9077,3.7180252
high_risk,5,461646,0.7114,1,increases_risk,term_months,0.434067,1.7605255
high_risk,5,461646,0.7114,1,increases_risk,dti,0.38626,2.3063953
high_risk,5,461646,0.7114,1,increases_risk,acc_open_past_24mths,0.22917,1.166135
high_risk,5,461646,0.7114,1,increases_risk,fico_mean,0.112787,-0.81438947
high_risk,5,461646,0.7114,1,increases_risk,mort_acc,0.07395,-0.8386917
high_risk,5,461646,0.7114,1,increases_risk,home_ownership_RENT,0.065909,1.0
high_risk,5,461646,0.7114,1,increases_risk,avg_cur_bal,0.038676,-0.40799078
high_risk,5,461646,0.7114,1,increases_risk,total_bc_limit,0.038436,-0.69977695
high_risk,5,461646,0.7114,1,increases_risk,loan_amnt,0.036313,0.06379355
high_risk,5,461646,0.7114,1,increases_risk,annual_inc,0.034554,-0.4039098
high_risk,5,461646,0.7114,1,increases_risk,revol_bal,0.032501,-0.41885245
high_risk,5,461646,0.7114,1,increases_risk,installment,0.031637,0.1795437
high_risk,5,461646,0.7114,1,increases_risk,tot_cur_bal,0.023168,-0.46198273
high_risk,5,461646,0.7114,1,increases_risk,home_ownership_MORTGAGE,0.022349,0.0
high_risk,5,461646,0.7114,1,lowers_risk,inq_last_6mths,-0.042161,-0.7074305
high_risk,5,461646,0.7114,1,lowers_risk,total_il_high_credit_limit,-0.018062,0.6585655
high_risk,5,461646,0.7114,1,lowers_risk,mths_since_last_delinq,-0.017083,0.41699708
high_risk,5,461646,0.7114,1,lowers_risk,emp_length_years_is_missing,-0.013135,0.0
high_risk,5,461646,0.7114,1,lowers_risk,emp_length_years,-0.011734,-0.8375419
high_risk,5,461646,0.7114,1,lowers_risk,revol_util_clean,-0.010543,0.11084327
high_risk,5,461646,0.7114,1,lowers_risk,credit_history_years,-0.00866,-0.8758792
high_risk,5,461646,0.7114,1,lowers_risk,open_acc,-0.007008,-0.2920515
high_risk,5,461646,0.7114,1,lowers_risk,verification_status_Source Verified,-0.004967,0.0
high_risk,5,461646,0.7114,1,lowers_risk,verification_status_Verified,-0.004779,1.0
high_risk,5,461646,0.7114,1,lowers_risk,delinq_2yrs,-0.004776,-0.36449677
high_risk,5,461646,0.7114,1,lowers_risk,purpose_credit_card,-0.002844,1.0
high_risk,5,461646,0.7114,1,lowers_risk,purpose_small_business,-0.002722,0.0
high_risk,5,461646,0.7114,1,lowers_risk,tot_coll_amt,-0.001731,-0.022939049
high_risk,5,461646,0.7114,1,lowers_risk,collections_12_mths_ex_med,-0.00168,-0.11050918
high_risk,6,1237691,0.7049,1,increases_risk,int_rate_clean,0.897083,3.7828248
high_risk,6,1237691,0.7049,1,increases_risk,term_months,0.437117,1.7605255
high_risk,6,1237691,0.7049,1,increases_risk,dti,0.374769,1.8867643
high_risk,6,1237691,0.7049,1,increases_risk,acc_open_past_24mths,0.163835,0.83265495
high_risk,6,1237691,0.7049,1,increases_risk,loan_amnt,0.111379,2.431424
high_risk,6,1237691,0.7049,1,increases_risk,home_ownership_RENT,0.09606,1.0
high_risk,6,1237691,0.7049,1,increases_risk,avg_cur_bal,0.088545,-0.61292255
high_risk,6,1237691,0.7049,1,increases_risk,installment,0.081984,2.765208
high_risk,6,1237691,0.7049,1,increases_risk,mort_acc,0.073617,-0.8386917
high_risk,6,1237691,0.7049,1,increases_risk,bc_util,0.06798,1.4301982
high_risk,6,1237691,0.7049,1,increases_risk,inq_last_6mths,0.055107,1.3671905
high_risk,6,1237691,0.7049,1,increases_risk,fico_mean,0.03708,-0.49024886
high_risk,6,1237691,0.7049,1,increases_risk,open_acc,0.031411,2.1369653
high_risk,6,1237691,0.7049,1,increases_risk,home_ownership_MORTGAGE,0.025208,0.0
high_risk,6,1237691,0.7049,1,increases_risk,revol_util_clean,0.024139,1.6641463
high_risk,6,1237691,0.7049,1,lowers_risk,annual_inc,-0.081032,0.14561062
high_risk,6,1237691,0.7049,1,lowers_risk,total_bc_limit,-0.067831,1.1610402
high_risk,6,1237691,0.7049,1,lowers_risk,total_acc,-0.046166,0.31838754
high_risk,6,1237691,0.7049,1,lowers_risk,revol_bal,-0.035115,2.0739133
high_risk,6,1237691,0.7049,1,lowers_risk,verification_status_Verified,-0.027197,1.0
high_risk,6,1237691,0.7049,1,lowers_risk,emp_length_years_is_missing,-0.011416,0.0
high_risk,6,1237691,0.7049,1,lowers_risk,emp_length_years,-0.01088,1.1228448
high_risk,6,1237691,0.7049,1,lowers_risk,verification_status_Source Verified,-0.006902,0.0
high_risk,6,1237691,0.7049,1,lowers_risk,purpose_small_business,-0.003854,0.0
high_risk,6,1237691,0.7049,1,lowers_risk,delinq_2yrs,-0.002892,-0.36449677
high_risk,6,1237691,0.7049,1,lowers_risk,mths_since_last_record,-0.002731,0.00015048047
high_risk,6,1237691,0.7049,1,lowers_risk,mths_since_last_delinq_is_missing,-0.002134,1.0
high_risk,6,1237691,0.7049,1,lowers_risk,tot_coll_amt,-0.001684,-0.022939049
high_risk,6,1237691,0.7049,1,lowers_risk,collections_12_mths_ex_med,-0.00133,-0.11050918
high_risk,6,1237691,0.7049,1,lowers_risk,purpose_medical,-0.000536,0.0
high_risk,7,1331642,0.6975,0,increases_risk,int_rate_clean,0.918731,2.951602
high_risk,7,1331642,0.6975,0,increases_risk,term_months,0.383805,1.7605255
high_risk,7,1331642,0.6975,0,increases_risk,dti,0.323255,2.3714905
high_risk,7,1331642,0.6975,0,increases_risk,acc_open_past_24mths,0.238652,1.499615
high_risk,7,1331642,0.6975,0,increases_risk,fico_mean,0.130177,-0.97645974
high_risk,7,1331642,0.6975,0,increases_risk,avg_cur_bal,0.094388,-0.6261752
high_risk,7,1331642,0.6975,0,increases_risk,loan_amnt,0.077708,0.45445257
high_risk,7,1331642,0.6975,0,increases_risk,annual_inc,0.067134,-0.5163684
high_risk,7,1331642,0.6975,0,increases_risk,collections_12_mths_ex_med,0.048244,7.08418
high_risk,7,1331642,0.6975,0,increases_risk,revol_bal,0.046162,-0.47098914
high_risk,7,1331642,0.6975,0,increases_risk,total_bc_limit,0.035164,-0.504927
high_risk,7,1331642,0.6975,0,increases_risk,installment,0.031452,0.45135626
high_risk,7,1331642,0.6975,0,increases_risk,credit_history_years,0.024505,-0.675235
high_risk,7,1331642,0.6975,0,increases_risk,mort_acc,0.017359,-0.344349
high_risk,7,1331642,0.6975,0,increases_risk,tot_cur_bal,0.015129,-0.66581494
high_risk,7,1331642,0.6975,0,lowers_risk,home_ownership_RENT,-0.077394,0.0
high_risk,7,1331642,0.6975,0,lowers_risk,inq_last_6mths,-0.043273,-0.7074305
high_risk,7,1331642,0.6975,0,lowers_risk,home_ownership_MORTGAGE,-0.023011,1.0
high_risk,7,1331642,0.6975,0,lowers_risk,revol_util_clean,-0.015921,-0.8077768
high_risk,7,1331642,0.6975,0,lowers_risk,emp_length_years_is_missing,-0.013239,0.0
high_risk,7,1331642,0.6975,0,lowers_risk,emp_length_years,-0.008149,1.1228448
high_risk,7,1331642,0.6975,0,lowers_risk,delinq_2yrs,-0.007591,-0.36449677
high_risk,7,1331642,0.6975,0,lowers_risk,total_il_high_credit_limit,-0.005949,-0.010923509
high_risk,7,1331642,0.6975,0,lowers_risk,purpose_small_business,-0.002945,0.0
high_risk,7,1331642,0.6975,0,lowers_risk,mths_since_last_record,-0.002524,0.00015048047
high_risk,7,1331642,0.6975,0,lowers_risk,open_acc,-0.001595,-0.10520406
high_risk,7,1331642,0.6975,0,lowers_risk,mths_since_last_delinq_is_missing,-0.001557,1.0
high_risk,7,1331642,0.6975,0,lowers_risk,purpose_moving,-0.000526,0.0
high_risk,7,1331642,0.6975,0,lowers_risk,total_acc,-0.000518,-0.018115917
high_risk,7,1331642,0.6975,0,lowers_risk,purpose_medical,-0.000271,0.0
high_risk,8,1314135,0.6873,1,increases_risk,int_rate_clean,1.117304,2.951602
high_risk,8,1314135,0.6873,1,increases_risk,dti,0.318241,2.1204093
high_risk,8,1314135,0.6873,1,increases_risk,acc_open_past_24mths,0.200137,0.83265495
high_risk,8,1314135,0.6873,1,increases_risk,loan_amnt,0.103319,0.56099594
high_risk,8,1314135,0.6873,1,increases_risk,installment,0.103006,1.3495126
high_risk,8,1314135,0.6873,1,increases_risk,total_bc_limit,0.089221,-0.98718065
high_risk,8,1314135,0.6873,1,increases_risk,home_ownership_RENT,0.072207,1.0
high_risk,8,1314135,0.6873,1,increases_risk,annual_inc,0.059887,-0.49302122
high_risk,8,1314135,0.6873,1,increases_risk,revol_bal,0.05942,-0.55869985
high_risk,8,1314135,0.6873,1,increases_risk,mort_acc,0.059184,-0.8386917
high_risk,8,1314135,0.6873,1,increases_risk,total_acc,0.051482,-0.69112283
high_risk,8,1314135,0.6873,1,increases_risk,credit_history_years,0.03991,0.114550605
high_risk,8,1314135,0.6873,1,increases_risk,avg_cur_bal,0.039036,-0.568122
high_risk,8,1314135,0.6873,1,increases_risk,fico_mean,0.034703,-0.49024886
high_risk,8,1314135,0.6873,1,increases_risk,inq_last_6mths,0.026981,0.32988
high_risk,8,1314135,0.6873,1,lowers_risk,term_months,-0.19768,-0.56801224
high_risk,8,1314135,0.6873,1,lowers_risk,bc_util,-0.019026,0.7668408
high_risk,8,1314135,0.6873,1,lowers_risk,verification_status_Source Verified,-0.012455,0.0
high_risk,8,1314135,0.6873,1,lowers_risk,emp_length_years_is_missing,-0.011418,0.0
high_risk,8,1314135,0.6873,1,lowers_risk,verification_status_Verified,-0.01068,1.0
high_risk,8,1314135,0.6873,1,lowers_risk,open_acc,-0.010549,-0.6657464
high_risk,8,1314135,0.6873,1,lowers_risk,revol_util_clean,-0.005678,-0.10628512
high_risk,8,1314135,0.6873,1,lowers_risk,delinq_2yrs,-0.002913,0.79144996
high_risk,8,1314135,0.6873,1,lowers_risk,purpose_small_business,-0.002751,0.0
high_risk,8,1314135,0.6873,1,lowers_risk,tot_coll_amt,-0.002147,-0.022939049
high_risk,8,1314135,0.6873,1,lowers_risk,collections_12_mths_ex_med,-0.001707,-0.11050918
high_risk,8,1314135,0.6873,1,lowers_risk,purpose_medical,-0.000628,0.0
high_risk,8,1314135,0.6873,1,lowers_risk,mths_since_last_delinq_is_missing,-0.000413,0.0
high_risk,8,1314135,0.6873,1,lowers_risk,purpose_moving,-0.000335,0.0
high_risk,8,1314135,0.6873,1,lowers_risk,purpose_major_purchase,-0.000179,0.0
high_risk,9,1250669,0.682,1,increases_risk,int_rate_clean,0.908187,3.541502
high_risk,9,1250669,0.682,1,increases_risk,term_months,0.445079,1.7605255
high_risk,9,1250669,0.682,1,increases_risk,dti,0.235935,1.5671008
high_risk,9,1250669,0.682,1,increases_risk,acc_open_past_24mths,0.177714,0.83265495
high_risk,9,1250669,0.682,1,increases_risk,fico_mean,0.15504,-1.13853
high_risk,9,1250669,0.682,1,increases_risk,loan_amnt,0.115417,1.9608574
high_risk,9,1250669,0.682,1,increases_risk,mort_acc,0.095626,-0.8386917
high_risk,9,1250669,0.682,1,increases_risk,installment,0.088453,2.17188
high_risk,9,1250669,0.682,1,increases_risk,home_ownership_RENT,0.075886,1.0
high_risk,9,1250669,0.682,1,increases_risk,avg_cur_bal,0.048065,-0.476129
high_risk,9,1250669,0.682,1,increases_risk,total_acc,0.039784,-0.35461938
high_risk,9,1250669,0.682,1,increases_risk,home_ownership_MORTGAGE,0.019806,0.0
high_risk,9,1250669,0.682,1,increases_risk,inq_last_6mths,0.016493,0.32988
high_risk,9,1250669,0.682,1,increases_risk,credit_history_years,0.013908,0.94782734
high_risk,9,1250669,0.682,1,increases_risk,open_acc,0.012626,0.45533827
high_risk,9,1250669,0.682,1,lowers_risk,annual_inc,-0.089199,0.21987014
high_risk,9,1250669,0.682,1,lowers_risk,revol_bal,-0.04892,0.37976044
high_risk,9,1250669,0.682,1,lowers_risk,total_bc_limit,-0.048567,0.41086784
high_risk,9,1250669,0.682,1,lowers_risk,bc_util,-0.019738,0.46908385
high_risk,9,1250669,0.682,1,lowers_risk,verification_status_Verified,-0.014237,1.0
high_risk,9,1250669,0.682,1,lowers_risk,emp_length_years_is_missing,-0.011606,0.0
high_risk,9,1250669,0.682,1,lowers_risk,total_il_high_credit_limit,-0.009491,0.49722302
high_risk,9,1250669,0.682,1,lowers_risk,verification_status_Source Verified,-0.008986,0.0
high_risk,9,1250669,0.682,1,lowers_risk,mths_since_last_record,-0.007498,-1.0089979
high_risk,9,1250669,0.682,1,lowers_risk,delinq_2yrs,-0.003769,-0.36449677
high_risk,9,1250669,0.682,1,lowers_risk,purpose_small_business,-0.003115,0.0
high_risk,9,1250669,0.682,1,lowers_risk,tot_coll_amt,-0.00258,-0.022939049
high_risk,9,1250669,0.682,1,lowers_risk,mths_since_last_delinq_is_missing,-0.001897,1.0
high_risk,9,1250669,0.682,1,lowers_risk,collections_12_mths_ex_med,-0.001195,-0.11050918
high_risk,9,1250669,0.682,1,lowers_risk,purpose_medical,-0.000557,0.0
high_risk,10,1238840,0.6789,0,increases_risk,int_rate_clean,0.939733,3.1191874
high_risk,10,1238840,0.6789,0,increases_risk,term_months,0.35163,1.7605255
high_risk,10,1238840,0.6789,0,increases_risk,acc_open_past_24mths,0.174791,0.83265495
high_risk,10,1238840,0.6789,0,increases_risk,fico_mean,0.145592,-1.13853
high_risk,10,1238840,0.6789,0,increases_risk,loan_amnt,0.133852,0.65570116
high_risk,10,1238840,0.6789,0,increases_risk,revol_bal,0.120242,-0.609679
high_risk,10,1238840,0.6789,0,increases_risk,delinq_2yrs,0.107071,3.1033435
high_risk,10,1238840,0.6789,0,increases_risk,mort_acc,0.104111,-0.8386917
high_risk,10,1238840,0.6789,0,increases_risk,mths_since_last_delinq,0.066535,-1.9161143
high_risk,10,1238840,0.6789,0,increases_risk,installment,0.064893,0.69059116
high_risk,10,1238840,0.6789,0,increases_risk,tot_coll_amt,0.0642,0.115648486
high_risk,10,1238840,0.6789,0,increases_risk,total_bc_limit,0.057979,-0.5536395
high_risk,10,1238840,0.6789,0,increases_risk,total_acc,0.048323,-0.52287114
high_risk,10,1238840,0.6789,0,increases_risk,bc_util,0.028783,-1.9883536
high_risk,10,1238840,0.6789,0,increases_risk,emp_length_years,0.023803,-1.6777077
high_risk,10,1238840,0.6789,0,lowers_risk,dti,-0.102979,-0.49618244
high_risk,10,1238840,0.6789,0,lowers_risk,inq_last_6mths,-0.040428,-0.7074305
high_risk,10,1238840,0.6789,0,lowers_risk,home_ownership_RENT,-0.027231,0.0
high_risk,10,1238840,0.6789,0,lowers_risk,home_ownership_MORTGAGE,-0.018297,1.0
high_risk,10,1238840,0.6789,0,lowers_risk,annual_inc,-0.016289,-0.002908415
high_risk,10,1238840,0.6789,0,lowers_risk,revol_util_clean,-0.014253,-1.7514502
high_risk,10,1238840,0.6789,0,lowers_risk,verification_status_Verified,-0.014239,1.0
high_risk,10,1238840,0.6789,0,lowers_risk,emp_length_years_is_missing,-0.011287,0.0
high_risk,10,1238840,0.6789,0,lowers_risk,verification_status_Source Verified,-0.010388,0.0
high_risk,10,1238840,0.6789,0,lowers_risk,avg_cur_bal,-0.00402,-0.33733135
high_risk,10,1238840,0.6789,0,lowers_risk,purpose_small_business,-0.003005,0.0
high_risk,10,1238840,0.6789,0,lowers_risk,mths_since_last_record,-0.001968,0.00015048047
high_risk,10,1238840,0.6789,0,lowers_risk,mths_since_last_record_is_missing,-0.001202,1.0
high_risk,10,1238840,0.6789,0,lowers_risk,collections_12_mths_ex_med,-0.001021,-0.11050918
high_risk,10,1238840,0.6789,0,lowers_risk,purpose_moving,-0.000244,0.0
high_risk,11,994970,0.6786,1,increases_risk,int_rate_clean,0.93188,3.6778047
high_risk,11,994970,0.6786,1,increases_risk,term_months,0.418915,1.7605255
high_risk,11,994970,0.6786,1,increases_risk,dti,0.211099,1.5124673
high_risk,11,994970,0.6786,1,increases_risk,acc_open_past_24mths,0.178954,0.83265495
high_risk,11,994970,0.6786,1,increases_risk,fico_mean,0.13172,-1.13853
high_risk,11,994970,0.6786,1,increases_risk,loan_amnt,0.090919,0.6586607
high_risk,11,994970,0.6786,1,increases_risk,home_ownership_RENT,0.079229,1.0
high_risk,11,994970,0.6786,1,increases_risk,total_bc_limit,0.074298,-0.7923307
high_risk,11,994970,0.6786,1,increases_risk,avg_cur_bal,0.055495,-0.4721855
high_risk,11,994970,0.6786,1,increases_risk,installment,0.045384,0.8141713
high_risk,11,994970,0.6786,1,increases_risk,inq_last_6mths,0.037334,1.3671905
high_risk,11,994970,0.6786,1,increases_risk,home_ownership_MORTGAGE,0.019303,0.0
high_risk,11,994970,0.6786,1,increases_risk,annual_inc,0.014803,-0.15142745
high_risk,11,994970,0.6786,1,increases_risk,tot_cur_bal,0.013426,-0.5280804
high_risk,11,994970,0.6786,1,increases_risk,total_bal_ex_mort,0.012639,0.14966021
high_risk,11,994970,0.6786,1,lowers_risk,mort_acc,-0.035888,0.1499937
high_risk,11,994970,0.6786,1,lowers_risk,bc_util,-0.019148,0.3371662
high_risk,11,994970,0.6786,1,lowers_risk,revol_util_clean,-0.014597,-0.17309386
high_risk,11,994970,0.6786,1,lowers_risk,verification_status_Verified,-0.012993,1.0
high_risk,11,994970,0.6786,1,lowers_risk,emp_length_years_is_missing,-0.012498,0.0
high_risk,11,994970,0.6786,1,lowers_risk,emp_length_years,-0.008234,1.1228448
high_risk,11,994970,0.6786,1,lowers_risk,verification_status_Source Verified,-0.007379,0.0
high_risk,11,994970,0.6786,1,lowers_risk,delinq_2yrs,-0.004993,-0.36449677
high_risk,11,994970,0.6786,1,lowers_risk,open_acc,-0.004359,-0.2920515
high_risk,11,994970,0.6786,1,lowers_risk,mths_since_last_record,-0.003617,0.00015048047
high_risk,11,994970,0.6786,1,lowers_risk,mths_since_last_delinq_is_missing,-0.003602,1.0
high_risk,11,994970,0.6786,1,lowers_risk,tot_coll_amt,-0.003523,-0.022939049
high_risk,11,994970,0.6786,1,lowers_risk,total_il_high_credit_limit,-0.003135,0.13204719
high_risk,11,994970,0.6786,1,lowers_risk,purpose_small_business,-0.003062,0.0
high_risk,11,994970,0.6786,1,lowers_risk,collections_12_mths_ex_med,-0.001465,-0.11050918
high_risk,12,448601,0.6785,0,increases_risk,int_rate_clean,0.895059,3.2309108
high_risk,12,448601,0.6785,0,increases_risk,term_months,0.373661,1.7605255
high_risk,12,448601,0.6785,0,increases_risk,acc_open_past_24mths,0.317102,3.1670148
high_risk,12,448601,0.6785,0,increases_risk,emp_length_years_is_missing,0.170657,1.0
high_risk,12,448601,0.6785,0,increases_risk,loan_amnt,0.096726,0.9398168
high_risk,12,448601,0.6785,0,increases_risk,mort_acc,0.073793,-0.8386917
high_risk,12,448601,0.6785,0,increases_risk,inq_last_6mths,0.072638,3.4418116
high_risk,12,448601,0.6785,0,increases_risk,avg_cur_bal,0.070669,-0.59417486
high_risk,12,448601,0.6785,0,increases_risk,dti,0.069901,0.74876195
high_risk,12,448601,0.6785,0,increases_risk,open_acc,0.064609,2.884355
high_risk,12,448601,0.6785,0,increases_risk,revol_bal,0.050323,-0.44342926
high_risk,12,448601,0.6785,0,increases_risk,home_ownership_RENT,0.043472,1.0
high_risk,12,448601,0.6785,0,increases_risk,installment,0.026768,1.0091196
high_risk,12,448601,0.6785,0,increases_risk,credit_history_years,0.024711,-0.753446
high_risk,12,448601,0.6785,0,increases_risk,bc_util,0.022068,-0.99708664
high_risk,12,448601,0.6785,0,lowers_risk,total_acc,-0.063971,1.1596463
high_risk,12,448601,0.6785,0,lowers_risk,total_il_high_credit_limit,-0.038629,1.3031495
high_risk,12,448601,0.6785,0,lowers_risk,total_bc_limit,-0.030488,-0.31494826
high_risk,12,448601,0.6785,0,lowers_risk,revol_util_clean,-0.014965,-1.1919271
high_risk,12,448601,0.6785,0,lowers_risk,verification_status_Verified,-0.012938,1.0
high_risk,12,448601,0.6785,0,lowers_risk,mths_since_last_delinq,-0.010078,-0.036663465
high_risk,12,448601,0.6785,0,lowers_risk,total_bal_ex_mort,-0.00698,1.0114301
high_risk,12,448601,0.6785,0,lowers_risk,delinq_2yrs,-0.005511,-0.36449677
high_risk,12,448601,0.6785,0,lowers_risk,verification_status_Source Verified,-0.005191,0.0
high_risk,12,448601,0.6785,0,lowers_risk,annual_inc,-0.004704,-0.07716793
high_risk,12,448601,0.6785,0,lowers_risk,mths_since_last_record,-0.003638,0.00015048047
high_risk,12,448601,0.6785,0,lowers_risk,purpose_small_business,-0.002815,0.0
high_risk,12,448601,0.6785,0,lowers_risk,fico_mean,-0.002735,-0.16610827
high_risk,12,448601,0.6785,0,lowers_risk,tot_coll_amt,-0.002585,-0.022939049
high_risk,12,448601,0.6785,0,lowers_risk,collections_12_mths_ex_med,-0.001883,-0.11050918
high_risk,13,1236264,0.6765,0,increases_risk,int_rate_clean,0.869477,3.1191874
high_risk,13,1236264,0.6765,0,increases_risk,term_months,0.393231,1.7605255
high_risk,13,1236264,0.6765,0,increases_risk,acc_open_past_24mths,0.343829,1.833095
high_risk,13,1236264,0.6765,0,increases_risk,loan_amnt,0.145514,1.8395164
high_risk,13,1236264,0.6765,0,increases_risk,fico_mean,0.119814,-0.81438947
high_risk,13,1236264,0.6765,0,increases_risk,avg_cur_bal,0.112083,-0.6374239
high_risk,13,1236264,0.6765,0,increases_risk,mort_acc,0.089921,-0.8386917
high_risk,13,1236264,0.6765,0,increases_risk,installment,0.079274,1.9064795
high_risk,13,1236264,0.6765,0,increases_risk,total_acc,0.069159,-0.606997
high_risk,13,1236264,0.6765,0,increases_risk,home_ownership_RENT,0.060142,1.0
high_risk,13,1236264,0.6765,0,increases_risk,revol_util_clean,0.033388,1.2340652
high_risk,13,1236264,0.6765,0,increases_risk,credit_history_years,0.027164,-0.7424818
high_risk,13,1236264,0.6765,0,increases_risk,home_ownership_MORTGAGE,0.020814,0.0
high_risk,13,1236264,0.6765,0,increases_risk,tot_cur_bal,0.012741,-0.6589442
high_risk,13,1236264,0.6765,0,increases_risk,bc_open_to_buy,0.010036,-0.5451302
high_risk,13,1236264,0.6765,0,lowers_risk,inq_last_6mths,-0.041739,-0.7074305
high_risk,13,1236264,0.6765,0,lowers_risk,total_bc_limit,-0.038178,-0.25649327
high_risk,13,1236264,0.6765,0,lowers_risk,verification_status_Verified,-0.032576,1.0
high_risk,13,1236264,0.6765,0,lowers_risk,revol_bal,-0.021776,-0.11222108
high_risk,13,1236264,0.6765,0,lowers_risk,bc_util,-0.015371,1.0645978
high_risk,13,1236264,0.6765,0,lowers_risk,verification_status_Source Verified,-0.014162,0.0
high_risk,13,1236264,0.6765,0,lowers_risk,emp_length_years_is_missing,-0.010154,0.0
high_risk,13,1236264,0.6765,0,lowers_risk,annual_inc,-0.008898,-0.002908415
high_risk,13,1236264,0.6765,0,lowers_risk,dti,-0.004687,0.43142316
high_risk,13,1236264,0.6765,0,lowers_risk,total_il_high_credit_limit,-0.003728,-0.012962088
high_risk,13,1236264,0.6765,0,lowers_risk,delinq_2yrs,-0.003363,-0.36449677
high_risk,13,1236264,0.6765,0,lowers_risk,purpose_small_business,-0.003296,0.0
high_risk,13,1236264,0.6765,0,lowers_risk,mths_since_last_record,-0.002794,0.00015048047
high_risk,13,1236264,0.6765,0,lowers_risk,purpose_debt_consolidation,-0.002181,1.0
high_risk,13,1236264,0.6765,0,lowers_risk,collections_12_mths_ex_med,-0.001558,-0.11050918
high_risk,14,1239619,0.6758,1,increases_risk,int_rate_clean,0.880342,3.2309108
high_risk,14,1239619,0.6758,1,increases_risk,term_months,0.381402,1.7605255
high_risk,14,1239619,0.6758,1,increases_risk,dti,0.318807,1.9413977
high_risk,14,1239619,0.6758,1,increases_risk,acc_open_past_24mths,0.213789,1.166135
high_risk,14,1239619,0.6758,1,increases_risk,loan_amnt,0.134935,2.431424
high_risk,14,1239619,0.6758,1,increases_risk,fico_mean,0.109682,-0.81438947
high_risk,14,1239619,0.6758,1,increases_risk,installment,0.095991,2.5561614
high_risk,14,1239619,0.6758,1,increases_risk,mort_acc,0.075172,-0.8386917
high_risk,14,1239619,0.6758,1,increases_risk,inq_last_6mths,0.072243,2.404501
high_risk,14,1239619,0.6758,1,increases_risk,home_ownership_RENT,0.068941,1.0
high_risk,14,1239619,0.6758,1,increases_risk,home_ownership_MORTGAGE,0.023267,0.0
high_risk,14,1239619,0.6758,1,increases_risk,revol_util_clean,0.020973,0.8081594
high_risk,14,1239619,0.6758,1,increases_risk,credit_history_years,0.01749,-0.5202747
high_risk,14,1239619,0.6758,1,increases_risk,purpose_major_purchase,0.011038,1.0
high_risk,14,1239619,0.6758,1,increases_risk,verification_status_Verified,0.009662,0.0
high_risk,14,1239619,0.6758,1,lowers_risk,total_il_high_credit_limit,-0.064266,1.025043
high_risk,14,1239619,0.6758,1,lowers_risk,revol_bal,-0.052148,1.665858
high_risk,14,1239619,0.6758,1,lowers_risk,total_bc_limit,-0.025974,1.9014701
high_risk,14,1239619,0.6758,1,lowers_risk,bc_open_to_buy,-0.022674,0.4844645
high_risk,14,1239619,0.6758,1,lowers_risk,avg_cur_bal,-0.020285,-0.27249017
high_risk,14,1239619,0.6758,1,lowers_risk,annual_inc,-0.02028,0.0713511
high_risk,14,1239619,0.6758,1,lowers_risk,total_acc,-0.01503,0.15013582
high_risk,14,1239619,0.6758,1,lowers_risk,bc_util,-0.014706,0.4012405
high_risk,14,1239619,0.6758,1,lowers_risk,total_bal_ex_mort,-0.012577,1.3984798
high_risk,14,1239619,0.6758,1,lowers_risk,emp_length_years_is_missing,-0.009238,0.0
high_risk,14,1239619,0.6758,1,lowers_risk,mths_since_last_record,-0.00374,0.00015048047
high_risk,14,1239619,0.6758,1,lowers_risk,delinq_2yrs,-0.003459,-0.36449677
high_risk,14,1239619,0.6758,1,lowers_risk,purpose_small_business,-0.003149,0.0
high_risk,14,1239619,0.6758,1,lowers_risk,mths_since_last_delinq_is_missing,-0.001854,1.0
high_risk,14,1239619,0.6758,1,lowers_risk,mths_since_last_delinq,-0.001551,-0.10147212
high_risk,15,1294967,0.6695,0,increases_risk,int_rate_clean,0.713698,2.7840168
high_risk,15,1294967,0.6695,0,increases_risk,term_months,0.396822,1.7605255
high_risk,15,1294967,0.6695,0,increases_risk,acc_open_past_24mths,0.344098,2.833535
high_risk,15,1294967,0.6695,0,increases_risk,loan_amnt,0.145852,1.1292273
high_risk,15,1294967,0.6695,0,increases_risk,avg_cur_bal,0.131069,-0.69651145
high_risk,15,1294967,0.6695,0,increases_risk,revol_bal,0.123256,-0.66079164
high_risk,15,1294967,0.6695,0,increases_risk,mort_acc,0.090208,-0.8386917
high_risk,15,1294967,0.6695,0,increases_risk,inq_last_6mths,0.08451,2.404501
high_risk,15,1294967,0.6695,0,increases_risk,total_bc_limit,0.076512,-0.64132196
high_risk,15,1294967,0.6695,0,increases_risk,installment,0.071335,1.091878
high_risk,15,1294967,0.6695,0,increases_risk,home_ownership_RENT,0.058362,1.0
high_risk,15,1294967,0.6695,0,increases_risk,fico_mean,0.050142,-0.49024886
high_risk,15,1294967,0.6695,0,increases_risk,annual_inc,0.025771,-0.2999465
high_risk,15,1294967,0.6695,0,increases_risk,tot_coll_amt,0.023542,0.0041485154
high_risk,15,1294967,0.6695,0,increases_risk,open_acc,0.021019,1.7632704
high_risk,15,1294967,0.6695,0,lowers_risk,dti,-0.169245,-0.9320873
high_risk,15,1294967,0.6695,0,lowers_risk,revol_util_clean,-0.036897,-1.9852808
high_risk,15,1294967,0.6695,0,lowers_risk,verification_status_Verified,-0.022025,1.0
high_risk,15,1294967,0.6695,0,lowers_risk,verification_status_Source Verified,-0.020706,0.0
high_risk,15,1294967,0.6695,0,lowers_risk,emp_length_years_is_missing,-0.011722,0.0
high_risk,15,1294967,0.6695,0,lowers_risk,delinq_2yrs,-0.007044,-0.36449677
high_risk,15,1294967,0.6695,0,lowers_risk,total_il_high_credit_limit,-0.003817,-0.13758558
high_risk,15,1294967,0.6695,0,lowers_risk,purpose_small_business,-0.00317,0.0
high_risk,15,1294967,0.6695,0,lowers_risk,mths_since_last_delinq,-0.002765,-0.10147212
high_risk,15,1294967,0.6695,0,lowers_risk,collections_12_mths_ex_med,-0.002091,-0.11050918
high_risk,15,1294967,0.6695,0,lowers_risk,pub_rec,-0.000812,-0.34276304
high_risk,15,1294967,0.6695,0,lowers_risk,mths_since_last_record_is_missing,-0.00051,1.0
high_risk,15,1294967,0.6695,0,lowers_risk,purpose_debt_consolidation,-0.00033,1.0
high_risk,15,1294967,0.6695,0,lowers_risk,purpose_moving,-0.000246,0.0
high_risk,15,1294967,0.6695,0,lowers_risk,purpose_vacation,-0.000141,0.0
high_risk,16,1202081,0.669,1,increases_risk,int_rate_clean,0.612199,1.8902289
high_risk,16,1202081,0.669,1,increases_risk,term_months,0.496692,1.7605255
high_risk,16,1202081,0.669,1,increases_risk,dti,0.370679,3.4781077
high_risk,16,1202081,0.669,1,increases_risk,loan_amnt,0.137202,1.1292273
high_risk,16,1202081,0.669,1,increases_risk,annual_inc,0.103136,-0.6712441
high_risk,16,1202081,0.669,1,increases_risk,total_bc_limit,0.091625,-0.98718065
high_risk,16,1202081,0.669,1,increases_risk,home_ownership_RENT,0.090787,1.0
high_risk,16,1202081,0.669,1,increases_risk,revol_bal,0.083646,-0.63576955
high_risk,16,1202081,0.669,1,increases_risk,mort_acc,0.065832,-0.8386917
high_risk,16,1202081,0.669,1,increases_risk,installment,0.055252,0.8711225
high_risk,16,1202081,0.669,1,increases_risk,avg_cur_bal,0.052332,-0.46087223
high_risk,16,1202081,0.669,1,increases_risk,tot_coll_amt,0.042579,0.15827465
high_risk,16,1202081,0.669,1,increases_risk,total_acc,0.0335,-0.606997
high_risk,16,1202081,0.669,1,increases_risk,home_ownership_MORTGAGE,0.024055,0.0
high_risk,16,1202081,0.669,1,increases_risk,bc_open_to_buy,0.023728,-0.6337736
high_risk,16,1202081,0.669,1,lowers_risk,acc_open_past_24mths,-0.091333,-0.5012649
high_risk,16,1202081,0.669,1,lowers_risk,bc_util,-0.026338,0.578387
high_risk,16,1202081,0.669,1,lowers_risk,inq_last_6mths,-0.023775,-0.7074305
high_risk,16,1202081,0.669,1,lowers_risk,verification_status_Source Verified,-0.01606,0.0
high_risk,16,1202081,0.669,1,lowers_risk,open_acc,-0.014835,-0.47889894
high_risk,16,1202081,0.669,1,lowers_risk,emp_length_years_is_missing,-0.013676,0.0
high_risk,16,1202081,0.669,1,lowers_risk,revol_util_clean,-0.010602,-0.1772694
high_risk,16,1202081,0.669,1,lowers_risk,total_il_high_credit_limit,-0.010162,0.48435295
high_risk,16,1202081,0.669,1,lowers_risk,verification_status_Verified,-0.0094,1.0
high_risk,16,1202081,0.669,1,lowers_risk,delinq_2yrs,-0.004686,0.79144996
high_risk,16,1202081,0.669,1,lowers_risk,purpose_small_business,-0.003579,0.0
high_risk,16,1202081,0.669,1,lowers_risk,mths_since_last_record,-0.002668,0.00015048047
high_risk,16,1202081,0.669,1,lowers_risk,collections_12_mths_ex_med,-0.001671,-0.11050918
high_risk,16,1202081,0.669,1,lowers_risk,mths_since_last_delinq_is_missing,-0.000779,0.0
high_risk,16,1202081,0.669,1,lowers_risk,purpose_medical,-0.000591,0.0
high_risk,17,1309884,0.669,0,increases_risk,int_rate_clean,0.941285,3.6778047
high_risk,17,1309884,0.669,0,increases_risk,term_months,0.396579,1.7605255
high_risk,17,1309884,0.669,0,increases_risk,acc_open_past_24mths,0.28927,1.833095
high_risk,17,1309884,0.669,0,increases_risk,dti,0.206412,1.5485021
high_risk,17,1309884,0.669,0,increases_risk,avg_cur_bal,0.118272,-0.6599857
high_risk,17,1309884,0.669,0,increases_risk,mort_acc,0.068454,-0.8386917
high_risk,17,1309884,0.669,0,increases_risk,annual_inc,0.045935,-0.4039098
high_risk,17,1309884,0.669,0,increases_risk,loan_amnt,0.0433,0.3775046
high_risk,17,1309884,0.669,0,increases_risk,fico_mean,0.042463,-0.49024886
high_risk,17,1309884,0.669,0,increases_risk,installment,0.028346,0.5111351
high_risk,17,1309884,0.669,0,increases_risk,bc_open_to_buy,0.019324,-0.3034534
high_risk,17,1309884,0.669,0,increases_risk,inq_last_6mths,0.019044,0.32988
high_risk,17,1309884,0.669,0,increases_risk,home_ownership_MORTGAGE,0.018303,0.0
high_risk,17,1309884,0.669,0,increases_risk,revol_bal,0.017013,-0.29881787
high_risk,17,1309884,0.669,0,increases_risk,credit_history_years,0.015233,-0.9197359
high_risk,17,1309884,0.669,0,lowers_risk,home_ownership_RENT,-0.053958,0.0
high_risk,17,1309884,0.669,0,lowers_risk,total_acc,-0.039205,1.0755204
high_risk,17,1309884,0.669,0,lowers_risk,mths_since_last_delinq,-0.022848,0.6762317
high_risk,17,1309884,0.669,0,lowers_risk,revol_util_clean,-0.021372,-0.55724406
high_risk,17,1309884,0.669,0,lowers_risk,home_ownership_OWN,-0.018847,1.0
high_risk,17,1309884,0.669,0,lowers_risk,emp_length_years_is_missing,-0.015453,0.0
high_risk,17,1309884,0.669,0,lowers_risk,bc_util,-0.008581,0.062023662
high_risk,17,1309884,0.669,0,lowers_risk,delinq_2yrs,-0.004817,-0.36449677
high_risk,17,1309884,0.669,0,lowers_risk,mths_since_last_record,-0.003804,0.00015048047
high_risk,17,1309884,0.669,0,lowers_risk,purpose_small_business,-0.00311,0.0
high_risk,17,1309884,0.669,0,lowers_risk,tot_coll_amt,-0.002093,-0.022939049
high_risk,17,1309884,0.669,0,lowers_risk,total_bc_limit,-0.001177,-0.3587895
high_risk,17,1309884,0.669,0,lowers_risk,collections_12_mths_ex_med,-0.00094,-0.11050918
high_risk,17,1309884,0.669,0,lowers_risk,purpose_medical,-0.000729,0.0
high_risk,17,1309884,0.669,0,lowers_risk,mths_since_last_record_is_missing,-0.000674,1.0
high_risk,18,1329169,0.6651,1,increases_risk,int_rate_clean,0.732809,2.7393274
high_risk,18,1329169,0.6651,1,increases_risk,term_months,0.391649,1.7605255
high_risk,18,1329169,0.6651,1,increases_risk,purpose_small_business,0.236226,1.0
high_risk,18,1329169,0.6651,1,increases_risk,annual_inc,0.144848,-0.6415402
high_risk,18,1329169,0.6651,1,increases_risk,collections_12_mths_ex_med,0.107825,7.08418
high_risk,18,1329169,0.6651,1,increases_risk,total_bc_limit,0.093903,-0.94821066
high_risk,18,1329169,0.6651,1,increases_risk,total_acc,0.078445,-0.8593746
high_risk,18,1329169,0.6651,1,increases_risk,dti,0.077303,0.85454154
high_risk,18,1329169,0.6651,1,increases_risk,revol_bal,0.076973,-0.66528845
high_risk,18,1329169,0.6651,1,increases_risk,home_ownership_RENT,0.075008,1.0
high_risk,18,1329169,0.6651,1,increases_risk,avg_cur_bal,0.06635,-0.51924866
high_risk,18,1329169,0.6651,1,increases_risk,mort_acc,0.0578,-0.8386917
high_risk,18,1329169,0.6651,1,increases_risk,fico_mean,0.045768,-0.49024886
high_risk,18,1329169,0.6651,1,increases_risk,bc_util,0.027543,-1.9808154
high_risk,18,1329169,0.6651,1,increases_risk,credit_history_years,0.027116,-0.6978942
high_risk,18,1329169,0.6651,1,lowers_risk,acc_open_past_24mths,-0.042842,-0.16778497
high_risk,18,1329169,0.6651,1,lowers_risk,open_acc,-0.035306,-0.85259384
high_risk,18,1329169,0.6651,1,lowers_risk,mths_since_last_record,-0.023989,-0.7337757
high_risk,18,1329169,0.6651,1,lowers_risk,loan_amnt,-0.021746,-0.5281141
high_risk,18,1329169,0.6651,1,lowers_risk,emp_length_years_is_missing,-0.016961,0.0
high_risk,18,1329169,0.6651,1,lowers_risk,revol_util_clean,-0.014983,-0.92051655
high_risk,18,1329169,0.6651,1,lowers_risk,total_il_high_credit_limit,-0.01316,-0.121719055
high_risk,18,1329169,0.6651,1,lowers_risk,inq_last_6mths,-0.009365,-0.7074305
high_risk,18,1329169,0.6651,1,lowers_risk,pub_rec_bankruptcies,-0.0084,2.386758
high_risk,18,1329169,0.6651,1,lowers_risk,delinq_2yrs,-0.004279,-0.36449677
high_risk,18,1329169,0.6651,1,lowers_risk,installment,-0.002209,-0.565402
high_risk,18,1329169,0.6651,1,lowers_risk,purpose_debt_consolidation,-0.001469,0.0
high_risk,18,1329169,0.6651,1,lowers_risk,purpose_moving,-0.000545,0.0
high_risk,18,1329169,0.6651,1,lowers_risk,mths_since_last_delinq_is_missing,-0.000509,1.0
high_risk,18,1329169,0.6651,1,lowers_risk,purpose_medical,-0.000351,0.0
high_risk,19,1294721,0.6615,0,increases_risk,int_rate_clean,0.841402,3.4990473
high_risk,19,1294721,0.6615,0,increases_risk,term_months,0.423907,1.7605255
high_risk,19,1294721,0.6615,0,increases_risk,acc_open_past_24mths,0.264814,2.166575
high_risk,19,1294721,0.6615,0,increases_risk,avg_cur_bal,0.162944,-0.7276714
high_risk,19,1294721,0.6615,0,increases_risk,fico_mean,0.147642,-1.13853
high_risk,19,1294721,0.6615,0,increases_risk,mort_acc,0.086545,-0.8386917
high_risk,19,1294721,0.6615,0,increases_risk,loan_amnt,0.052594,0.4189381
high_risk,19,1294721,0.6615,0,increases_risk,home_ownership_RENT,0.045034,1.0
high_risk,19,1294721,0.6615,0,increases_risk,inq_last_6mths,0.03828,1.3671905
high_risk,19,1294721,0.6615,0,increases_risk,installment,0.034259,0.5208527
high_risk,19,1294721,0.6615,0,increases_risk,revol_bal,0.034017,-0.39115903
high_risk,19,1294721,0.6615,0,increases_risk,total_acc,0.031898,-0.35461938
high_risk,19,1294721,0.6615,0,increases_risk,tot_coll_amt,0.030532,0.29549733
high_risk,19,1294721,0.6615,0,increases_risk,open_acc,0.022955,1.202728
high_risk,19,1294721,0.6615,0,increases_risk,home_ownership_MORTGAGE,0.022635,0.0
high_risk,19,1294721,0.6615,0,lowers_risk,credit_history_years,-0.07775,-1.5987834
high_risk,19,1294721,0.6615,0,lowers_risk,total_bc_limit,-0.048104,0.13320664
high_risk,19,1294721,0.6615,0,lowers_risk,revol_util_clean,-0.024045,-1.0833628
high_risk,19,1294721,0.6615,0,lowers_risk,bc_open_to_buy,-0.022713,0.527248
high_risk,19,1294721,0.6615,0,lowers_risk,emp_length_years_is_missing,-0.012786,0.0
high_risk,19,1294721,0.6615,0,lowers_risk,delinq_2yrs,-0.005943,-0.36449677
high_risk,19,1294721,0.6615,0,lowers_risk,mths_since_last_delinq_is_missing,-0.003479,1.0
high_risk,19,1294721,0.6615,0,lowers_risk,purpose_small_business,-0.002917,0.0
high_risk,19,1294721,0.6615,0,lowers_risk,emp_length_years,-0.001773,-1.6777077
high_risk,19,1294721,0.6615,0,lowers_risk,mths_since_last_record,-0.001533,0.00015048047
high_risk,19,1294721,0.6615,0,lowers_risk,collections_12_mths_ex_med,-0.001082,-0.11050918
high_risk,19,1294721,0.6615,0,lowers_risk,purpose_debt_consolidation,-0.00094,1.0
high_risk,19,1294721,0.6615,0,lowers_risk,pub_rec,-0.000652,-0.34276304
high_risk,19,1294721,0.6615,0,lowers_risk,purpose_moving,-0.000475,0.0
high_risk,19,1294721,0.6615,0,lowers_risk,mths_since_last_delinq,-0.000209,-0.10147212
high_risk,20,1193776,0.6595,1,increases_risk,int_rate_clean,0.860842,3.0074637
high_risk,20,1193776,0.6595,1,increases_risk,term_months,0.389366,1.7605255
high_risk,20,1193776,0.6595,1,increases_risk,acc_open_past_24mths,0.304194,1.833095
high_risk,20,1193776,0.6595,1,increases_risk,dti,0.201217,1.3334557
high_risk,20,1193776,0.6595,1,increases_risk,fico_mean,0.159388,-1.13853
high_risk,20,1193776,0.6595,1,increases_risk,annual_inc,0.108752,-0.59163785
high_risk,20,1193776,0.6595,1,increases_risk,avg_cur_bal,0.080383,-0.5805343
high_risk,20,1193776,0.6595,1,increases_risk,collections_12_mths_ex_med,0.067232,7.08418
high_risk,20,1193776,0.6595,1,increases_risk,revol_util_clean,0.032828,0.8499149
high_risk,20,1193776,0.6595,1,increases_risk,total_bc_limit,0.02532,-0.5341545
high_risk,20,1193776,0.6595,1,increases_risk,mort_acc,0.01902,-0.344349
high_risk,20,1193776,0.6595,1,increases_risk,tot_coll_amt,0.015897,-0.016009672
high_risk,20,1193776,0.6595,1,increases_risk,total_bal_ex_mort,0.012827,-0.219525
high_risk,20,1193776,0.6595,1,increases_risk,installment,0.012636,-0.3926765
high_risk,20,1193776,0.6595,1,increases_risk,credit_history_years,0.012495,1.5939823
high_risk,20,1193776,0.6595,1,lowers_risk,home_ownership_RENT,-0.067078,0.0
high_risk,20,1193776,0.6595,1,lowers_risk,inq_last_6mths,-0.034534,-0.7074305
high_risk,20,1193776,0.6595,1,lowers_risk,mths_since_last_record,-0.02049,-1.1007388
high_risk,20,1193776,0.6595,1,lowers_risk,home_ownership_MORTGAGE,-0.020047,1.0
high_risk,20,1193776,0.6595,1,lowers_risk,bc_util,-0.019436,0.63869226
high_risk,20,1193776,0.6595,1,lowers_risk,emp_length_years_is_missing,-0.014935,0.0
high_risk,20,1193776,0.6595,1,lowers_risk,verification_status_Verified,-0.01028,1.0
high_risk,20,1193776,0.6595,1,lowers_risk,loan_amnt,-0.006569,-0.38605624
high_risk,20,1193776,0.6595,1,lowers_risk,verification_status_Source Verified,-0.006299,0.0
high_risk,20,1193776,0.6595,1,lowers_risk,open_acc,-0.00532,-0.2920515
high_risk,20,1193776,0.6595,1,lowers_risk,total_il_high_credit_limit,-0.005127,-0.23202337
high_risk,20,1193776,0.6595,1,lowers_risk,delinq_2yrs,-0.003069,-0.36449677
high_risk,20,1193776,0.6595,1,lowers_risk,purpose_small_business,-0.002876,0.0
high_risk,20,1193776,0.6595,1,lowers_risk,mths_since_last_delinq_is_missing,-0.002116,1.0
high_risk,20,1193776,0.6595,1,lowers_risk,pub_rec_bankruptcies,-0.001544,2.386758
high_risk,21,997264,0.6568,1,increases_risk,int_rate_clean,0.90116,3.9682858
high_risk,21,997264,0.6568,1,increases_risk,term_months,0.390796,1.7605255
high_risk,21,997264,0.6568,1,increases_risk,acc_open_past_24mths,0.324726,3.8339748
high_risk,21,997264,0.6568,1,increases_risk,dti,0.172211,1.0719128
high_risk,21,997264,0.6568,1,increases_risk,fico_mean,0.122829,-0.81438947
high_risk,21,997264,0.6568,1,increases_risk,loan_amnt,0.095581,1.8276782
high_risk,21,997264,0.6568,1,increases_risk,open_acc,0.091773,5.1265244
high_risk,21,997264,0.6568,1,increases_risk,installment,0.078339,2.1694906
high_risk,21,997264,0.6568,1,increases_risk,avg_cur_bal,0.060823,-0.55790776
high_risk,21,997264,0.6568,1,increases_risk,home_ownership_RENT,0.041977,1.0
high_risk,21,997264,0.6568,1,increases_risk,inq_last_6mths,0.031899,1.3671905
high_risk,21,997264,0.6568,1,increases_risk,credit_history_years,0.024051,-0.019212242
high_risk,21,997264,0.6568,1,increases_risk,mths_since_last_delinq,0.020972,-0.23108941
high_risk,21,997264,0.6568,1,increases_risk,home_ownership_MORTGAGE,0.020914,0.0
high_risk,21,997264,0.6568,1,increases_risk,tot_coll_amt,0.016425,-0.0024658896
high_risk,21,997264,0.6568,1,lowers_risk,total_acc,-0.111761,4.0199256
high_risk,21,997264,0.6568,1,lowers_risk,total_bc_limit,-0.063975,1.058744
high_risk,21,997264,0.6568,1,lowers_risk,bc_open_to_buy,-0.041047,1.1329424
high_risk,21,997264,0.6568,1,lowers_risk,revol_util_clean,-0.030147,-0.7117393
high_risk,21,997264,0.6568,1,lowers_risk,revol_bal,-0.027791,0.08621889
high_risk,21,997264,0.6568,1,lowers_risk,total_il_high_credit_limit,-0.020744,2.2173908
high_risk,21,997264,0.6568,1,lowers_risk,verification_status_Verified,-0.013787,1.0
high_risk,21,997264,0.6568,1,lowers_risk,mths_since_last_record,-0.012825,-1.0089979
high_risk,21,997264,0.6568,1,lowers_risk,emp_length_years_is_missing,-0.01138,0.0
high_risk,21,997264,0.6568,1,lowers_risk,verification_status_Source Verified,-0.006371,0.0
high_risk,21,997264,0.6568,1,lowers_risk,delinq_2yrs,-0.004907,-0.36449677
high_risk,21,997264,0.6568,1,lowers_risk,purpose_small_business,-0.00422,0.0
high_risk,21,997264,0.6568,1,lowers_risk,pub_rec_bankruptcies,-0.001183,5.111499
high_risk,21,997264,0.6568,1,lowers_risk,collections_12_mths_ex_med,-0.001069,-0.11050918
high_risk,21,997264,0.6568,1,lowers_risk,purpose_medical,-0.00067,0.0
high_risk,22,443889,0.6489,1,increases_risk,int_rate_clean,0.681837,2.4488463
high_risk,22,443889,0.6489,1,increases_risk,term_months,0.394669,1.7605255
high_risk,22,443889,0.6489,1,increases_risk,acc_open_past_24mths,0.236573,1.166135
high_risk,22,443889,0.6489,1,increases_risk,dti,0.198846,1.0637759
high_risk,22,443889,0.6489,1,increases_risk,fico_mean,0.170515,-0.97645974
high_risk,22,443889,0.6489,1,increases_risk,avg_cur_bal,0.097039,-0.6383289
high_risk,22,443889,0.6489,1,increases_risk,mort_acc,0.075397,-0.8386917
high_risk,22,443889,0.6489,1,increases_risk,annual_inc,0.067588,-0.47983274
high_risk,22,443889,0.6489,1,increases_risk,loan_amnt,0.057472,0.4189381
high_risk,22,443889,0.6489,1,increases_risk,bc_util,0.047354,1.373662
high_risk,22,443889,0.6489,1,increases_risk,revol_util_clean,0.037639,1.2465918
high_risk,22,443889,0.6489,1,increases_risk,installment,0.028774,0.32072693
high_risk,22,443889,0.6489,1,increases_risk,mths_since_last_delinq,0.025529,-1.3976451
high_risk,22,443889,0.6489,1,increases_risk,bc_open_to_buy,0.021241,-0.63720775
high_risk,22,443889,0.6489,1,increases_risk,total_il_high_credit_limit,0.020543,-0.51767004
high_risk,22,443889,0.6489,1,lowers_risk,home_ownership_RENT,-0.050326,0.0
high_risk,22,443889,0.6489,1,lowers_risk,home_ownership_MORTGAGE,-0.018618,1.0
high_risk,22,443889,0.6489,1,lowers_risk,verification_status_Verified,-0.016698,1.0
high_risk,22,443889,0.6489,1,lowers_risk,revol_bal,-0.015648,-0.03176763
high_risk,22,443889,0.6489,1,lowers_risk,emp_length_years_is_missing,-0.013789,0.0
high_risk,22,443889,0.6489,1,lowers_risk,verification_status_Source Verified,-0.011607,0.0
high_risk,22,443889,0.6489,1,lowers_risk,open_acc,-0.006587,-0.2920515
high_risk,22,443889,0.6489,1,lowers_risk,mths_since_last_record,-0.003089,0.00015048047
high_risk,22,443889,0.6489,1,lowers_risk,purpose_small_business,-0.003078,0.0
high_risk,22,443889,0.6489,1,lowers_risk,tot_coll_amt,-0.002354,-0.022939049
high_risk,22,443889,0.6489,1,lowers_risk,delinq_2yrs,-0.002006,0.79144996
high_risk,22,443889,0.6489,1,lowers_risk,collections_12_mths_ex_med,-0.000976,-0.11050918
high_risk,22,443889,0.6489,1,lowers_risk,purpose_medical,-0.000828,0.0
high_risk,22,443889,0.6489,1,lowers_risk,purpose_debt_consolidation,-0.00077,1.0
high_risk,22,443889,0.6489,1,lowers_risk,mths_since_last_record_is_missing,-0.000631,1.0
high_risk,23,976330,0.6456,0,increases_risk,int_rate_clean,0.901207,3.9012518
high_risk,23,976330,0.6456,0,increases_risk,acc_open_past_24mths,0.3978,3.500495
high_risk,23,976330,0.6456,0,increases_risk,term_months,0.356833,1.7605255
high_risk,23,976330,0.6456,0,increases_risk,open_acc,0.131852,4.0054398
high_risk,23,976330,0.6456,0,increases_risk,fico_mean,0.078372,-0.65231913
high_risk,23,976330,0.6456,0,increases_risk,total_bc_limit,0.059888,-0.67054945
high_risk,23,976330,0.6456,0,increases_risk,avg_cur_bal,0.055082,-0.394027
high_risk,23,976330,0.6456,0,increases_risk,loan_amnt,0.050352,0.4189381
high_risk,23,976330,0.6456,0,increases_risk,purpose_medical,0.04674,1.0
high_risk,23,976330,0.6456,0,increases_risk,revol_bal,0.045019,-0.38697383
high_risk,23,976330,0.6456,0,increases_risk,mths_since_last_record,0.040451,2.6606326
high_risk,23,976330,0.6456,0,increases_risk,installment,0.03945,0.59982765
high_risk,23,976330,0.6456,0,increases_risk,credit_history_years,0.032726,-0.8086323
high_risk,23,976330,0.6456,0,increases_risk,mort_acc,0.024501,-0.344349
high_risk,23,976330,0.6456,0,increases_risk,inq_last_6mths,0.013456,0.32988
high_risk,23,976330,0.6456,0,lowers_risk,total_acc,-0.063083,2.2532825
high_risk,23,976330,0.6456,0,lowers_risk,dti,-0.032347,0.26636052
high_risk,23,976330,0.6456,0,lowers_risk,home_ownership_RENT,-0.0302,0.0
high_risk,23,976330,0.6456,0,lowers_risk,revol_util_clean,-0.022703,-0.31088686
high_risk,23,976330,0.6456,0,lowers_risk,total_il_high_credit_limit,-0.019711,1.836987
high_risk,23,976330,0.6456,0,lowers_risk,bc_util,-0.017923,0.9552946
high_risk,23,976330,0.6456,0,lowers_risk,home_ownership_MORTGAGE,-0.017757,1.0
high_risk,23,976330,0.6456,0,lowers_risk,emp_length_years_is_missing,-0.012421,0.0
high_risk,23,976330,0.6456,0,lowers_risk,verification_status_Verified,-0.007393,1.0
high_risk,23,976330,0.6456,0,lowers_risk,tot_cur_bal,-0.006901,0.58139247
high_risk,23,976330,0.6456,0,lowers_risk,delinq_2yrs,-0.005644,-0.36449677
high_risk,23,976330,0.6456,0,lowers_risk,mths_since_last_delinq,-0.004807,-0.10147212
high_risk,23,976330,0.6456,0,lowers_risk,verification_status_Source Verified,-0.0042,0.0
high_risk,23,976330,0.6456,0,lowers_risk,mths_since_last_delinq_is_missing,-0.004021,1.0
high_risk,23,976330,0.6456,0,lowers_risk,purpose_small_business,-0.003957,0.0
high_risk,24,998569,0.6452,0,increases_risk,int_rate_clean,0.824588,3.979458
high_risk,24,998569,0.6452,0,increases_risk,term_months,0.397882,1.7605255
high_risk,24,998569,0.6452,0,increases_risk,acc_open_past_24mths,0.254985,2.166575
high_risk,24,998569,0.6452,0,increases_risk,dti,0.192285,1.3671657
high_risk,24,998569,0.6452,0,increases_risk,avg_cur_bal,0.139312,-0.7613526
high_risk,24,998569,0.6452,0,increases_risk,annual_inc,0.092424,-0.5078731
high_risk,24,998569,0.6452,0,increases_risk,open_acc,0.075989,3.0712025
high_risk,24,998569,0.6452,0,increases_risk,home_ownership_RENT,0.070558,1.0
high_risk,24,998569,0.6452,0,increases_risk,mort_acc,0.06713,-0.8386917
high_risk,24,998569,0.6452,0,increases_risk,fico_mean,0.045604,-0.49024886
high_risk,24,998569,0.6452,0,increases_risk,total_il_high_credit_limit,0.042076,-0.7471453
high_risk,24,998569,0.6452,0,increases_risk,home_ownership_MORTGAGE,0.020495,0.0
high_risk,24,998569,0.6452,0,increases_risk,installment,0.018488,-0.026157673
high_risk,24,998569,0.6452,0,increases_risk,mths_since_last_record,0.017703,0.18363202
high_risk,24,998569,0.6452,0,increases_risk,credit_history_years,0.016188,0.19276167
high_risk,24,998569,0.6452,0,lowers_risk,total_acc,-0.07569,2.0009048
high_risk,24,998569,0.6452,0,lowers_risk,bc_open_to_buy,-0.048411,1.3967265
high_risk,24,998569,0.6452,0,lowers_risk,inq_last_6mths,-0.039289,-0.7074305
high_risk,24,998569,0.6452,0,lowers_risk,revol_util_clean,-0.02962,-1.100065
high_risk,24,998569,0.6452,0,lowers_risk,total_bc_limit,-0.02625,1.3120489
high_risk,24,998569,0.6452,0,lowers_risk,revol_bal,-0.020187,0.22303873
high_risk,24,998569,0.6452,0,lowers_risk,emp_length_years_is_missing,-0.017329,0.0
high_risk,24,998569,0.6452,0,lowers_risk,emp_length_years,-0.004811,1.1228448
high_risk,24,998569,0.6452,0,lowers_risk,purpose_small_business,-0.00422,0.0
high_risk,24,998569,0.6452,0,lowers_risk,total_bal_ex_mort,-0.003493,-0.4240307
high_risk,24,998569,0.6452,0,lowers_risk,delinq_2yrs,-0.002971,-0.36449677
high_risk,24,998569,0.6452,0,lowers_risk,mths_since_last_delinq_is_missing,-0.002277,1.0
high_risk,24,998569,0.6452,0,lowers_risk,collections_12_mths_ex_med,-0.001507,-0.11050918
high_risk,24,998569,0.6452,0,lowers_risk,mths_since_last_delinq,-0.001363,-0.10147212
high_risk,24,998569,0.6452,0,lowers_risk,purpose_debt_consolidation,-0.001109,1.0
high_risk,25,1212517,0.6417,1,increases_risk,int_rate_clean,0.958651,3.541502
high_risk,25,1212517,0.6417,1,increases_risk,acc_open_past_24mths,0.325769,2.5000548
high_risk,25,1212517,0.6417,1,increases_risk,term_months,0.324478,1.7605255
high_risk,25,1212517,0.6417,1,increases_risk,revol_bal,0.158644,-0.69155717
high_risk,25,1212517,0.6417,1,increases_risk,mort_acc,0.098936,-0.8386917
high_risk,25,1212517,0.6417,1,increases_risk,loan_amnt,0.093341,0.49884564
high_risk,25,1212517,0.6417,1,increases_risk,avg_cur_bal,0.073051,-0.6253348
high_risk,25,1212517,0.6417,1,increases_risk,inq_last_6mths,0.063992,1.3671905
high_risk,25,1212517,0.6417,1,increases_risk,total_bc_limit,0.060726,-0.62183696
high_risk,25,1212517,0.6417,1,increases_risk,annual_inc,0.051106,-0.3860875
high_risk,25,1212517,0.6417,1,increases_risk,installment,0.047811,0.6142447
high_risk,25,1212517,0.6417,1,increases_risk,tot_coll_amt,0.024785,0.004778459
high_risk,25,1212517,0.6417,1,increases_risk,home_ownership_MORTGAGE,0.018604,0.0
high_risk,25,1212517,0.6417,1,increases_risk,credit_history_years,0.014634,0.21432453
high_risk,25,1212517,0.6417,1,increases_risk,tot_cur_bal,0.009567,-0.68578804
high_risk,25,1212517,0.6417,1,lowers_risk,fico_mean,-0.076558,0.32010263
high_risk,25,1212517,0.6417,1,lowers_risk,dti,-0.048569,0.021091368
high_risk,25,1212517,0.6417,1,lowers_risk,home_ownership_RENT,-0.042704,0.0
high_risk,25,1212517,0.6417,1,lowers_risk,total_acc,-0.039657,0.57076514
high_risk,25,1212517,0.6417,1,lowers_risk,revol_util_clean,-0.030701,-1.7848545
high_risk,25,1212517,0.6417,1,lowers_risk,verification_status_Verified,-0.013891,1.0
high_risk,25,1212517,0.6417,1,lowers_risk,emp_length_years_is_missing,-0.01171,0.0
high_risk,25,1212517,0.6417,1,lowers_risk,home_ownership_OWN,-0.009603,1.0
high_risk,25,1212517,0.6417,1,lowers_risk,verification_status_Source Verified,-0.007477,0.0
high_risk,25,1212517,0.6417,1,lowers_risk,open_acc,-0.00739,-0.2920515
high_risk,25,1212517,0.6417,1,lowers_risk,delinq_2yrs,-0.007043,-0.36449677
high_risk,25,1212517,0.6417,1,lowers_risk,purpose_small_business,-0.002978,0.0
high_risk,25,1212517,0.6417,1,lowers_risk,mths_since_last_delinq,-0.002275,-0.10147212
high_risk,25,1212517,0.6417,1,lowers_risk,bc_open_to_buy,-0.002148,-0.12459251
high_risk,25,1212517,0.6417,1,lowers_risk,collections_12_mths_ex_med,-0.000797,-0.11050918
high_risk,26,1310444,0.6387,1,increases_risk,int_rate_clean,0.906995,2.951602
high_risk,26,1310444,0.6387,1,increases_risk,term_months,0.444963,1.7605255
high_risk,26,1310444,0.6387,1,increases_risk,dti,0.157126,0.9847318
high_risk,26,1310444,0.6387,1,increases_risk,fico_mean,0.120997,-0.81438947
high_risk,26,1310444,0.6387,1,increases_risk,loan_amnt,0.112259,0.98125035
high_risk,26,1310444,0.6387,1,increases_risk,bc_util,0.094849,1.4791962
high_risk,26,1310444,0.6387,1,increases_risk,mort_acc,0.086798,-0.8386917
high_risk,26,1310444,0.6387,1,increases_risk,avg_cur_bal,0.059817,-0.5405823
high_risk,26,1310444,0.6387,1,increases_risk,installment,0.057776,0.98450714
high_risk,26,1310444,0.6387,1,increases_risk,total_bc_limit,0.051148,-0.67054945
high_risk,26,1310444,0.6387,1,increases_risk,home_ownership_RENT,0.050306,1.0
high_risk,26,1310444,0.6387,1,increases_risk,bc_open_to_buy,0.032436,-0.6415004
high_risk,26,1310444,0.6387,1,increases_risk,mths_since_last_delinq,0.025729,-1.0087932
high_risk,26,1310444,0.6387,1,increases_risk,credit_history_years,0.024843,0.64850557
high_risk,26,1310444,0.6387,1,increases_risk,inq_last_6mths,0.023515,0.32988
high_risk,26,1310444,0.6387,1,lowers_risk,acc_open_past_24mths,-0.108777,-0.5012649
high_risk,26,1310444,0.6387,1,lowers_risk,annual_inc,-0.066261,0.086203
high_risk,26,1310444,0.6387,1,lowers_risk,revol_bal,-0.029342,-0.042097013
high_risk,26,1310444,0.6387,1,lowers_risk,total_acc,-0.022415,0.15013582
high_risk,26,1310444,0.6387,1,lowers_risk,total_il_high_credit_limit,-0.012598,0.46340227
high_risk,26,1310444,0.6387,1,lowers_risk,emp_length_years_is_missing,-0.010157,0.0
high_risk,26,1310444,0.6387,1,lowers_risk,revol_util_clean,-0.009742,0.18182755
high_risk,26,1310444,0.6387,1,lowers_risk,verification_status_Source Verified,-0.004797,0.0
high_risk,26,1310444,0.6387,1,lowers_risk,tot_coll_amt,-0.00401,-0.022939049
high_risk,26,1310444,0.6387,1,lowers_risk,purpose_small_business,-0.003708,0.0
high_risk,26,1310444,0.6387,1,lowers_risk,mths_since_last_record,-0.002673,0.00015048047
high_risk,26,1310444,0.6387,1,lowers_risk,delinq_2yrs,-0.002521,0.79144996
high_risk,26,1310444,0.6387,1,lowers_risk,collections_12_mths_ex_med,-0.001963,-0.11050918
high_risk,26,1310444,0.6387,1,lowers_risk,purpose_debt_consolidation,-0.001043,1.0
high_risk,26,1310444,0.6387,1,lowers_risk,purpose_medical,-0.000816,0.0
high_risk,27,1003413,0.6361,0,increases_risk,int_rate_clean,0.706338,2.7840168
high_risk,27,1003413,0.6361,0,increases_risk,term_months,0.429973,1.7605255
high_risk,27,1003413,0.6361,0,increases_risk,loan_amnt,0.184874,1.6027533
high_risk,27,1003413,0.6361,0,increases_risk,avg_cur_bal,0.162164,-0.7003256
high_risk,27,1003413,0.6361,0,increases_risk,acc_open_past_24mths,0.128856,0.49917498
high_risk,27,1003413,0.6361,0,increases_risk,mort_acc,0.10103,-0.8386917
high_risk,27,1003413,0.6361,0,increases_risk,installment,0.099626,1.5640553
high_risk,27,1003413,0.6361,0,increases_risk,fico_mean,0.070122,-0.65231913
high_risk,27,1003413,0.6361,0,increases_risk,home_ownership_RENT,0.061302,1.0
high_risk,27,1003413,0.6361,0,increases_risk,revol_bal,0.05082,-0.4722358
high_risk,27,1003413,0.6361,0,increases_risk,total_bc_limit,0.042102,-0.5097982
high_risk,27,1003413,0.6361,0,increases_risk,verification_status_Source Verified,0.034198,1.0
high_risk,27,1003413,0.6361,0,increases_risk,home_ownership_MORTGAGE,0.022392,0.0
high_risk,27,1003413,0.6361,0,increases_risk,open_acc,0.022074,0.6421857
high_risk,27,1003413,0.6361,0,increases_risk,verification_status_Verified,0.020436,0.0
high_risk,27,1003413,0.6361,0,lowers_risk,dti,-0.088964,-0.38924044
high_risk,27,1003413,0.6361,0,lowers_risk,inq_last_6mths,-0.0188,-0.7074305
high_risk,27,1003413,0.6361,0,lowers_risk,revol_util_clean,-0.015561,-0.35681787
high_risk,27,1003413,0.6361,0,lowers_risk,emp_length_years,-0.011834,-0.8375419
high_risk,27,1003413,0.6361,0,lowers_risk,emp_length_years_is_missing,-0.011402,0.0
high_risk,27,1003413,0.6361,0,lowers_risk,total_il_high_credit_limit,-0.008509,-0.19773595
high_risk,27,1003413,0.6361,0,lowers_risk,credit_history_years,-0.007592,-0.8974421
high_risk,27,1003413,0.6361,0,lowers_risk,total_acc,-0.006453,0.06600995
high_risk,27,1003413,0.6361,0,lowers_risk,delinq_2yrs,-0.005876,0.79144996
high_risk,27,1003413,0.6361,0,lowers_risk,tot_coll_amt,-0.004717,-0.022939049
high_risk,27,1003413,0.6361,0,lowers_risk,purpose_small_business,-0.003761,0.0
high_risk,27,1003413,0.6361,0,lowers_risk,mths_since_last_record,-0.002263,0.00015048047
high_risk,27,1003413,0.6361,0,lowers_risk,collections_12_mths_ex_med,-0.002204,-0.11050918
high_risk,27,1003413,0.6361,0,lowers_risk,mths_since_last_record_is_missing,-0.001141,1.0
high_risk,27,1003413,0.6361,0,lowers_risk,purpose_moving,-0.000316,0.0
high_risk,28,1205329,0.6274,0,increases_risk,int_rate_clean,0.692228,2.6722932
high_risk,28,1205329,0.6274,0,increases_risk,term_months,0.393451,1.7605255
high_risk,28,1205329,0.6274,0,increases_risk,acc_open_past_24mths,0.288164,1.166135
high_risk,28,1205329,0.6274,0,increases_risk,loan_amnt,0.157832,1.8395164
high_risk,28,1205329,0.6274,0,increases_risk,mort_acc,0.091955,-0.8386917
high_risk,28,1205329,0.6274,0,increases_risk,installment,0.086093,1.7650175
high_risk,28,1205329,0.6274,0,increases_risk,total_acc,0.080668,-0.52287114
high_risk,28,1205329,0.6274,0,increases_risk,home_ownership_RENT,0.072802,1.0
high_risk,28,1205329,0.6274,0,increases_risk,avg_cur_bal,0.07054,-0.56101084
high_risk,28,1205329,0.6274,0,increases_risk,total_bc_limit,0.060793,-0.5682532
high_risk,28,1205329,0.6274,0,increases_risk,fico_mean,0.05343,-0.49024886
high_risk,28,1205329,0.6274,0,increases_risk,bc_util,0.042534,1.3435094
high_risk,28,1205329,0.6274,0,increases_risk,revol_util_clean,0.024626,1.2465918
high_risk,28,1205329,0.6274,0,increases_risk,home_ownership_MORTGAGE,0.021736,0.0
high_risk,28,1205329,0.6274,0,increases_risk,bc_open_to_buy,0.01906,-0.6332728
high_risk,28,1205329,0.6274,0,lowers_risk,annual_inc,-0.095808,0.30898157
high_risk,28,1205329,0.6274,0,lowers_risk,verification_status_Verified,-0.02194,1.0
high_risk,28,1205329,0.6274,0,lowers_risk,inq_last_6mths,-0.016136,-0.7074305
high_risk,28,1205329,0.6274,0,lowers_risk,verification_status_Source Verified,-0.014216,0.0
high_risk,28,1205329,0.6274,0,lowers_risk,revol_bal,-0.010529,-0.024510344
high_risk,28,1205329,0.6274,0,lowers_risk,emp_length_years_is_missing,-0.009316,0.0
high_risk,28,1205329,0.6274,0,lowers_risk,total_il_high_credit_limit,-0.008479,-0.030768953
high_risk,28,1205329,0.6274,0,lowers_risk,dti,-0.004763,0.41166216
high_risk,28,1205329,0.6274,0,lowers_risk,mths_since_last_delinq,-0.003645,-0.10147212
high_risk,28,1205329,0.6274,0,lowers_risk,delinq_2yrs,-0.003613,-0.36449677
high_risk,28,1205329,0.6274,0,lowers_risk,purpose_small_business,-0.003578,0.0
high_risk,28,1205329,0.6274,0,lowers_risk,emp_length_years,-0.003204,1.1228448
high_risk,28,1205329,0.6274,0,lowers_risk,tot_coll_amt,-0.002324,-0.022939049
high_risk,28,1205329,0.6274,0,lowers_risk,mths_since_last_record,-0.002148,0.00015048047
high_risk,28,1205329,0.6274,0,lowers_risk,collections_12_mths_ex_med,-0.001926,-0.11050918
high_risk,29,1232456,0.6268,1,increases_risk,int_rate_clean,0.731811,2.4488463
high_risk,29,1232456,0.6268,1,increases_risk,term_months,0.393966,1.7605255
high_risk,29,1232456,0.6268,1,increases_risk,dti,0.240311,1.3508918
high_risk,29,1232456,0.6268,1,increases_risk,acc_open_past_24mths,0.216215,1.166135
high_risk,29,1232456,0.6268,1,increases_risk,fico_mean,0.126116,-0.81438947
high_risk,29,1232456,0.6268,1,increases_risk,loan_amnt,0.093828,1.0226839
high_risk,29,1232456,0.6268,1,increases_risk,avg_cur_bal,0.056406,-0.36823273
high_risk,29,1232456,0.6268,1,increases_risk,mths_since_last_record,0.054236,1.2845212
high_risk,29,1232456,0.6268,1,increases_risk,installment,0.043152,0.90493476
high_risk,29,1232456,0.6268,1,increases_risk,mths_since_last_delinq,0.031834,-1.0736018
high_risk,29,1232456,0.6268,1,increases_risk,annual_inc,0.02895,-0.2999465
high_risk,29,1232456,0.6268,1,increases_risk,bc_util,0.023763,-1.1553879
high_risk,29,1232456,0.6268,1,increases_risk,open_acc,0.023439,1.3895755
high_risk,29,1232456,0.6268,1,increases_risk,total_bc_limit,0.021795,-0.41237324
high_risk,29,1232456,0.6268,1,increases_risk,mort_acc,0.020721,-0.344349
high_risk,29,1232456,0.6268,1,lowers_risk,home_ownership_RENT,-0.045371,0.0
high_risk,29,1232456,0.6268,1,lowers_risk,total_acc,-0.032904,0.23426169
high_risk,29,1232456,0.6268,1,lowers_risk,revol_util_clean,-0.017359,-1.0624851
high_risk,29,1232456,0.6268,1,lowers_risk,home_ownership_MORTGAGE,-0.016007,1.0
high_risk,29,1232456,0.6268,1,lowers_risk,inq_last_6mths,-0.015783,-0.7074305
high_risk,29,1232456,0.6268,1,lowers_risk,verification_status_Verified,-0.014402,1.0
high_risk,29,1232456,0.6268,1,lowers_risk,emp_length_years_is_missing,-0.011554,0.0
high_risk,29,1232456,0.6268,1,lowers_risk,emp_length_years,-0.010814,1.1228448
high_risk,29,1232456,0.6268,1,lowers_risk,verification_status_Source Verified,-0.008348,0.0
high_risk,29,1232456,0.6268,1,lowers_risk,total_il_high_credit_limit,-0.007974,0.02031833
high_risk,29,1232456,0.6268,1,lowers_risk,delinq_2yrs,-0.004582,0.79144996
high_risk,29,1232456,0.6268,1,lowers_risk,purpose_small_business,-0.003539,0.0
high_risk,29,1232456,0.6268,1,lowers_risk,tot_coll_amt,-0.002988,-0.022939049
high_risk,29,1232456,0.6268,1,lowers_risk,collections_12_mths_ex_med,-0.001444,-0.11050918
high_risk,29,1232456,0.6268,1,lowers_risk,purpose_medical,-0.000587,0.0
high_risk,30,984715,0.626,1,increases_risk,int_rate_clean,0.838775,3.4990473
high_risk,30,984715,0.626,1,increases_risk,term_months,0.422747,1.7605255
high_risk,30,984715,0.626,1,increases_risk,acc_open_past_24mths,0.269185,1.833095
high_risk,30,984715,0.626,1,increases_risk,avg_cur_bal,0.168216,-0.75404745
high_risk,30,984715,0.626,1,increases_risk,fico_mean,0.130408,-0.97645974
high_risk,30,984715,0.626,1,increases_risk,mort_acc,0.094883,-0.8386917
high_risk,30,984715,0.626,1,increases_risk,home_ownership_RENT,0.054838,1.0
high_risk,30,984715,0.626,1,increases_risk,open_acc,0.043564,2.5106602
high_risk,30,984715,0.626,1,increases_risk,annual_inc,0.035676,-0.2850946
high_risk,30,984715,0.626,1,increases_risk,total_il_high_credit_limit,0.034285,-0.7176227
high_risk,30,984715,0.626,1,increases_risk,installment,0.022062,0.018168684
high_risk,30,984715,0.626,1,increases_risk,verification_status_Verified,0.019857,0.0
high_risk,30,984715,0.626,1,increases_risk,inq_last_6mths,0.019257,0.32988
high_risk,30,984715,0.626,1,increases_risk,home_ownership_MORTGAGE,0.018672,0.0
high_risk,30,984715,0.626,1,increases_risk,emp_length_years,0.017324,-1.3976524
high_risk,30,984715,0.626,1,lowers_risk,dti,-0.068512,-0.14629611
high_risk,30,984715,0.626,1,lowers_risk,total_acc,-0.057779,0.654891
high_risk,30,984715,0.626,1,lowers_risk,revol_util_clean,-0.029295,-0.45285544
high_risk,30,984715,0.626,1,lowers_risk,total_bc_limit,-0.024718,0.29395786
high_risk,30,984715,0.626,1,lowers_risk,revol_bal,-0.01885,-0.0097286375
high_risk,30,984715,0.626,1,lowers_risk,emp_length_years_is_missing,-0.015098,0.0
high_risk,30,984715,0.626,1,lowers_risk,mths_since_last_record,-0.013527,-2.201628
high_risk,30,984715,0.626,1,lowers_risk,bc_open_to_buy,-0.011316,0.30689144
high_risk,30,984715,0.626,1,lowers_risk,loan_amnt,-0.004502,-0.054587975
high_risk,30,984715,0.626,1,lowers_risk,purpose_small_business,-0.003841,0.0
high_risk,30,984715,0.626,1,lowers_risk,bc_util,-0.003403,-0.4731851
high_risk,30,984715,0.626,1,lowers_risk,delinq_2yrs,-0.003255,-0.36449677
high_risk,30,984715,0.626,1,lowers_risk,mths_since_last_delinq_is_missing,-0.00185,1.0
high_risk,30,984715,0.626,1,lowers_risk,mths_since_last_delinq,-0.001788,-0.10147212
high_risk,30,984715,0.626,1,lowers_risk,tot_coll_amt,-0.00164,-0.022939049
high_risk,31,990957,0.6245,0,increases_risk,int_rate_clean,0.920429,3.4990473
high_risk,31,990957,0.6245,0,increases_risk,term_months,0.361316,1.7605255
high_risk,31,990957,0.6245,0,increases_risk,acc_open_past_24mths,0.292163,1.499615
high_risk,31,990957,0.6245,0,increases_risk,total_bc_limit,0.122828,-1.0115368
high_risk,31,990957,0.6245,0,increases_risk,loan_amnt,0.093474,0.65570116
high_risk,31,990957,0.6245,0,increases_risk,mort_acc,0.070618,-0.8386917
high_risk,31,990957,0.6245,0,increases_risk,avg_cur_bal,0.070255,-0.54892176
high_risk,31,990957,0.6245,0,increases_risk,dti,0.052901,0.63717026
high_risk,31,990957,0.6245,0,increases_risk,fico_mean,0.038628,-0.49024886
high_risk,31,990957,0.6245,0,increases_risk,installment,0.036196,0.77215487
high_risk,31,990957,0.6245,0,increases_risk,annual_inc,0.036026,-0.22568697
high_risk,31,990957,0.6245,0,increases_risk,home_ownership_MORTGAGE,0.020099,0.0
high_risk,31,990957,0.6245,0,increases_risk,tot_coll_amt,0.018989,0.004043525
high_risk,31,990957,0.6245,0,increases_risk,credit_history_years,0.015621,-0.286007
high_risk,31,990957,0.6245,0,increases_risk,tot_cur_bal,0.010652,-0.5495648
high_risk,31,990957,0.6245,0,lowers_risk,home_ownership_RENT,-0.054419,0.0
high_risk,31,990957,0.6245,0,lowers_risk,mths_since_last_delinq,-0.04613,3.0741518
high_risk,31,990957,0.6245,0,lowers_risk,inq_last_6mths,-0.037152,-0.7074305
high_risk,31,990957,0.6245,0,lowers_risk,bc_util,-0.02084,0.14117426
high_risk,31,990957,0.6245,0,lowers_risk,emp_length_years_is_missing,-0.011662,0.0
high_risk,31,990957,0.6245,0,lowers_risk,verification_status_Verified,-0.010314,1.0
high_risk,31,990957,0.6245,0,lowers_risk,home_ownership_OWN,-0.007181,1.0
high_risk,31,990957,0.6245,0,lowers_risk,delinq_2yrs,-0.006058,-0.36449677
high_risk,31,990957,0.6245,0,lowers_risk,total_il_high_credit_limit,-0.005923,0.36594343
high_risk,31,990957,0.6245,0,lowers_risk,verification_status_Source Verified,-0.005727,0.0
high_risk,31,990957,0.6245,0,lowers_risk,total_acc,-0.00429,-0.102241784
high_risk,31,990957,0.6245,0,lowers_risk,purpose_small_business,-0.004016,0.0
high_risk,31,990957,0.6245,0,lowers_risk,revol_util_clean,-0.003213,-0.0018964694
high_risk,31,990957,0.6245,0,lowers_risk,mths_since_last_record,-0.002949,0.00015048047
high_risk,31,990957,0.6245,0,lowers_risk,mths_since_last_record_is_missing,-0.000723,1.0
high_risk,32,1203215,0.6239,1,increases_risk,int_rate_clean,1.04587,3.0074637
high_risk,32,1203215,0.6239,1,increases_risk,acc_open_past_24mths,0.439142,2.5000548
high_risk,32,1203215,0.6239,1,increases_risk,fico_mean,0.192554,-1.13853
high_risk,32,1203215,0.6239,1,increases_risk,dti,0.189648,1.4799197
high_risk,32,1203215,0.6239,1,increases_risk,installment,0.092587,2.2681794
high_risk,32,1203215,0.6239,1,increases_risk,loan_amnt,0.078139,1.226892
high_risk,32,1203215,0.6239,1,increases_risk,avg_cur_bal,0.071335,-0.6680666
high_risk,32,1203215,0.6239,1,increases_risk,mort_acc,0.057558,-0.8386917
high_risk,32,1203215,0.6239,1,increases_risk,revol_util_clean,0.035292,0.74552625
high_risk,32,1203215,0.6239,1,increases_risk,mths_since_last_record,0.033328,0.45885432
high_risk,32,1203215,0.6239,1,increases_risk,annual_inc,0.029653,-0.31479838
high_risk,32,1203215,0.6239,1,increases_risk,total_il_high_credit_limit,0.027642,-0.56359947
high_risk,32,1203215,0.6239,1,increases_risk,credit_history_years,0.026484,-0.51954377
high_risk,32,1203215,0.6239,1,increases_risk,open_acc,0.019099,1.202728
high_risk,32,1203215,0.6239,1,increases_risk,inq_last_6mths,0.015794,0.32988
high_risk,32,1203215,0.6239,1,lowers_risk,term_months,-0.193689,-0.56801224
high_risk,32,1203215,0.6239,1,lowers_risk,revol_bal,-0.070086,0.61911726
high_risk,32,1203215,0.6239,1,lowers_risk,home_ownership_RENT,-0.042676,0.0
high_risk,32,1203215,0.6239,1,lowers_risk,total_bc_limit,-0.040485,0.050395407
high_risk,32,1203215,0.6239,1,lowers_risk,home_ownership_MORTGAGE,-0.021208,1.0
high_risk,32,1203215,0.6239,1,lowers_risk,verification_status_Verified,-0.014021,1.0
high_risk,32,1203215,0.6239,1,lowers_risk,emp_length_years_is_missing,-0.013698,0.0
high_risk,32,1203215,0.6239,1,lowers_risk,bc_util,-0.011996,0.70276654
high_risk,32,1203215,0.6239,1,lowers_risk,total_acc,-0.010168,0.4025134
high_risk,32,1203215,0.6239,1,lowers_risk,verification_status_Source Verified,-0.006273,0.0
high_risk,32,1203215,0.6239,1,lowers_risk,purpose_credit_card,-0.005614,1.0
high_risk,32,1203215,0.6239,1,lowers_risk,purpose_small_business,-0.003617,0.0
high_risk,32,1203215,0.6239,1,lowers_risk,delinq_2yrs,-0.003441,-0.36449677
high_risk,32,1203215,0.6239,1,lowers_risk,mths_since_last_delinq,-0.002212,-0.10147212
high_risk,32,1203215,0.6239,1,lowers_risk,mths_since_last_delinq_is_missing,-0.001983,1.0
high_risk,33,1252085,0.623,1,increases_risk,term_months,0.427864,1.7605255
high_risk,33,1252085,0.623,1,increases_risk,int_rate_clean,0.401319,0.88471735
high_risk,33,1252085,0.623,1,increases_risk,acc_open_past_24mths,0.369612,1.499615
high_risk,33,1252085,0.623,1,increases_risk,loan_amnt,0.154103,1.1292273
high_risk,33,1252085,0.623,1,increases_risk,total_acc,0.150883,-0.94350046
high_risk,33,1252085,0.623,1,increases_risk,dti,0.140694,0.91963667
high_risk,33,1252085,0.623,1,increases_risk,total_bc_limit,0.090867,-0.7631032
high_risk,33,1252085,0.623,1,increases_risk,fico_mean,0.075221,-0.65231913
high_risk,33,1252085,0.623,1,increases_risk,mort_acc,0.071195,-0.8386917
high_risk,33,1252085,0.623,1,increases_risk,home_ownership_RENT,0.063685,1.0
high_risk,33,1252085,0.623,1,increases_risk,revol_bal,0.061725,-0.5422708
high_risk,33,1252085,0.623,1,increases_risk,credit_history_years,0.038863,-0.78743494
high_risk,33,1252085,0.623,1,increases_risk,installment,0.030921,0.6338391
high_risk,33,1252085,0.623,1,increases_risk,revol_util_clean,0.021405,0.8666171
high_risk,33,1252085,0.623,1,increases_risk,home_ownership_MORTGAGE,0.021197,0.0
high_risk,33,1252085,0.623,1,lowers_risk,annual_inc,-0.067629,0.36838916
high_risk,33,1252085,0.623,1,lowers_risk,bc_util,-0.026673,0.5067746
high_risk,33,1252085,0.623,1,lowers_risk,open_acc,-0.017231,-0.47889894
high_risk,33,1252085,0.623,1,lowers_risk,inq_last_6mths,-0.01625,-0.7074305
high_risk,33,1252085,0.623,1,lowers_risk,verification_status_Source Verified,-0.012498,0.0
high_risk,33,1252085,0.623,1,lowers_risk,verification_status_Verified,-0.012272,1.0
high_risk,33,1252085,0.623,1,lowers_risk,emp_length_years_is_missing,-0.012237,0.0
high_risk,33,1252085,0.623,1,lowers_risk,total_il_high_credit_limit,-0.010734,1.0307412
high_risk,33,1252085,0.623,1,lowers_risk,delinq_2yrs,-0.007099,-0.36449677
high_risk,33,1252085,0.623,1,lowers_risk,mths_since_last_record,-0.002807,0.00015048047
high_risk,33,1252085,0.623,1,lowers_risk,purpose_small_business,-0.002422,0.0
high_risk,33,1252085,0.623,1,lowers_risk,tot_coll_amt,-0.002044,-0.022939049
high_risk,33,1252085,0.623,1,lowers_risk,collections_12_mths_ex_med,-0.001825,-0.11050918
high_risk,33,1252085,0.623,1,lowers_risk,mths_since_last_delinq,-0.001679,-0.10147212
high_risk,33,1252085,0.623,1,lowers_risk,purpose_debt_consolidation,-0.001326,1.0
high_risk,34,486668,0.6217,1,increases_risk,int_rate_clean,0.828799,2.8711612
high_risk,34,486668,0.6217,1,increases_risk,term_months,0.452867,1.7605255
high_risk,34,486668,0.6217,1,increases_risk,dti,0.304778,6.25395
high_risk,34,486668,0.6217,1,increases_risk,loan_amnt,0.162732,2.431424
high_risk,34,486668,0.6217,1,increases_risk,installment,0.136885,2.4224255
high_risk,34,486668,0.6217,1,increases_risk,annual_inc,0.087576,-0.62668836
high_risk,34,486668,0.6217,1,increases_risk,total_bc_limit,0.07648,-0.6949057
high_risk,34,486668,0.6217,1,increases_risk,mort_acc,0.064639,-0.8386917
high_risk,34,486668,0.6217,1,increases_risk,revol_bal,0.063296,-0.4110609
high_risk,34,486668,0.6217,1,increases_risk,delinq_2yrs,0.061028,3.1033435
high_risk,34,486668,0.6217,1,increases_risk,mths_since_last_delinq,0.059042,-1.9161143
high_risk,34,486668,0.6217,1,increases_risk,tot_coll_amt,0.038621,-0.00435572
high_risk,34,486668,0.6217,1,increases_risk,total_acc,0.021709,-0.43874526
high_risk,34,486668,0.6217,1,increases_risk,tot_cur_bal,0.020977,-0.31471434
high_risk,34,486668,0.6217,1,increases_risk,bc_open_to_buy,0.01508,-0.63169885
high_risk,34,486668,0.6217,1,lowers_risk,acc_open_past_24mths,-0.289717,-1.1682249
high_risk,34,486668,0.6217,1,lowers_risk,home_ownership_RENT,-0.038093,0.0
high_risk,34,486668,0.6217,1,lowers_risk,inq_last_6mths,-0.027911,-0.7074305
high_risk,34,486668,0.6217,1,lowers_risk,verification_status_Source Verified,-0.018857,0.0
high_risk,34,486668,0.6217,1,lowers_risk,home_ownership_MORTGAGE,-0.0171,1.0
high_risk,34,486668,0.6217,1,lowers_risk,bc_util,-0.015424,0.14117426
high_risk,34,486668,0.6217,1,lowers_risk,emp_length_years_is_missing,-0.014426,0.0
high_risk,34,486668,0.6217,1,lowers_risk,total_il_high_credit_limit,-0.012755,2.2035136
high_risk,34,486668,0.6217,1,lowers_risk,emp_length_years,-0.012389,1.1228448
high_risk,34,486668,0.6217,1,lowers_risk,open_acc,-0.011432,-0.47889894
high_risk,34,486668,0.6217,1,lowers_risk,verification_status_Verified,-0.011067,1.0
high_risk,34,486668,0.6217,1,lowers_risk,revol_util_clean,-0.007035,-1.7723279
high_risk,34,486668,0.6217,1,lowers_risk,purpose_small_business,-0.003685,0.0
high_risk,34,486668,0.6217,1,lowers_risk,mths_since_last_record,-0.002244,0.00015048047
high_risk,34,486668,0.6217,1,lowers_risk,collections_12_mths_ex_med,-0.00148,-0.11050918
high_risk,35,1324224,0.6183,1,increases_risk,int_rate_clean,0.690902,2.7840168
high_risk,35,1324224,0.6183,1,increases_risk,term_months,0.41077,1.7605255
high_risk,35,1324224,0.6183,1,increases_risk,dti,0.200349,1.1114348
high_risk,35,1324224,0.6183,1,increases_risk,avg_cur_bal,0.137638,-0.6977397
high_risk,35,1324224,0.6183,1,increases_risk,annual_inc,0.135145,-0.52272505
high_risk,35,1324224,0.6183,1,increases_risk,fico_mean,0.114341,-0.81438947
high_risk,35,1324224,0.6183,1,increases_risk,home_ownership_RENT,0.075045,1.0
high_risk,35,1324224,0.6183,1,increases_risk,inq_last_6mths,0.072468,2.404501
high_risk,35,1324224,0.6183,1,increases_risk,mths_since_last_record,0.058931,0.82581735
high_risk,35,1324224,0.6183,1,increases_risk,total_il_high_credit_limit,0.051301,-0.7127596
high_risk,35,1324224,0.6183,1,increases_risk,loan_amnt,0.029991,0.16737738
high_risk,35,1324224,0.6183,1,increases_risk,acc_open_past_24mths,0.025515,0.16569501
high_risk,35,1324224,0.6183,1,increases_risk,revol_util_clean,0.025297,1.0795699
high_risk,35,1324224,0.6183,1,increases_risk,open_acc,0.025094,0.82903314
high_risk,35,1324224,0.6183,1,increases_risk,home_ownership_MORTGAGE,0.01982,0.0
high_risk,35,1324224,0.6183,1,lowers_risk,total_acc,-0.06044,0.654891
high_risk,35,1324224,0.6183,1,lowers_risk,mort_acc,-0.029249,0.1499937
high_risk,35,1324224,0.6183,1,lowers_risk,verification_status_Verified,-0.023954,1.0
high_risk,35,1324224,0.6183,1,lowers_risk,emp_length_years_is_missing,-0.017821,0.0
high_risk,35,1324224,0.6183,1,lowers_risk,verification_status_Source Verified,-0.013796,0.0
high_risk,35,1324224,0.6183,1,lowers_risk,emp_length_years,-0.013792,1.1228448
high_risk,35,1324224,0.6183,1,lowers_risk,revol_bal,-0.011409,0.18862228
high_risk,35,1324224,0.6183,1,lowers_risk,bc_util,-0.010822,1.0155998
high_risk,35,1324224,0.6183,1,lowers_risk,purpose_small_business,-0.003637,0.0
high_risk,35,1324224,0.6183,1,lowers_risk,delinq_2yrs,-0.00269,-0.36449677
high_risk,35,1324224,0.6183,1,lowers_risk,mths_since_last_delinq,-0.002453,-0.10147212
high_risk,35,1324224,0.6183,1,lowers_risk,tot_coll_amt,-0.002007,-0.022939049
high_risk,35,1324224,0.6183,1,lowers_risk,collections_12_mths_ex_med,-0.001643,-0.11050918
high_risk,35,1324224,0.6183,1,lowers_risk,purpose_medical,-0.000806,0.0
high_risk,35,1324224,0.6183,1,lowers_risk,pub_rec_bankruptcies,-0.000658,2.386758
high_risk,36,489607,0.6176,1,increases_risk,int_rate_clean,0.596487,2.104738
high_risk,36,489607,0.6176,1,increases_risk,term_months,0.433062,1.7605255
high_risk,36,489607,0.6176,1,increases_risk,acc_open_past_24mths,0.319105,1.499615
high_risk,36,489607,0.6176,1,increases_risk,dti,0.211595,1.3241564
high_risk,36,489607,0.6176,1,increases_risk,avg_cur_bal,0.139888,-0.6663858
high_risk,36,489607,0.6176,1,increases_risk,loan_amnt,0.090222,0.65570116
high_risk,36,489607,0.6176,1,increases_risk,home_ownership_RENT,0.063152,1.0
high_risk,36,489607,0.6176,1,increases_risk,fico_mean,0.055539,-0.49024886
high_risk,36,489607,0.6176,1,increases_risk,mths_since_last_record,0.046806,1.743225
high_risk,36,489607,0.6176,1,increases_risk,installment,0.026136,0.47919467
high_risk,36,489607,0.6176,1,increases_risk,home_ownership_MORTGAGE,0.021588,0.0
high_risk,36,489607,0.6176,1,increases_risk,open_acc,0.020688,1.0158806
high_risk,36,489607,0.6176,1,increases_risk,verification_status_Verified,0.018374,0.0
high_risk,36,489607,0.6176,1,increases_risk,tot_cur_bal,0.017956,-0.6112351
high_risk,36,489607,0.6176,1,increases_risk,mort_acc,0.015033,-0.344349
high_risk,36,489607,0.6176,1,lowers_risk,total_acc,-0.038973,0.4866393
high_risk,36,489607,0.6176,1,lowers_risk,total_bc_limit,-0.03114,-0.26623577
high_risk,36,489607,0.6176,1,lowers_risk,annual_inc,-0.025039,-0.002908415
high_risk,36,489607,0.6176,1,lowers_risk,verification_status_Source Verified,-0.01404,0.0
high_risk,36,489607,0.6176,1,lowers_risk,emp_length_years_is_missing,-0.013259,0.0
high_risk,36,489607,0.6176,1,lowers_risk,inq_last_6mths,-0.012649,-0.7074305
high_risk,36,489607,0.6176,1,lowers_risk,total_il_high_credit_limit,-0.009984,0.24502869
high_risk,36,489607,0.6176,1,lowers_risk,bc_util,-0.00781,-0.028434156
high_risk,36,489607,0.6176,1,lowers_risk,delinq_2yrs,-0.004497,-0.36449677
high_risk,36,489607,0.6176,1,lowers_risk,revol_util_clean,-0.004381,0.06491227
high_risk,36,489607,0.6176,1,lowers_risk,mths_since_last_delinq,-0.003579,-0.10147212
high_risk,36,489607,0.6176,1,lowers_risk,purpose_small_business,-0.00346,0.0
high_risk,36,489607,0.6176,1,lowers_risk,tot_coll_amt,-0.002433,-0.022939049
high_risk,36,489607,0.6176,1,lowers_risk,revol_bal,-0.002402,-0.22918357
high_risk,36,489607,0.6176,1,lowers_risk,collections_12_mths_ex_med,-0.002106,-0.11050918
high_risk,37,991989,0.6166,1,increases_risk,int_rate_clean,0.905959,2.951602
high_risk,37,991989,0.6166,1,increases_risk,term_months,0.411074,1.7605255
high_risk,37,991989,0.6166,1,increases_risk,loan_amnt,0.164149,1.8395164
high_risk,37,991989,0.6166,1,increases_risk,total_acc,0.101343,-0.94350046
high_risk,37,991989,0.6166,1,increases_risk,avg_cur_bal,0.082397,-0.59566176
high_risk,37,991989,0.6166,1,increases_risk,installment,0.080675,1.8531126
high_risk,37,991989,0.6166,1,increases_risk,dti,0.079898,0.8196691
high_risk,37,991989,0.6166,1,increases_risk,mort_acc,0.073266,-0.8386917
high_risk,37,991989,0.6166,1,increases_risk,home_ownership_RENT,0.061462,1.0
high_risk,37,991989,0.6166,1,increases_risk,fico_mean,0.046635,-0.49024886
high_risk,37,991989,0.6166,1,increases_risk,credit_history_years,0.032933,-0.81996197
high_risk,37,991989,0.6166,1,increases_risk,bc_util,0.031626,-1.6265223
high_risk,37,991989,0.6166,1,increases_risk,home_ownership_MORTGAGE,0.027664,0.0
high_risk,37,991989,0.6166,1,increases_risk,verification_status_Verified,0.025607,0.0
high_risk,37,991989,0.6166,1,increases_risk,verification_status_Source Verified,0.024485,1.0
high_risk,37,991989,0.6166,1,lowers_risk,acc_open_past_24mths,-0.056226,-0.16778497
high_risk,37,991989,0.6166,1,lowers_risk,inq_last_6mths,-0.042479,-0.7074305
high_risk,37,991989,0.6166,1,lowers_risk,total_bc_limit,-0.039606,1.9842813
high_risk,37,991989,0.6166,1,lowers_risk,annual_inc,-0.033413,0.041647296
high_risk,37,991989,0.6166,1,lowers_risk,revol_util_clean,-0.017174,-1.4257576
high_risk,37,991989,0.6166,1,lowers_risk,bc_open_to_buy,-0.016538,2.883561
high_risk,37,991989,0.6166,1,lowers_risk,emp_length_years_is_missing,-0.012404,0.0
high_risk,37,991989,0.6166,1,lowers_risk,revol_bal,-0.010921,-0.11061824
high_risk,37,991989,0.6166,1,lowers_risk,delinq_2yrs,-0.005189,-0.36449677
high_risk,37,991989,0.6166,1,lowers_risk,total_il_high_credit_limit,-0.00431,0.2947651
high_risk,37,991989,0.6166,1,lowers_risk,emp_length_years,-0.00383,-0.8375419
high_risk,37,991989,0.6166,1,lowers_risk,purpose_small_business,-0.003719,0.0
high_risk,37,991989,0.6166,1,lowers_risk,mths_since_last_record,-0.003073,0.00015048047
high_risk,37,991989,0.6166,1,lowers_risk,tot_coll_amt,-0.002867,-0.022939049
high_risk,37,991989,0.6166,1,lowers_risk,collections_12_mths_ex_med,-0.001853,-0.11050918
high_risk,38,1328219,0.6151,1,increases_risk,int_rate_clean,0.583024,2.1695375
high_risk,38,1328219,0.6151,1,increases_risk,term_months,0.463242,1.7605255
high_risk,38,1328219,0.6151,1,increases_risk,acc_open_past_24mths,0.206595,1.166135
high_risk,38,1328219,0.6151,1,increases_risk,dti,0.171869,0.934748
high_risk,38,1328219,0.6151,1,increases_risk,fico_mean,0.160696,-0.97645974
high_risk,38,1328219,0.6151,1,increases_risk,avg_cur_bal,0.148013,-0.7506212
high_risk,38,1328219,0.6151,1,increases_risk,loan_amnt,0.08005,0.6320248
high_risk,38,1328219,0.6151,1,increases_risk,mort_acc,0.079844,-0.8386917
high_risk,38,1328219,0.6151,1,increases_risk,home_ownership_RENT,0.063337,1.0
high_risk,38,1328219,0.6151,1,increases_risk,annual_inc,0.051663,-0.44846553
high_risk,38,1328219,0.6151,1,increases_risk,total_il_high_credit_limit,0.049635,-0.695665
high_risk,38,1328219,0.6151,1,increases_risk,open_acc,0.026452,1.5764229
high_risk,38,1328219,0.6151,1,increases_risk,installment,0.025915,0.4700745
high_risk,38,1328219,0.6151,1,increases_risk,verification_status_Verified,0.022477,0.0
high_risk,38,1328219,0.6151,1,increases_risk,home_ownership_MORTGAGE,0.018844,0.0
high_risk,38,1328219,0.6151,1,lowers_risk,total_acc,-0.11702,2.50566
high_risk,38,1328219,0.6151,1,lowers_risk,total_bc_limit,-0.032697,0.3377991
high_risk,38,1328219,0.6151,1,lowers_risk,revol_util_clean,-0.022594,-1.183576
high_risk,38,1328219,0.6151,1,lowers_risk,bc_open_to_buy,-0.02036,0.43173632
high_risk,38,1328219,0.6151,1,lowers_risk,verification_status_Source Verified,-0.015592,0.0
high_risk,38,1328219,0.6151,1,lowers_risk,emp_length_years,-0.014778,1.1228448
high_risk,38,1328219,0.6151,1,lowers_risk,inq_last_6mths,-0.014296,-0.7074305
high_risk,38,1328219,0.6151,1,lowers_risk,emp_length_years_is_missing,-0.01379,0.0
high_risk,38,1328219,0.6151,1,lowers_risk,revol_bal,-0.011711,-0.13751027
high_risk,38,1328219,0.6151,1,lowers_risk,verification_status_Not Verified,-0.00633,1.0
high_risk,38,1328219,0.6151,1,lowers_risk,mths_since_last_record,-0.004646,0.00015048047
high_risk,38,1328219,0.6151,1,lowers_risk,purpose_small_business,-0.004324,0.0
high_risk,38,1328219,0.6151,1,lowers_risk,delinq_2yrs,-0.004138,-0.36449677
high_risk,38,1328219,0.6151,1,lowers_risk,collections_12_mths_ex_med,-0.001196,-0.11050918
high_risk,38,1328219,0.6151,1,lowers_risk,mths_since_last_record_is_missing,-0.001037,1.0
high_risk,39,1216264,0.6139,1,increases_risk,int_rate_clean,0.585467,1.5550584
high_risk,39,1216264,0.6139,1,increases_risk,term_months,0.49077,1.7605255
high_risk,39,1216264,0.6139,1,increases_risk,dti,0.206198,1.4415601
high_risk,39,1216264,0.6139,1,increases_risk,collections_12_mths_ex_med,0.104717,7.08418
high_risk,39,1216264,0.6139,1,increases_risk,home_ownership_RENT,0.09287,1.0
high_risk,39,1216264,0.6139,1,increases_risk,total_acc,0.082961,-0.94350046
high_risk,39,1216264,0.6139,1,increases_risk,revol_bal,0.081096,-0.62922466
high_risk,39,1216264,0.6139,1,increases_risk,total_bc_limit,0.078845,-0.8118157
high_risk,39,1216264,0.6139,1,increases_risk,avg_cur_bal,0.075895,-0.60425985
high_risk,39,1216264,0.6139,1,increases_risk,mort_acc,0.06096,-0.8386917
high_risk,39,1216264,0.6139,1,increases_risk,bc_util,0.035728,-1.5247573
high_risk,39,1216264,0.6139,1,increases_risk,inq_last_6mths,0.034097,1.3671905
high_risk,39,1216264,0.6139,1,increases_risk,annual_inc,0.028756,-0.374206
high_risk,39,1216264,0.6139,1,increases_risk,emp_length_years,0.019779,1.1228448
high_risk,39,1216264,0.6139,1,increases_risk,mths_since_last_delinq,0.018357,-0.36070672
high_risk,39,1216264,0.6139,1,lowers_risk,acc_open_past_24mths,-0.060662,-0.16778497
high_risk,39,1216264,0.6139,1,lowers_risk,verification_status_Source Verified,-0.02148,0.0
high_risk,39,1216264,0.6139,1,lowers_risk,revol_util_clean,-0.017616,-0.88293666
high_risk,39,1216264,0.6139,1,lowers_risk,emp_length_years_is_missing,-0.01731,0.0
high_risk,39,1216264,0.6139,1,lowers_risk,verification_status_Verified,-0.016303,1.0
high_risk,39,1216264,0.6139,1,lowers_risk,total_il_high_credit_limit,-0.013563,0.10186149
high_risk,39,1216264,0.6139,1,lowers_risk,loan_amnt,-0.009897,-0.0072353655
high_risk,39,1216264,0.6139,1,lowers_risk,delinq_2yrs,-0.004764,-0.36449677
high_risk,39,1216264,0.6139,1,lowers_risk,credit_history_years,-0.00375,-0.9310655
high_risk,39,1216264,0.6139,1,lowers_risk,purpose_small_business,-0.003473,0.0
high_risk,39,1216264,0.6139,1,lowers_risk,mths_since_last_delinq_is_missing,-0.002507,0.0
high_risk,39,1216264,0.6139,1,lowers_risk,mths_since_last_record,-0.000713,0.00015048047
high_risk,39,1216264,0.6139,1,lowers_risk,purpose_moving,-0.000573,0.0
high_risk,39,1216264,0.6139,1,lowers_risk,purpose_medical,-0.000465,0.0
high_risk,39,1216264,0.6139,1,lowers_risk,pub_rec,-0.000219,-0.34276304
high_risk,40,1202058,0.6121,1,increases_risk,int_rate_clean,0.720416,2.7393274
high_risk,40,1202058,0.6121,1,increases_risk,term_months,0.415982,1.7605255
high_risk,40,1202058,0.6121,1,increases_risk,acc_open_past_24mths,0.236424,1.166135
high_risk,40,1202058,0.6121,1,increases_risk,dti,0.176488,1.1137596
high_risk,40,1202058,0.6121,1,increases_risk,annual_inc,0.106256,-0.59698457
high_risk,40,1202058,0.6121,1,increases_risk,total_acc,0.09853,-1.1117522
high_risk,40,1202058,0.6121,1,increases_risk,avg_cur_bal,0.096389,-0.64065623
high_risk,40,1202058,0.6121,1,increases_risk,fico_mean,0.069028,-0.65231913
high_risk,40,1202058,0.6121,1,increases_risk,mort_acc,0.0594,-0.8386917
high_risk,40,1202058,0.6121,1,increases_risk,home_ownership_RENT,0.05279,1.0
high_risk,40,1202058,0.6121,1,increases_risk,revol_bal,0.023977,-0.5217011
high_risk,40,1202058,0.6121,1,increases_risk,total_bc_limit,0.020644,-0.5195407
high_risk,40,1202058,0.6121,1,increases_risk,home_ownership_MORTGAGE,0.016471,0.0
high_risk,40,1202058,0.6121,1,increases_risk,bc_util,0.015401,-0.52595216
high_risk,40,1202058,0.6121,1,increases_risk,open_acc,0.013233,0.08164338
high_risk,40,1202058,0.6121,1,lowers_risk,credit_history_years,-0.095863,-1.7654387
high_risk,40,1202058,0.6121,1,lowers_risk,emp_length_years,-0.023014,-1.1175971
high_risk,40,1202058,0.6121,1,lowers_risk,revol_util_clean,-0.016452,-1.229507
high_risk,40,1202058,0.6121,1,lowers_risk,emp_length_years_is_missing,-0.01538,0.0
high_risk,40,1202058,0.6121,1,lowers_risk,verification_status_Verified,-0.015091,1.0
high_risk,40,1202058,0.6121,1,lowers_risk,loan_amnt,-0.014969,-0.43340883
high_risk,40,1202058,0.6121,1,lowers_risk,inq_last_6mths,-0.014646,-0.7074305
high_risk,40,1202058,0.6121,1,lowers_risk,total_il_high_credit_limit,-0.012856,-0.061887983
high_risk,40,1202058,0.6121,1,lowers_risk,verification_status_Source Verified,-0.012364,0.0
high_risk,40,1202058,0.6121,1,lowers_risk,delinq_2yrs,-0.004211,-0.36449677
high_risk,40,1202058,0.6121,1,lowers_risk,purpose_small_business,-0.002853,0.0
high_risk,40,1202058,0.6121,1,lowers_risk,mths_since_last_record,-0.001924,0.00015048047
high_risk,40,1202058,0.6121,1,lowers_risk,tot_coll_amt,-0.001765,-0.022939049
high_risk,40,1202058,0.6121,1,lowers_risk,collections_12_mths_ex_med,-0.001736,-0.11050918
high_risk,40,1202058,0.6121,1,lowers_risk,total_bal_ex_mort,-0.00126,-0.2964459
high_risk,41,1340293,0.6119,1,increases_risk,int_rate_clean,0.863794,3.0074637
high_risk,41,1340293,0.6119,1,increases_risk,acc_open_past_24mths,0.381788,3.8339748
high_risk,41,1340293,0.6119,1,increases_risk,term_months,0.368151,1.7605255
high_risk,41,1340293,0.6119,1,increases_risk,dti,0.261845,1.4822446
high_risk,41,1340293,0.6119,1,increases_risk,fico_mean,0.122767,-0.81438947
high_risk,41,1340293,0.6119,1,increases_risk,avg_cur_bal,0.051277,-0.55079657
high_risk,41,1340293,0.6119,1,increases_risk,home_ownership_RENT,0.050042,1.0
high_risk,41,1340293,0.6119,1,increases_risk,revol_util_clean,0.030671,0.63696206
high_risk,41,1340293,0.6119,1,increases_risk,tot_cur_bal,0.019618,-0.43743578
high_risk,41,1340293,0.6119,1,increases_risk,open_acc,0.019306,1.202728
high_risk,41,1340293,0.6119,1,increases_risk,home_ownership_MORTGAGE,0.015473,0.0
high_risk,41,1340293,0.6119,1,increases_risk,credit_history_years,0.011753,-0.430734
high_risk,41,1340293,0.6119,1,increases_risk,emp_length_years,0.010961,-1.3976524
high_risk,41,1340293,0.6119,1,increases_risk,bc_open_to_buy,0.01007,-0.5389774
high_risk,41,1340293,0.6119,1,increases_risk,mort_acc,0.009413,-0.344349
high_risk,41,1340293,0.6119,1,lowers_risk,annual_inc,-0.101035,0.18274038
high_risk,41,1340293,0.6119,1,lowers_risk,total_acc,-0.097836,2.589786
high_risk,41,1340293,0.6119,1,lowers_risk,inq_last_6mths,-0.030122,-0.7074305
high_risk,41,1340293,0.6119,1,lowers_risk,revol_bal,-0.029219,0.5279337
high_risk,41,1340293,0.6119,1,lowers_risk,total_bc_limit,-0.026163,0.08449415
high_risk,41,1340293,0.6119,1,lowers_risk,loan_amnt,-0.019126,-0.29135102
high_risk,41,1340293,0.6119,1,lowers_risk,emp_length_years_is_missing,-0.01423,0.0
high_risk,41,1340293,0.6119,1,lowers_risk,total_il_high_credit_limit,-0.009584,0.15211369
high_risk,41,1340293,0.6119,1,lowers_risk,purpose_small_business,-0.004366,0.0
high_risk,41,1340293,0.6119,1,lowers_risk,delinq_2yrs,-0.004044,-0.36449677
high_risk,41,1340293,0.6119,1,lowers_risk,mths_since_last_record,-0.003779,-0.091590285
high_risk,41,1340293,0.6119,1,lowers_risk,mths_since_last_delinq_is_missing,-0.00318,1.0
high_risk,41,1340293,0.6119,1,lowers_risk,purpose_debt_consolidation,-0.002068,1.0
high_risk,41,1340293,0.6119,1,lowers_risk,collections_12_mths_ex_med,-0.001635,-0.11050918
high_risk,41,1340293,0.6119,1,lowers_risk,tot_coll_amt,-0.001104,-0.022939049
high_risk,42,460926,0.6104,1,increases_risk,int_rate_clean,0.925551,3.541502
high_risk,42,460926,0.6104,1,increases_risk,term_months,0.407203,1.7605255
high_risk,42,460926,0.6104,1,increases_risk,dti,0.323543,2.0529892
high_risk,42,460926,0.6104,1,increases_risk,fico_mean,0.099314,-0.81438947
high_risk,42,460926,0.6104,1,increases_risk,mths_since_last_record,0.087364,-5.5042953
high_risk,42,460926,0.6104,1,increases_risk,loan_amnt,0.083584,0.50476474
high_risk,42,460926,0.6104,1,increases_risk,inq_last_6mths,0.052016,1.3671905
high_risk,42,460926,0.6104,1,increases_risk,total_bc_limit,0.04758,-0.7436182
high_risk,42,460926,0.6104,1,increases_risk,installment,0.035089,0.6205372
high_risk,42,460926,0.6104,1,increases_risk,annual_inc,0.031423,-0.34450218
high_risk,42,460926,0.6104,1,increases_risk,mths_since_last_delinq,0.026966,-1.2032192
high_risk,42,460926,0.6104,1,increases_risk,revol_bal,0.024596,-0.30879107
high_risk,42,460926,0.6104,1,increases_risk,home_ownership_MORTGAGE,0.016598,0.0
high_risk,42,460926,0.6104,1,increases_risk,tot_cur_bal,0.015925,0.0042761737
high_risk,42,460926,0.6104,1,increases_risk,total_acc,0.014012,-0.35461938
high_risk,42,460926,0.6104,1,lowers_risk,acc_open_past_24mths,-0.097232,-0.5012649
high_risk,42,460926,0.6104,1,lowers_risk,credit_history_years,-0.041032,-0.997947
high_risk,42,460926,0.6104,1,lowers_risk,total_il_high_credit_limit,-0.032496,0.90788615
high_risk,42,460926,0.6104,1,lowers_risk,home_ownership_RENT,-0.032245,0.0
high_risk,42,460926,0.6104,1,lowers_risk,mort_acc,-0.026072,0.1499937
high_risk,42,460926,0.6104,1,lowers_risk,bc_util,-0.021045,0.75176454
high_risk,42,460926,0.6104,1,lowers_risk,emp_length_years_is_missing,-0.014063,0.0
high_risk,42,460926,0.6104,1,lowers_risk,verification_status_Verified,-0.011893,1.0
high_risk,42,460926,0.6104,1,lowers_risk,avg_cur_bal,-0.010291,-0.1567716
high_risk,42,460926,0.6104,1,lowers_risk,verification_status_Source Verified,-0.009415,0.0
high_risk,42,460926,0.6104,1,lowers_risk,home_ownership_OWN,-0.008473,1.0
high_risk,42,460926,0.6104,1,lowers_risk,emp_length_years,-0.00685,-1.1175971
high_risk,42,460926,0.6104,1,lowers_risk,delinq_2yrs,-0.004828,0.79144996
high_risk,42,460926,0.6104,1,lowers_risk,tot_coll_amt,-0.004303,-0.022939049
high_risk,42,460926,0.6104,1,lowers_risk,purpose_small_business,-0.003643,0.0
high_risk,43,1207922,0.6098,0,increases_risk,int_rate_clean,0.696083,2.8287063
high_risk,43,1207922,0.6098,0,increases_risk,term_months,0.388267,1.7605255
high_risk,43,1207922,0.6098,0,increases_risk,acc_open_past_24mths,0.387236,2.833535
high_risk,43,1207922,0.6098,0,increases_risk,fico_mean,0.14297,-1.13853
high_risk,43,1207922,0.6098,0,increases_risk,loan_amnt,0.134105,1.1292273
high_risk,43,1207922,0.6098,0,increases_risk,mort_acc,0.107434,-0.8386917
high_risk,43,1207922,0.6098,0,increases_risk,avg_cur_bal,0.089012,-0.6193226
high_risk,43,1207922,0.6098,0,increases_risk,installment,0.069271,1.1031488
high_risk,43,1207922,0.6098,0,increases_risk,home_ownership_RENT,0.052436,1.0
high_risk,43,1207922,0.6098,0,increases_risk,total_bc_limit,0.044749,-0.5146695
high_risk,43,1207922,0.6098,0,increases_risk,revol_bal,0.037083,-0.39307353
high_risk,43,1207922,0.6098,0,increases_risk,open_acc,0.024621,0.82903314
high_risk,43,1207922,0.6098,0,increases_risk,bc_util,0.022185,-0.9707031
high_risk,43,1207922,0.6098,0,increases_risk,home_ownership_MORTGAGE,0.018751,0.0
high_risk,43,1207922,0.6098,0,increases_risk,tot_cur_bal,0.013331,-0.5718881
high_risk,43,1207922,0.6098,0,lowers_risk,dti,-0.137208,-0.48223346
high_risk,43,1207922,0.6098,0,lowers_risk,annual_inc,-0.114639,0.4872044
high_risk,43,1207922,0.6098,0,lowers_risk,revol_util_clean,-0.023359,-0.8161279
high_risk,43,1207922,0.6098,0,lowers_risk,verification_status_Verified,-0.021593,1.0
high_risk,43,1207922,0.6098,0,lowers_risk,verification_status_Source Verified,-0.01785,0.0
high_risk,43,1207922,0.6098,0,lowers_risk,emp_length_years_is_missing,-0.012135,0.0
high_risk,43,1207922,0.6098,0,lowers_risk,total_il_high_credit_limit,-0.00792,0.057553098
high_risk,43,1207922,0.6098,0,lowers_risk,delinq_2yrs,-0.006298,-0.36449677
high_risk,43,1207922,0.6098,0,lowers_risk,tot_coll_amt,-0.003319,-0.022939049
high_risk,43,1207922,0.6098,0,lowers_risk,purpose_small_business,-0.003305,0.0
high_risk,43,1207922,0.6098,0,lowers_risk,mths_since_last_delinq,-0.003098,-0.10147212
high_risk,43,1207922,0.6098,0,lowers_risk,mths_since_last_record,-0.002125,0.00015048047
high_risk,43,1207922,0.6098,0,lowers_risk,collections_12_mths_ex_med,-0.001746,-0.11050918
high_risk,43,1207922,0.6098,0,lowers_risk,purpose_debt_consolidation,-0.001221,1.0
high_risk,43,1207922,0.6098,0,lowers_risk,pub_rec,-0.00079,-0.34276304
high_risk,44,993784,0.6093,0,increases_risk,int_rate_clean,0.740994,2.7840168
high_risk,44,993784,0.6093,0,increases_risk,term_months,0.429885,1.7605255
high_risk,44,993784,0.6093,0,increases_risk,loan_amnt,0.191406,1.8395164
high_risk,44,993784,0.6093,0,increases_risk,avg_cur_bal,0.112496,-0.65533113
high_risk,44,993784,0.6093,0,increases_risk,installment,0.095451,1.8001041
high_risk,44,993784,0.6093,0,increases_risk,mort_acc,0.092082,-0.8386917
high_risk,44,993784,0.6093,0,increases_risk,home_ownership_RENT,0.083742,1.0
high_risk,44,993784,0.6093,0,increases_risk,acc_open_past_24mths,0.078437,0.16569501
high_risk,44,993784,0.6093,0,increases_risk,revol_bal,0.064733,-0.41039306
high_risk,44,993784,0.6093,0,increases_risk,total_acc,0.049488,-0.606997
high_risk,44,993784,0.6093,0,increases_risk,emp_length_years,0.035127,1.1228448
high_risk,44,993784,0.6093,0,increases_risk,verification_status_Source Verified,0.033948,1.0
high_risk,44,993784,0.6093,0,increases_risk,home_ownership_MORTGAGE,0.029566,0.0
high_risk,44,993784,0.6093,0,increases_risk,bc_util,0.028803,-1.015932
high_risk,44,993784,0.6093,0,increases_risk,verification_status_Verified,0.026407,0.0
high_risk,44,993784,0.6093,0,lowers_risk,fico_mean,-0.052237,0.32010263
high_risk,44,993784,0.6093,0,lowers_risk,dti,-0.042463,0.27101016
high_risk,44,993784,0.6093,0,lowers_risk,total_bc_limit,-0.040237,-0.01780208
high_risk,44,993784,0.6093,0,lowers_risk,mths_since_last_delinq,-0.033532,1.8427874
high_risk,44,993784,0.6093,0,lowers_risk,inq_last_6mths,-0.017528,-0.7074305
high_risk,44,993784,0.6093,0,lowers_risk,revol_util_clean,-0.016708,-1.0833628
high_risk,44,993784,0.6093,0,lowers_risk,emp_length_years_is_missing,-0.013112,0.0
high_risk,44,993784,0.6093,0,lowers_risk,bc_open_to_buy,-0.011349,0.2915094
high_risk,44,993784,0.6093,0,lowers_risk,delinq_2yrs,-0.006037,-0.36449677
high_risk,44,993784,0.6093,0,lowers_risk,purpose_small_business,-0.003714,0.0
high_risk,44,993784,0.6093,0,lowers_risk,tot_coll_amt,-0.003073,-0.022939049
high_risk,44,993784,0.6093,0,lowers_risk,total_il_high_credit_limit,-0.002921,-0.16784497
high_risk,44,993784,0.6093,0,lowers_risk,mths_since_last_record,-0.002787,0.00015048047
high_risk,44,993784,0.6093,0,lowers_risk,collections_12_mths_ex_med,-0.002078,-0.11050918
high_risk,44,993784,0.6093,0,lowers_risk,purpose_debt_consolidation,-0.001669,1.0
high_risk,45,1342667,0.6091,0,increases_risk,int_rate_clean,0.923666,3.1191874
high_risk,45,1342667,0.6091,0,increases_risk,term_months,0.392031,1.7605255
high_risk,45,1342667,0.6091,0,increases_risk,annual_inc,0.1388,-0.59698457
high_risk,45,1342667,0.6091,0,increases_risk,acc_open_past_24mths,0.135265,0.49917498
high_risk,45,1342667,0.6091,0,increases_risk,total_acc,0.096643,-0.94350046
high_risk,45,1342667,0.6091,0,increases_risk,inq_last_6mths,0.083569,2.404501
high_risk,45,1342667,0.6091,0,increases_risk,mort_acc,0.081121,-0.8386917
high_risk,45,1342667,0.6091,0,increases_risk,home_ownership_RENT,0.061973,1.0
high_risk,45,1342667,0.6091,0,increases_risk,avg_cur_bal,0.06159,-0.57174224
high_risk,45,1342667,0.6091,0,increases_risk,home_ownership_MORTGAGE,0.020275,0.0
high_risk,45,1342667,0.6091,0,increases_risk,revol_bal,0.019477,-0.34360823
high_risk,45,1342667,0.6091,0,increases_risk,mths_since_last_record,0.019415,4.3119664
high_risk,45,1342667,0.6091,0,increases_risk,fico_mean,0.014551,-0.16610827
high_risk,45,1342667,0.6091,0,increases_risk,bc_util,0.014544,-0.6088718
high_risk,45,1342667,0.6091,0,increases_risk,verification_status_Verified,0.013677,0.0
high_risk,45,1342667,0.6091,0,lowers_risk,dti,-0.090188,-0.40086457
high_risk,45,1342667,0.6091,0,lowers_risk,mths_since_last_delinq,-0.052147,3.0741518
high_risk,45,1342667,0.6091,0,lowers_risk,total_bc_limit,-0.022058,-0.08112832
high_risk,45,1342667,0.6091,0,lowers_risk,emp_length_years_is_missing,-0.017412,0.0
high_risk,45,1342667,0.6091,0,lowers_risk,revol_util_clean,-0.01723,-0.30253577
high_risk,45,1342667,0.6091,0,lowers_risk,loan_amnt,-0.016094,-0.38605624
high_risk,45,1342667,0.6091,0,lowers_risk,purpose_small_business,-0.003754,0.0
high_risk,45,1342667,0.6091,0,lowers_risk,delinq_2yrs,-0.003576,-0.36449677
high_risk,45,1342667,0.6091,0,lowers_risk,bc_open_to_buy,-0.002832,0.08424543
high_risk,45,1342667,0.6091,0,lowers_risk,tot_coll_amt,-0.001962,-0.022939049
high_risk,45,1342667,0.6091,0,lowers_risk,collections_12_mths_ex_med,-0.001825,-0.11050918
high_risk,45,1342667,0.6091,0,lowers_risk,total_il_high_credit_limit,-0.001416,-0.27313882
high_risk,45,1342667,0.6091,0,lowers_risk,purpose_debt_consolidation,-0.000559,1.0
high_risk,45,1342667,0.6091,0,lowers_risk,purpose_moving,-0.000509,0.0
high_risk,45,1342667,0.6091,0,lowers_risk,purpose_medical,-0.000498,0.0
high_risk,46,1308344,0.6091,1,increases_risk,int_rate_clean,0.905117,3.6778047
high_risk,46,1308344,0.6091,1,increases_risk,term_months,0.384988,1.7605255
high_risk,46,1308344,0.6091,1,increases_risk,fico_mean,0.14354,-0.97645974
high_risk,46,1308344,0.6091,1,increases_risk,loan_amnt,0.09995,1.9578979
high_risk,46,1308344,0.6091,1,increases_risk,dti,0.094258,0.667393
high_risk,46,1308344,0.6091,1,increases_risk,home_ownership_RENT,0.093043,1.0
high_risk,46,1308344,0.6091,1,increases_risk,installment,0.085,2.2146533
high_risk,46,1308344,0.6091,1,increases_risk,avg_cur_bal,0.082866,-0.57865953
high_risk,46,1308344,0.6091,1,increases_risk,acc_open_past_24mths,0.044158,0.16569501
high_risk,46,1308344,0.6091,1,increases_risk,total_il_high_credit_limit,0.031157,-0.98293275
high_risk,46,1308344,0.6091,1,increases_risk,total_acc,0.028072,-0.43874526
high_risk,46,1308344,0.6091,1,increases_risk,home_ownership_MORTGAGE,0.027843,0.0
high_risk,46,1308344,0.6091,1,increases_risk,inq_last_6mths,0.022295,0.32988
high_risk,46,1308344,0.6091,1,increases_risk,revol_util_clean,0.018898,0.4782913
high_risk,46,1308344,0.6091,1,increases_risk,credit_history_years,0.018485,1.0264039
high_risk,46,1308344,0.6091,1,lowers_risk,total_bc_limit,-0.053365,0.77134025
high_risk,46,1308344,0.6091,1,lowers_risk,revol_bal,-0.052241,0.97815245
high_risk,46,1308344,0.6091,1,lowers_risk,mths_since_last_delinq,-0.035733,2.6204913
high_risk,46,1308344,0.6091,1,lowers_risk,verification_status_Verified,-0.029067,1.0
high_risk,46,1308344,0.6091,1,lowers_risk,bc_util,-0.027777,0.5520035
high_risk,46,1308344,0.6091,1,lowers_risk,emp_length_years_is_missing,-0.012224,0.0
high_risk,46,1308344,0.6091,1,lowers_risk,verification_status_Source Verified,-0.009761,0.0
high_risk,46,1308344,0.6091,1,lowers_risk,mort_acc,-0.007281,-0.344349
high_risk,46,1308344,0.6091,1,lowers_risk,purpose_small_business,-0.004761,0.0
high_risk,46,1308344,0.6091,1,lowers_risk,delinq_2yrs,-0.004119,-0.36449677
high_risk,46,1308344,0.6091,1,lowers_risk,mths_since_last_record,-0.003485,0.00015048047
high_risk,46,1308344,0.6091,1,lowers_risk,collections_12_mths_ex_med,-0.001162,-0.11050918
high_risk,46,1308344,0.6091,1,lowers_risk,mths_since_last_record_is_missing,-0.000671,1.0
high_risk,46,1308344,0.6091,1,lowers_risk,pub_rec,-0.000435,-0.34276304
high_risk,46,1308344,0.6091,1,lowers_risk,purpose_moving,-0.000426,0.0
high_risk,47,1313216,0.6075,1,increases_risk,int_rate_clean,0.498319,1.1081643
high_risk,47,1313216,0.6075,1,increases_risk,term_months,0.463043,1.7605255
high_risk,47,1313216,0.6075,1,increases_risk,loan_amnt,0.181677,2.431424
high_risk,47,1313216,0.6075,1,increases_risk,total_bc_limit,0.162905,-0.8459144
high_risk,47,1313216,0.6075,1,increases_risk,delinq_2yrs,0.136034,8.883078
high_risk,47,1313216,0.6075,1,increases_risk,installment,0.125611,1.7977146
high_risk,47,1313216,0.6075,1,increases_risk,fico_mean,0.12163,-1.13853
high_risk,47,1313216,0.6075,1,increases_risk,revol_bal,0.104998,-0.5888421
high_risk,47,1313216,0.6075,1,increases_risk,mort_acc,0.102968,-0.8386917
high_risk,47,1313216,0.6075,1,increases_risk,bc_util,0.100962,1.4452745
high_risk,47,1313216,0.6075,1,increases_risk,revol_util_clean,0.099738,1.9731368
high_risk,47,1313216,0.6075,1,increases_risk,bc_open_to_buy,0.066133,-0.6415004
high_risk,47,1313216,0.6075,1,increases_risk,avg_cur_bal,0.058486,-0.5138183
high_risk,47,1313216,0.6075,1,increases_risk,mths_since_last_delinq,0.055316,-1.2032192
high_risk,47,1313216,0.6075,1,increases_risk,verification_status_Source Verified,0.053455,1.0
high_risk,47,1313216,0.6075,1,lowers_risk,acc_open_past_24mths,-0.252309,-1.1682249
high_risk,47,1313216,0.6075,1,lowers_risk,annual_inc,-0.095351,1.1109843
high_risk,47,1313216,0.6075,1,lowers_risk,dti,-0.083243,-0.29276016
high_risk,47,1313216,0.6075,1,lowers_risk,total_acc,-0.059803,1.1596463
high_risk,47,1313216,0.6075,1,lowers_risk,inq_last_6mths,-0.022524,-0.7074305
high_risk,47,1313216,0.6075,1,lowers_risk,credit_history_years,-0.015285,1.9945399
high_risk,47,1313216,0.6075,1,lowers_risk,total_il_high_credit_limit,-0.012471,1.4331518
high_risk,47,1313216,0.6075,1,lowers_risk,emp_length_years_is_missing,-0.008724,0.0
high_risk,47,1313216,0.6075,1,lowers_risk,tot_coll_amt,-0.004534,-0.022939049
high_risk,47,1313216,0.6075,1,lowers_risk,purpose_small_business,-0.004307,0.0
high_risk,47,1313216,0.6075,1,lowers_risk,mths_since_last_record,-0.002278,0.00015048047
high_risk,47,1313216,0.6075,1,lowers_risk,collections_12_mths_ex_med,-0.001812,-0.11050918
high_risk,47,1313216,0.6075,1,lowers_risk,mths_since_last_record_is_missing,-0.001518,1.0
high_risk,47,1313216,0.6075,1,lowers_risk,purpose_medical,-0.000339,0.0
high_risk,47,1313216,0.6075,1,lowers_risk,purpose_major_purchase,-0.000224,0.0
high_risk,48,1238672,0.6063,0,increases_risk,int_rate_clean,0.758472,2.6722932
high_risk,48,1238672,0.6063,0,increases_risk,term_months,0.412311,1.7605255
high_risk,48,1238672,0.6063,0,increases_risk,acc_open_past_24mths,0.257036,1.166135
high_risk,48,1238672,0.6063,0,increases_risk,dti,0.239594,1.5392028
high_risk,48,1238672,0.6063,0,increases_risk,avg_cur_bal,0.088129,-0.64931893
high_risk,48,1238672,0.6063,0,increases_risk,home_ownership_RENT,0.076974,1.0
high_risk,48,1238672,0.6063,0,increases_risk,total_acc,0.074872,-0.69112283
high_risk,48,1238672,0.6063,0,increases_risk,mort_acc,0.066713,-0.8386917
high_risk,48,1238672,0.6063,0,increases_risk,credit_history_years,0.038886,2.1721594
high_risk,48,1238672,0.6063,0,increases_risk,annual_inc,0.026373,-0.374206
high_risk,48,1238672,0.6063,0,increases_risk,home_ownership_MORTGAGE,0.019351,0.0
high_risk,48,1238672,0.6063,0,increases_risk,revol_bal,0.017012,-0.41226304
high_risk,48,1238672,0.6063,0,increases_risk,installment,0.012738,-0.22178307
high_risk,48,1238672,0.6063,0,increases_risk,total_bc_limit,0.009032,-0.46741837
high_risk,48,1238672,0.6063,0,increases_risk,mths_since_last_delinq,0.008178,-0.16628076
high_risk,48,1238672,0.6063,0,lowers_risk,fico_mean,-0.07362,0.32010263
high_risk,48,1238672,0.6063,0,lowers_risk,loan_amnt,-0.025113,-0.17296949
high_risk,48,1238672,0.6063,0,lowers_risk,revol_util_clean,-0.02082,-1.1334695
high_risk,48,1238672,0.6063,0,lowers_risk,inq_last_6mths,-0.020585,-0.7074305
high_risk,48,1238672,0.6063,0,lowers_risk,verification_status_Verified,-0.019632,1.0
high_risk,48,1238672,0.6063,0,lowers_risk,bc_util,-0.018538,0.111021645
high_risk,48,1238672,0.6063,0,lowers_risk,emp_length_years_is_missing,-0.014888,0.0
high_risk,48,1238672,0.6063,0,lowers_risk,verification_status_Source Verified,-0.014202,0.0
high_risk,48,1238672,0.6063,0,lowers_risk,emp_length_years,-0.012852,-0.55748665
high_risk,48,1238672,0.6063,0,lowers_risk,purpose_small_business,-0.003804,0.0
high_risk,48,1238672,0.6063,0,lowers_risk,delinq_2yrs,-0.002498,-0.36449677
high_risk,48,1238672,0.6063,0,lowers_risk,tot_coll_amt,-0.002275,-0.022939049
high_risk,48,1238672,0.6063,0,lowers_risk,collections_12_mths_ex_med,-0.001956,-0.11050918
high_risk,48,1238672,0.6063,0,lowers_risk,mths_since_last_record,-0.001789,0.00015048047
high_risk,48,1238672,0.6063,0,lowers_risk,total_il_high_credit_limit,-0.001759,-0.23381634
high_risk,49,1334491,0.6061,1,increases_risk,int_rate_clean,0.863808,3.7180252
high_risk,49,1334491,0.6061,1,increases_risk,term_months,0.336195,1.7605255
high_risk,49,1334491,0.6061,1,increases_risk,acc_open_past_24mths,0.266367,1.166135
high_risk,49,1334491,0.6061,1,increases_risk,fico_mean,0.139592,-1.13853
high_risk,49,1334491,0.6061,1,increases_risk,mort_acc,0.095576,-0.8386917
high_risk,49,1334491,0.6061,1,increases_risk,dti,0.086591,0.76154846
high_risk,49,1334491,0.6061,1,increases_risk,loan_amnt,0.073857,0.65570116
high_risk,49,1334491,0.6061,1,increases_risk,home_ownership_RENT,0.062852,1.0
high_risk,49,1334491,0.6061,1,increases_risk,installment,0.045344,0.8197469
high_risk,49,1334491,0.6061,1,increases_risk,mths_since_last_record,0.043919,1.743225
high_risk,49,1334491,0.6061,1,increases_risk,inq_last_6mths,0.041887,1.3671905
high_risk,49,1334491,0.6061,1,increases_risk,mths_since_last_delinq,0.032761,-1.3328365
high_risk,49,1334491,0.6061,1,increases_risk,revol_util_clean,0.022299,0.60773325
high_risk,49,1334491,0.6061,1,increases_risk,home_ownership_MORTGAGE,0.01933,0.0
high_risk,49,1334491,0.6061,1,increases_risk,bc_util,0.017893,1.2266681
high_risk,49,1334491,0.6061,1,lowers_risk,annual_inc,-0.113276,0.36838916
high_risk,49,1334491,0.6061,1,lowers_risk,total_bc_limit,-0.040798,-0.310077
high_risk,49,1334491,0.6061,1,lowers_risk,total_il_high_credit_limit,-0.037577,1.0907934
high_risk,49,1334491,0.6061,1,lowers_risk,avg_cur_bal,-0.028726,-0.33610305
high_risk,49,1334491,0.6061,1,lowers_risk,revol_bal,-0.028518,-0.0051872693
high_risk,49,1334491,0.6061,1,lowers_risk,verification_status_Verified,-0.02087,1.0
high_risk,49,1334491,0.6061,1,lowers_risk,emp_length_years_is_missing,-0.010121,0.0
high_risk,49,1334491,0.6061,1,lowers_risk,total_bal_ex_mort,-0.008189,0.94893736
high_risk,49,1334491,0.6061,1,lowers_risk,verification_status_Source Verified,-0.007238,0.0
high_risk,49,1334491,0.6061,1,lowers_risk,emp_length_years,-0.005516,1.1228448
high_risk,49,1334491,0.6061,1,lowers_risk,tot_coll_amt,-0.0035,-0.022939049
high_risk,49,1334491,0.6061,1,lowers_risk,delinq_2yrs,-0.003484,0.79144996
high_risk,49,1334491,0.6061,1,lowers_risk,purpose_small_business,-0.002858,0.0
high_risk,49,1334491,0.6061,1,lowers_risk,collections_12_mths_ex_med,-0.001611,-0.11050918
high_risk,49,1334491,0.6061,1,lowers_risk,purpose_medical,-0.000736,0.0
high_risk,50,1240932,0.6056,1,increases_risk,int_rate_clean,0.56481,1.8902289
high_risk,50,1240932,0.6056,1,increases_risk,term_months,0.442788,1.7605255
high_risk,50,1240932,0.6056,1,increases_risk,acc_open_past_24mths,0.361087,3.8339748
high_risk,50,1240932,0.6056,1,increases_risk,avg_cur_bal,0.162711,-0.7118975
high_risk,50,1240932,0.6056,1,increases_risk,dti,0.077815,0.60927236
high_risk,50,1240932,0.6056,1,increases_risk,mort_acc,0.067195,-0.8386917
high_risk,50,1240932,0.6056,1,increases_risk,inq_last_6mths,0.065963,3.4418116
high_risk,50,1240932,0.6056,1,increases_risk,total_acc,0.058524,-0.52287114
high_risk,50,1240932,0.6056,1,increases_risk,home_ownership_RENT,0.049079,1.0
high_risk,50,1240932,0.6056,1,increases_risk,loan_amnt,0.03898,0.4189381
high_risk,50,1240932,0.6056,1,increases_risk,annual_inc,0.028659,-0.2850946
high_risk,50,1240932,0.6056,1,increases_risk,verification_status_Source Verified,0.02613,1.0
high_risk,50,1240932,0.6056,1,increases_risk,open_acc,0.024398,1.0158806
high_risk,50,1240932,0.6056,1,increases_risk,installment,0.023866,0.21805546
high_risk,50,1240932,0.6056,1,increases_risk,verification_status_Verified,0.023075,0.0
high_risk,50,1240932,0.6056,1,lowers_risk,total_bc_limit,-0.046914,0.7723145
high_risk,50,1240932,0.6056,1,lowers_risk,credit_history_years,-0.045056,-0.95335937
high_risk,50,1240932,0.6056,1,lowers_risk,revol_bal,-0.02782,0.05255934
high_risk,50,1240932,0.6056,1,lowers_risk,revol_util_clean,-0.027083,-0.71591485
high_risk,50,1240932,0.6056,1,lowers_risk,fico_mean,-0.025376,-0.0040379646
high_risk,50,1240932,0.6056,1,lowers_risk,emp_length_years,-0.019006,-1.1175971
high_risk,50,1240932,0.6056,1,lowers_risk,emp_length_years_is_missing,-0.015812,0.0
high_risk,50,1240932,0.6056,1,lowers_risk,purpose_small_business,-0.00405,0.0
high_risk,50,1240932,0.6056,1,lowers_risk,delinq_2yrs,-0.003442,-0.36449677
high_risk,50,1240932,0.6056,1,lowers_risk,mths_since_last_record,-0.002857,0.00015048047
high_risk,50,1240932,0.6056,1,lowers_risk,collections_12_mths_ex_med,-0.001802,-0.11050918
high_risk,50,1240932,0.6056,1,lowers_risk,tot_coll_amt,-0.001345,-0.022939049
high_risk,50,1240932,0.6056,1,lowers_risk,pub_rec,-0.00099,-0.34276304
high_risk,50,1240932,0.6056,1,lowers_risk,purpose_debt_consolidation,-0.000651,1.0
high_risk,50,1240932,0.6056,1,lowers_risk,purpose_moving,-0.000517,0.0
high_risk,51,1202934,0.6045,1,increases_risk,int_rate_clean,0.65657,2.8287063
high_risk,51,1202934,0.6045,1,increases_risk,term_months,0.390956,1.7605255
high_risk,51,1202934,0.6045,1,increases_risk,emp_length_years_is_missing,0.271755,1.0
high_risk,51,1202934,0.6045,1,increases_risk,annual_inc,0.195081,-0.6295399
high_risk,51,1202934,0.6045,1,increases_risk,fico_mean,0.127608,-1.13853
high_risk,51,1202934,0.6045,1,increases_risk,dti,0.094705,0.74294984
high_risk,51,1202934,0.6045,1,increases_risk,mort_acc,0.078275,-0.8386917
high_risk,51,1202934,0.6045,1,increases_risk,avg_cur_bal,0.07714,-0.5888738
high_risk,51,1202934,0.6045,1,increases_risk,total_il_high_credit_limit,0.062006,-0.7405383
high_risk,51,1202934,0.6045,1,increases_risk,inq_last_6mths,0.048565,1.3671905
high_risk,51,1202934,0.6045,1,increases_risk,installment,0.026967,-0.18864782
high_risk,51,1202934,0.6045,1,increases_risk,total_bc_limit,0.02546,-0.5974807
high_risk,51,1202934,0.6045,1,increases_risk,total_acc,0.02512,-0.52287114
high_risk,51,1202934,0.6045,1,increases_risk,revol_util_clean,0.023476,0.9751813
high_risk,51,1202934,0.6045,1,increases_risk,home_ownership_MORTGAGE,0.020391,0.0
high_risk,51,1202934,0.6045,1,lowers_risk,acc_open_past_24mths,-0.103561,-0.5012649
high_risk,51,1202934,0.6045,1,lowers_risk,home_ownership_RENT,-0.051784,0.0
high_risk,51,1202934,0.6045,1,lowers_risk,mths_since_last_delinq,-0.043985,2.4908738
high_risk,51,1202934,0.6045,1,lowers_risk,bc_util,-0.024147,0.7856862
high_risk,51,1202934,0.6045,1,lowers_risk,open_acc,-0.022975,-0.6657464
high_risk,51,1202934,0.6045,1,lowers_risk,home_ownership_OWN,-0.016883,1.0
high_risk,51,1202934,0.6045,1,lowers_risk,verification_status_Verified,-0.014642,1.0
high_risk,51,1202934,0.6045,1,lowers_risk,verification_status_Source Verified,-0.00862,0.0
high_risk,51,1202934,0.6045,1,lowers_risk,pub_rec_bankruptcies,-0.004024,2.386758
high_risk,51,1202934,0.6045,1,lowers_risk,loan_amnt,-0.003594,-0.16113134
high_risk,51,1202934,0.6045,1,lowers_risk,purpose_small_business,-0.003365,0.0
high_risk,51,1202934,0.6045,1,lowers_risk,delinq_2yrs,-0.002888,-0.36449677
high_risk,51,1202934,0.6045,1,lowers_risk,mths_since_last_delinq_is_missing,-0.002871,0.0
high_risk,51,1202934,0.6045,1,lowers_risk,purpose_debt_consolidation,-0.000638,1.0
high_risk,51,1202934,0.6045,1,lowers_risk,collections_12_mths_ex_med,-0.000452,-0.11050918
high_risk,52,1291725,0.601,1,increases_risk,int_rate_clean,0.512245,1.5550584
high_risk,52,1291725,0.601,1,increases_risk,term_months,0.420007,1.7605255
high_risk,52,1291725,0.601,1,increases_risk,acc_open_past_24mths,0.312934,2.166575
high_risk,52,1291725,0.601,1,increases_risk,fico_mean,0.167247,-1.13853
high_risk,52,1291725,0.601,1,increases_risk,delinq_2yrs,0.143756,5.415237
high_risk,52,1291725,0.601,1,increases_risk,avg_cur_bal,0.142408,-0.7230168
high_risk,52,1291725,0.601,1,increases_risk,loan_amnt,0.13341,1.2476088
high_risk,52,1291725,0.601,1,increases_risk,total_bc_limit,0.05721,-0.5658176
high_risk,52,1291725,0.601,1,increases_risk,installment,0.055879,0.89617306
high_risk,52,1291725,0.601,1,increases_risk,mths_since_last_delinq,0.043336,-1.8513057
high_risk,52,1291725,0.601,1,increases_risk,mort_acc,0.03812,-0.344349
high_risk,52,1291725,0.601,1,increases_risk,inq_last_6mths,0.033086,1.3671905
high_risk,52,1291725,0.601,1,increases_risk,bc_util,0.027643,-0.6804843
high_risk,52,1291725,0.601,1,increases_risk,open_acc,0.025116,1.5764229
high_risk,52,1291725,0.601,1,increases_risk,tot_cur_bal,0.017855,-0.688571
high_risk,52,1291725,0.601,1,lowers_risk,dti,-0.085706,-0.30205944
high_risk,52,1291725,0.601,1,lowers_risk,home_ownership_RENT,-0.038113,0.0
high_risk,52,1291725,0.601,1,lowers_risk,total_acc,-0.034275,0.4866393
high_risk,52,1291725,0.601,1,lowers_risk,home_ownership_MORTGAGE,-0.020444,1.0
high_risk,52,1291725,0.601,1,lowers_risk,verification_status_Source Verified,-0.020406,0.0
high_risk,52,1291725,0.601,1,lowers_risk,verification_status_Verified,-0.01968,1.0
high_risk,52,1291725,0.601,1,lowers_risk,annual_inc,-0.01956,0.0713511
high_risk,52,1291725,0.601,1,lowers_risk,emp_length_years,-0.012811,1.1228448
high_risk,52,1291725,0.601,1,lowers_risk,emp_length_years_is_missing,-0.010489,0.0
high_risk,52,1291725,0.601,1,lowers_risk,revol_util_clean,-0.010389,-0.0060720155
high_risk,52,1291725,0.601,1,lowers_risk,credit_history_years,-0.007378,0.53703654
high_risk,52,1291725,0.601,1,lowers_risk,tot_coll_amt,-0.006116,-0.022939049
high_risk,52,1291725,0.601,1,lowers_risk,mths_since_last_record,-0.004847,-0.27507183
high_risk,52,1291725,0.601,1,lowers_risk,purpose_small_business,-0.003309,0.0
high_risk,52,1291725,0.601,1,lowers_risk,collections_12_mths_ex_med,-0.001656,-0.11050918
high_risk,53,1304528,0.6004,1,increases_risk,int_rate_clean,0.86065,2.951602
high_risk,53,1304528,0.6004,1,increases_risk,term_months,0.391454,1.7605255
high_risk,53,1304528,0.6004,1,increases_risk,loan_amnt,0.156004,2.431424
high_risk,53,1304528,0.6004,1,increases_risk,annual_inc,0.11789,-0.5607459
high_risk,53,1304528,0.6004,1,increases_risk,fico_mean,0.117163,-0.81438947
high_risk,53,1304528,0.6004,1,increases_risk,avg_cur_bal,0.103188,-0.6618605
high_risk,53,1304528,0.6004,1,increases_risk,installment,0.097362,2.4521358
high_risk,53,1304528,0.6004,1,increases_risk,mort_acc,0.07453,-0.8386917
high_risk,53,1304528,0.6004,1,increases_risk,inq_last_6mths,0.052891,1.3671905
high_risk,53,1304528,0.6004,1,increases_risk,home_ownership_RENT,0.037763,1.0
high_risk,53,1304528,0.6004,1,increases_risk,bc_util,0.034494,1.320895
high_risk,53,1304528,0.6004,1,increases_risk,revol_util_clean,0.025628,1.6891996
high_risk,53,1304528,0.6004,1,increases_risk,total_il_high_credit_limit,0.023233,-0.5714345
high_risk,53,1304528,0.6004,1,increases_risk,home_ownership_MORTGAGE,0.019973,0.0
high_risk,53,1304528,0.6004,1,increases_risk,tot_cur_bal,0.011765,-0.6891036
high_risk,53,1304528,0.6004,1,lowers_risk,acc_open_past_24mths,-0.112822,-0.5012649
high_risk,53,1304528,0.6004,1,lowers_risk,credit_history_years,-0.042356,-0.98698276
high_risk,53,1304528,0.6004,1,lowers_risk,verification_status_Verified,-0.040133,1.0
high_risk,53,1304528,0.6004,1,lowers_risk,verification_status_Source Verified,-0.017572,0.0
high_risk,53,1304528,0.6004,1,lowers_risk,total_bc_limit,-0.013079,-0.33443326
high_risk,53,1304528,0.6004,1,lowers_risk,revol_bal,-0.01302,-0.017831862
high_risk,53,1304528,0.6004,1,lowers_risk,emp_length_years_is_missing,-0.012991,0.0
high_risk,53,1304528,0.6004,1,lowers_risk,dti,-0.012078,0.44885936
high_risk,53,1304528,0.6004,1,lowers_risk,delinq_2yrs,-0.004086,-0.36449677
high_risk,53,1304528,0.6004,1,lowers_risk,purpose_small_business,-0.003911,0.0
high_risk,53,1304528,0.6004,1,lowers_risk,mths_since_last_delinq_is_missing,-0.00298,1.0
high_risk,53,1304528,0.6004,1,lowers_risk,mths_since_last_record,-0.002839,0.00015048047
high_risk,53,1304528,0.6004,1,lowers_risk,tot_coll_amt,-0.002538,-0.022939049
high_risk,53,1304528,0.6004,1,lowers_risk,collections_12_mths_ex_med,-0.001656,-0.11050918
high_risk,53,1304528,0.6004,1,lowers_risk,mths_since_last_record_is_missing,-0.000806,1.0
high_risk,54,489550,0.5999,1,increases_risk,int_rate_clean,0.6609,2.104738
high_risk,54,489550,0.5999,1,increases_risk,term_months,0.411926,1.7605255
high_risk,54,489550,0.5999,1,increases_risk,dti,0.382868,2.5226042
high_risk,54,489550,0.5999,1,increases_risk,annual_inc,0.129261,-0.61421275
high_risk,54,489550,0.5999,1,increases_risk,fico_mean,0.100074,-0.81438947
high_risk,54,489550,0.5999,1,increases_risk,avg_cur_bal,0.082789,-0.6182883
high_risk,54,489550,0.5999,1,increases_risk,mort_acc,0.073661,-0.8386917
high_risk,54,489550,0.5999,1,increases_risk,inq_last_6mths,0.063205,2.404501
high_risk,54,489550,0.5999,1,increases_risk,total_bc_limit,0.043577,-0.79720193
high_risk,54,489550,0.5999,1,increases_risk,total_acc,0.039213,-0.52287114
high_risk,54,489550,0.5999,1,increases_risk,acc_open_past_24mths,0.032532,0.16569501
high_risk,54,489550,0.5999,1,increases_risk,credit_history_years,0.022194,-0.40917113
high_risk,54,489550,0.5999,1,increases_risk,tot_cur_bal,0.010935,-0.6785378
high_risk,54,489550,0.5999,1,increases_risk,installment,0.008613,-0.53935575
high_risk,54,489550,0.5999,1,increases_risk,revol_bal,0.007861,-0.53563684
high_risk,54,489550,0.5999,1,lowers_risk,home_ownership_RENT,-0.065319,0.0
high_risk,54,489550,0.5999,1,lowers_risk,home_ownership_MORTGAGE,-0.024759,1.0
high_risk,54,489550,0.5999,1,lowers_risk,revol_util_clean,-0.023948,-1.1334695
high_risk,54,489550,0.5999,1,lowers_risk,loan_amnt,-0.017141,-0.4304493
high_risk,54,489550,0.5999,1,lowers_risk,bc_util,-0.015978,0.725381
high_risk,54,489550,0.5999,1,lowers_risk,mths_since_last_record,-0.015586,-2.4768503
high_risk,54,489550,0.5999,1,lowers_risk,emp_length_years_is_missing,-0.014127,0.0
high_risk,54,489550,0.5999,1,lowers_risk,verification_status_Source Verified,-0.011683,0.0
high_risk,54,489550,0.5999,1,lowers_risk,verification_status_Verified,-0.010887,1.0
high_risk,54,489550,0.5999,1,lowers_risk,total_il_high_credit_limit,-0.007549,-0.06363183
high_risk,54,489550,0.5999,1,lowers_risk,open_acc,-0.007132,-0.2920515
high_risk,54,489550,0.5999,1,lowers_risk,pub_rec_bankruptcies,-0.005498,2.386758
high_risk,54,489550,0.5999,1,lowers_risk,delinq_2yrs,-0.003569,-0.36449677
high_risk,54,489550,0.5999,1,lowers_risk,purpose_small_business,-0.002832,0.0
high_risk,54,489550,0.5999,1,lowers_risk,tot_coll_amt,-0.002295,-0.022939049
high_risk,55,1332212,0.5997,0,increases_risk,int_rate_clean,0.766764,2.7840168
high_risk,55,1332212,0.5997,0,increases_risk,term_months,0.394077,1.7605255
high_risk,55,1332212,0.5997,0,increases_risk,dti,0.269936,1.7042655
high_risk,55,1332212,0.5997,0,increases_risk,acc_open_past_24mths,0.166241,0.83265495
high_risk,55,1332212,0.5997,0,increases_risk,home_ownership_RENT,0.073765,1.0
high_risk,55,1332212,0.5997,0,increases_risk,mort_acc,0.069134,-0.8386917
high_risk,55,1332212,0.5997,0,increases_risk,total_acc,0.062544,-0.69112283
high_risk,55,1332212,0.5997,0,increases_risk,total_bc_limit,0.057767,-0.8556569
high_risk,55,1332212,0.5997,0,increases_risk,revol_bal,0.049752,-0.6063842
high_risk,55,1332212,0.5997,0,increases_risk,tot_cur_bal,0.020548,-0.43448642
high_risk,55,1332212,0.5997,0,increases_risk,annual_inc,0.020346,-0.22568697
high_risk,55,1332212,0.5997,0,increases_risk,installment,0.019202,-0.14754738
high_risk,55,1332212,0.5997,0,increases_risk,home_ownership_MORTGAGE,0.01824,0.0
high_risk,55,1332212,0.5997,0,increases_risk,credit_history_years,0.011306,-0.66427076
high_risk,55,1332212,0.5997,0,increases_risk,bc_open_to_buy,0.006708,-0.63105494
high_risk,55,1332212,0.5997,0,lowers_risk,total_il_high_credit_limit,-0.034011,0.87030756
high_risk,55,1332212,0.5997,0,lowers_risk,open_acc,-0.030037,-0.85259384
high_risk,55,1332212,0.5997,0,lowers_risk,revol_util_clean,-0.028007,-0.7952502
high_risk,55,1332212,0.5997,0,lowers_risk,loan_amnt,-0.024576,-0.11377873
high_risk,55,1332212,0.5997,0,lowers_risk,emp_length_years_is_missing,-0.01557,0.0
high_risk,55,1332212,0.5997,0,lowers_risk,verification_status_Source Verified,-0.009727,0.0
high_risk,55,1332212,0.5997,0,lowers_risk,verification_status_Verified,-0.004707,1.0
high_risk,55,1332212,0.5997,0,lowers_risk,emp_length_years,-0.004284,-0.2774314
high_risk,55,1332212,0.5997,0,lowers_risk,mths_since_last_record,-0.003753,-0.091590285
high_risk,55,1332212,0.5997,0,lowers_risk,purpose_small_business,-0.003552,0.0
high_risk,55,1332212,0.5997,0,lowers_risk,delinq_2yrs,-0.003458,-0.36449677
high_risk,55,1332212,0.5997,0,lowers_risk,avg_cur_bal,-0.003388,-0.18967704
high_risk,55,1332212,0.5997,0,lowers_risk,pub_rec_bankruptcies,-0.002217,2.386758
high_risk,55,1332212,0.5997,0,lowers_risk,tot_coll_amt,-0.002024,-0.022939049
high_risk,55,1332212,0.5997,0,lowers_risk,collections_12_mths_ex_med,-0.002004,-0.11050918
high_risk,56,1335387,0.598,1,increases_risk,int_rate_clean,0.868101,2.8287063
high_risk,56,1335387,0.598,1,increases_risk,acc_open_past_24mths,0.372796,2.166575
high_risk,56,1335387,0.598,1,increases_risk,revol_bal,0.13784,-0.6710765
high_risk,56,1335387,0.598,1,increases_risk,fico_mean,0.12428,-1.13853
high_risk,56,1335387,0.598,1,increases_risk,installment,0.123226,1.339118
high_risk,56,1335387,0.598,1,increases_risk,loan_amnt,0.117566,0.5698745
high_risk,56,1335387,0.598,1,increases_risk,total_bc_limit,0.115221,-0.9628244
high_risk,56,1335387,0.598,1,increases_risk,delinq_2yrs,0.057505,1.9473968
high_risk,56,1335387,0.598,1,increases_risk,total_acc,0.056012,-0.69112283
high_risk,56,1335387,0.598,1,increases_risk,bc_util,0.043761,-1.3777633
high_risk,56,1335387,0.598,1,increases_risk,credit_history_years,0.035241,-0.7424818
high_risk,56,1335387,0.598,1,increases_risk,annual_inc,0.030365,-0.22568697
high_risk,56,1335387,0.598,1,increases_risk,dti,0.025636,0.49303105
high_risk,56,1335387,0.598,1,increases_risk,mths_since_last_delinq,0.021973,-0.8791759
high_risk,56,1335387,0.598,1,increases_risk,verification_status_Source Verified,0.01584,1.0
high_risk,56,1335387,0.598,1,lowers_risk,term_months,-0.132702,-0.56801224
high_risk,56,1335387,0.598,1,lowers_risk,home_ownership_RENT,-0.033172,0.0
high_risk,56,1335387,0.598,1,lowers_risk,avg_cur_bal,-0.031752,0.31405428
high_risk,56,1335387,0.598,1,lowers_risk,home_ownership_MORTGAGE,-0.02637,1.0
high_risk,56,1335387,0.598,1,lowers_risk,open_acc,-0.022522,-0.85259384
high_risk,56,1335387,0.598,1,lowers_risk,inq_last_6mths,-0.018654,-0.7074305
high_risk,56,1335387,0.598,1,lowers_risk,revol_util_clean,-0.015744,-0.35264233
high_risk,56,1335387,0.598,1,lowers_risk,emp_length_years,-0.012462,1.1228448
high_risk,56,1335387,0.598,1,lowers_risk,emp_length_years_is_missing,-0.012442,0.0
high_risk,56,1335387,0.598,1,lowers_risk,mort_acc,-0.011392,0.1499937
high_risk,56,1335387,0.598,1,lowers_risk,total_il_high_credit_limit,-0.005874,-0.14028731
high_risk,56,1335387,0.598,1,lowers_risk,purpose_small_business,-0.003605,0.0
high_risk,56,1335387,0.598,1,lowers_risk,tot_coll_amt,-0.002789,-0.022939049
high_risk,56,1335387,0.598,1,lowers_risk,collections_12_mths_ex_med,-0.001606,-0.11050918
high_risk,56,1335387,0.598,1,lowers_risk,mths_since_last_record_is_missing,-0.000774,1.0
high_risk,57,1206806,0.5973,1,increases_risk,int_rate_clean,0.995893,3.1191874
high_risk,57,1206806,0.5973,1,increases_risk,term_months,0.337755,1.7605255
high_risk,57,1206806,0.5973,1,increases_risk,acc_open_past_24mths,0.231952,1.166135
high_risk,57,1206806,0.5973,1,increases_risk,loan_amnt,0.172783,1.8395164
high_risk,57,1206806,0.5973,1,increases_risk,installment,0.097798,1.9064795
high_risk,57,1206806,0.5973,1,increases_risk,fico_mean,0.080625,-0.49024886
high_risk,57,1206806,0.5973,1,increases_risk,revol_bal,0.076569,-0.43488082
high_risk,57,1206806,0.5973,1,increases_risk,total_bc_limit,0.067115,-0.57312447
high_risk,57,1206806,0.5973,1,increases_risk,avg_cur_bal,0.053865,-0.38083893
high_risk,57,1206806,0.5973,1,increases_risk,mths_since_last_record,0.044263,1.6514843
high_risk,57,1206806,0.5973,1,increases_risk,credit_history_years,0.018889,-0.40807474
high_risk,57,1206806,0.5973,1,increases_risk,bc_util,0.016186,-0.7897875
high_risk,57,1206806,0.5973,1,increases_risk,tot_cur_bal,0.011783,-0.48012495
high_risk,57,1206806,0.5973,1,increases_risk,bc_open_to_buy,0.010844,-0.26889747
high_risk,57,1206806,0.5973,1,increases_risk,inq_last_6mths,0.010442,0.32988
high_risk,57,1206806,0.5973,1,lowers_risk,annual_inc,-0.105205,0.5169082
high_risk,57,1206806,0.5973,1,lowers_risk,dti,-0.079817,-0.26602465
high_risk,57,1206806,0.5973,1,lowers_risk,home_ownership_RENT,-0.046394,0.0
high_risk,57,1206806,0.5973,1,lowers_risk,revol_util_clean,-0.023625,-0.54471743
high_risk,57,1206806,0.5973,1,lowers_risk,home_ownership_MORTGAGE,-0.020704,1.0
high_risk,57,1206806,0.5973,1,lowers_risk,mort_acc,-0.019458,0.1499937
high_risk,57,1206806,0.5973,1,lowers_risk,open_acc,-0.016515,-0.47889894
high_risk,57,1206806,0.5973,1,lowers_risk,verification_status_Verified,-0.012968,1.0
high_risk,57,1206806,0.5973,1,lowers_risk,emp_length_years_is_missing,-0.011524,0.0
high_risk,57,1206806,0.5973,1,lowers_risk,verification_status_Source Verified,-0.01056,0.0
high_risk,57,1206806,0.5973,1,lowers_risk,emp_length_years,-0.009501,1.1228448
high_risk,57,1206806,0.5973,1,lowers_risk,delinq_2yrs,-0.007753,-0.36449677
high_risk,57,1206806,0.5973,1,lowers_risk,mths_since_last_delinq,-0.006542,-0.10147212
high_risk,57,1206806,0.5973,1,lowers_risk,mths_since_last_delinq_is_missing,-0.004814,1.0
high_risk,57,1206806,0.5973,1,lowers_risk,pub_rec_bankruptcies,-0.00433,2.386758
high_risk,58,1337477,0.5951,0,increases_risk,int_rate_clean,0.915864,3.7180252
high_risk,58,1337477,0.5951,0,increases_risk,term_months,0.357628,1.7605255
high_risk,58,1337477,0.5951,0,increases_risk,dti,0.294584,1.8879267
high_risk,58,1337477,0.5951,0,increases_risk,annual_inc,0.116209,-0.58213264
high_risk,58,1337477,0.5951,0,increases_risk,acc_open_past_24mths,0.098229,0.49917498
high_risk,58,1337477,0.5951,0,increases_risk,fico_mean,0.053136,-0.65231913
high_risk,58,1337477,0.5951,0,increases_risk,emp_length_years,0.041454,-1.6777077
high_risk,58,1337477,0.5951,0,increases_risk,credit_history_years,0.034824,-0.041506052
high_risk,58,1337477,0.5951,0,increases_risk,revol_bal,0.023708,-0.43862078
high_risk,58,1337477,0.5951,0,increases_risk,total_bc_limit,0.02252,-0.6267082
high_risk,58,1337477,0.5951,0,increases_risk,home_ownership_MORTGAGE,0.021065,0.0
high_risk,58,1337477,0.5951,0,increases_risk,revol_util_clean,0.020462,0.8373883
high_risk,58,1337477,0.5951,0,increases_risk,total_acc,0.01912,-0.35461938
high_risk,58,1337477,0.5951,0,increases_risk,installment,0.01666,-0.08294957
high_risk,58,1337477,0.5951,0,increases_risk,tot_cur_bal,0.012816,-0.62587535
high_risk,58,1337477,0.5951,0,lowers_risk,home_ownership_RENT,-0.06449,0.0
high_risk,58,1337477,0.5951,0,lowers_risk,inq_last_6mths,-0.041572,-0.7074305
high_risk,58,1337477,0.5951,0,lowers_risk,open_acc,-0.036792,-1.4131361
high_risk,58,1337477,0.5951,0,lowers_risk,bc_util,-0.018072,0.8799131
high_risk,58,1337477,0.5951,0,lowers_risk,emp_length_years_is_missing,-0.016138,0.0
high_risk,58,1337477,0.5951,0,lowers_risk,home_ownership_OWN,-0.012741,1.0
high_risk,58,1337477,0.5951,0,lowers_risk,verification_status_Verified,-0.008904,1.0
high_risk,58,1337477,0.5951,0,lowers_risk,loan_amnt,-0.008653,-0.17888857
high_risk,58,1337477,0.5951,0,lowers_risk,verification_status_Source Verified,-0.00739,0.0
high_risk,58,1337477,0.5951,0,lowers_risk,delinq_2yrs,-0.004221,-0.36449677
high_risk,58,1337477,0.5951,0,lowers_risk,purpose_small_business,-0.003473,0.0
high_risk,58,1337477,0.5951,0,lowers_risk,pub_rec_bankruptcies,-0.00309,7.8362393
high_risk,58,1337477,0.5951,0,lowers_risk,mths_since_last_record,-0.002551,0.00015048047
high_risk,58,1337477,0.5951,0,lowers_risk,avg_cur_bal,-0.002093,-0.17513141
high_risk,58,1337477,0.5951,0,lowers_risk,collections_12_mths_ex_med,-0.000832,-0.11050918
high_risk,59,1216941,0.5929,1,increases_risk,int_rate_clean,0.847251,3.2979448
high_risk,59,1216941,0.5929,1,increases_risk,term_months,0.386268,1.7605255
high_risk,59,1216941,0.5929,1,increases_risk,annual_inc,0.163486,-0.6712441
high_risk,59,1216941,0.5929,1,increases_risk,avg_cur_bal,0.134165,-0.71512985
high_risk,59,1216941,0.5929,1,increases_risk,acc_open_past_24mths,0.11058,0.49917498
high_risk,59,1216941,0.5929,1,increases_risk,home_ownership_RENT,0.080499,1.0
high_risk,59,1216941,0.5929,1,increases_risk,fico_mean,0.061854,-0.49024886
high_risk,59,1216941,0.5929,1,increases_risk,emp_length_years,0.050029,-1.6777077
high_risk,59,1216941,0.5929,1,increases_risk,total_il_high_credit_limit,0.045897,-0.7864432
high_risk,59,1216941,0.5929,1,increases_risk,credit_history_years,0.038563,0.0250099
high_risk,59,1216941,0.5929,1,increases_risk,revol_bal,0.032591,-0.5204099
high_risk,59,1216941,0.5929,1,increases_risk,total_bc_limit,0.029244,-0.5974807
high_risk,59,1216941,0.5929,1,increases_risk,home_ownership_MORTGAGE,0.022101,0.0
high_risk,59,1216941,0.5929,1,increases_risk,installment,0.018292,-0.18506348
high_risk,59,1216941,0.5929,1,increases_risk,mths_since_last_delinq,0.013473,-0.5551327
high_risk,59,1216941,0.5929,1,lowers_risk,inq_last_6mths,-0.037807,-0.7074305
high_risk,59,1216941,0.5929,1,lowers_risk,dti,-0.033243,0.089673735
high_risk,59,1216941,0.5929,1,lowers_risk,revol_util_clean,-0.028661,-0.7952502
high_risk,59,1216941,0.5929,1,lowers_risk,open_acc,-0.02774,-0.85259384
high_risk,59,1216941,0.5929,1,lowers_risk,emp_length_years_is_missing,-0.017936,0.0
high_risk,59,1216941,0.5929,1,lowers_risk,verification_status_Verified,-0.017009,1.0
high_risk,59,1216941,0.5929,1,lowers_risk,loan_amnt,-0.013659,-0.2203221
high_risk,59,1216941,0.5929,1,lowers_risk,mort_acc,-0.012281,0.1499937
high_risk,59,1216941,0.5929,1,lowers_risk,verification_status_Source Verified,-0.008034,0.0
high_risk,59,1216941,0.5929,1,lowers_risk,total_acc,-0.006224,-0.102241784
high_risk,59,1216941,0.5929,1,lowers_risk,delinq_2yrs,-0.003106,-0.36449677
high_risk,59,1216941,0.5929,1,lowers_risk,tot_coll_amt,-0.002868,-0.022939049
high_risk,59,1216941,0.5929,1,lowers_risk,mths_since_last_record,-0.002542,0.00015048047
high_risk,59,1216941,0.5929,1,lowers_risk,purpose_small_business,-0.002408,0.0
high_risk,59,1216941,0.5929,1,lowers_risk,collections_12_mths_ex_med,-0.002269,-0.11050918
high_risk,60,1253272,0.5867,1,increases_risk,int_rate_clean,0.928255,3.1191874
high_risk,60,1253272,0.5867,1,increases_risk,term_months,0.473132,1.7605255
high_risk,60,1253272,0.5867,1,increases_risk,dti,0.19619,1.5275787
high_risk,60,1253272,0.5867,1,increases_risk,inq_last_6mths,0.082732,3.4418116
high_risk,60,1253272,0.5867,1,increases_risk,avg_cur_bal,0.075961,-0.6030315
high_risk,60,1253272,0.5867,1,increases_risk,annual_inc,0.056115,-0.39648384
high_risk,60,1253272,0.5867,1,increases_risk,mort_acc,0.055636,-0.8386917
high_risk,60,1253272,0.5867,1,increases_risk,home_ownership_RENT,0.049339,1.0
high_risk,60,1253272,0.5867,1,increases_risk,fico_mean,0.044651,-0.49024886
high_risk,60,1253272,0.5867,1,increases_risk,loan_amnt,0.033856,0.18217507
high_risk,60,1253272,0.5867,1,increases_risk,revol_bal,0.026405,-0.34770435
high_risk,60,1253272,0.5867,1,increases_risk,open_acc,0.022559,1.5764229
high_risk,60,1253272,0.5867,1,increases_risk,home_ownership_MORTGAGE,0.020959,0.0
high_risk,60,1253272,0.5867,1,increases_risk,bc_util,0.020318,-0.8727071
high_risk,60,1253272,0.5867,1,increases_risk,installment,0.020314,0.20423584
high_risk,60,1253272,0.5867,1,lowers_risk,acc_open_past_24mths,-0.095605,-0.5012649
high_risk,60,1253272,0.5867,1,lowers_risk,credit_history_years,-0.070015,-1.1982257
high_risk,60,1253272,0.5867,1,lowers_risk,total_acc,-0.025487,0.31838754
high_risk,60,1253272,0.5867,1,lowers_risk,total_bc_limit,-0.024819,-0.3003345
high_risk,60,1253272,0.5867,1,lowers_risk,total_il_high_credit_limit,-0.022717,0.673425
high_risk,60,1253272,0.5867,1,lowers_risk,revol_util_clean,-0.020503,-0.87041
high_risk,60,1253272,0.5867,1,lowers_risk,verification_status_Verified,-0.017688,1.0
high_risk,60,1253272,0.5867,1,lowers_risk,emp_length_years_is_missing,-0.017634,0.0
high_risk,60,1253272,0.5867,1,lowers_risk,emp_length_years,-0.015298,-0.55748665
high_risk,60,1253272,0.5867,1,lowers_risk,delinq_2yrs,-0.00692,-0.36449677
high_risk,60,1253272,0.5867,1,lowers_risk,verification_status_Source Verified,-0.006558,0.0
high_risk,60,1253272,0.5867,1,lowers_risk,tot_coll_amt,-0.004702,-0.022939049
high_risk,60,1253272,0.5867,1,lowers_risk,purpose_small_business,-0.003946,0.0
high_risk,60,1253272,0.5867,1,lowers_risk,mths_since_last_record,-0.002768,0.00015048047
high_risk,60,1253272,0.5867,1,lowers_risk,total_bal_ex_mort,-0.002062,0.47194833
high_risk,61,462039,0.5852,0,increases_risk,int_rate_clean,1.062119,2.9292574
high_risk,61,462039,0.5852,0,increases_risk,dti,0.330321,2.1180844
high_risk,61,462039,0.5852,0,increases_risk,acc_open_past_24mths,0.189808,0.83265495
high_risk,61,462039,0.5852,0,increases_risk,loan_amnt,0.158142,2.431424
high_risk,61,462039,0.5852,0,increases_risk,installment,0.149053,3.8854342
high_risk,61,462039,0.5852,0,increases_risk,fico_mean,0.0664,-0.65231913
high_risk,61,462039,0.5852,0,increases_risk,mort_acc,0.065981,-0.8386917
high_risk,61,462039,0.5852,0,increases_risk,credit_history_years,0.043577,-0.7983991
high_risk,61,462039,0.5852,0,increases_risk,avg_cur_bal,0.041349,-0.5184729
high_risk,61,462039,0.5852,0,increases_risk,total_bc_limit,0.03555,-0.47082824
high_risk,61,462039,0.5852,0,increases_risk,tot_cur_bal,0.021095,-0.4480415
high_risk,61,462039,0.5852,0,increases_risk,inq_last_6mths,0.019891,0.32988
high_risk,61,462039,0.5852,0,increases_risk,revol_util_clean,0.019222,0.59938216
high_risk,61,462039,0.5852,0,increases_risk,home_ownership_MORTGAGE,0.01456,0.0
high_risk,61,462039,0.5852,0,increases_risk,bc_open_to_buy,0.00983,-0.52302295
high_risk,61,462039,0.5852,0,lowers_risk,term_months,-0.193038,-0.56801224
high_risk,61,462039,0.5852,0,lowers_risk,annual_inc,-0.045989,0.11590681
high_risk,61,462039,0.5852,0,lowers_risk,home_ownership_RENT,-0.042538,0.0
high_risk,61,462039,0.5852,0,lowers_risk,total_acc,-0.037331,0.4025134
high_risk,61,462039,0.5852,0,lowers_risk,revol_bal,-0.03033,0.1543394
high_risk,61,462039,0.5852,0,lowers_risk,bc_util,-0.02098,0.83091515
high_risk,61,462039,0.5852,0,lowers_risk,emp_length_years_is_missing,-0.01319,0.0
high_risk,61,462039,0.5852,0,lowers_risk,home_ownership_OWN,-0.009691,1.0
high_risk,61,462039,0.5852,0,lowers_risk,verification_status_Source Verified,-0.009392,0.0
high_risk,61,462039,0.5852,0,lowers_risk,verification_status_Verified,-0.007001,1.0
high_risk,61,462039,0.5852,0,lowers_risk,total_il_high_credit_limit,-0.005746,0.55029976
high_risk,61,462039,0.5852,0,lowers_risk,delinq_2yrs,-0.004836,-0.36449677
high_risk,61,462039,0.5852,0,lowers_risk,purpose_small_business,-0.003099,0.0
high_risk,61,462039,0.5852,0,lowers_risk,mths_since_last_record,-0.002596,0.00015048047
high_risk,61,462039,0.5852,0,lowers_risk,tot_coll_amt,-0.00181,-0.022939049
high_risk,62,1209735,0.5843,1,increases_risk,int_rate_clean,0.874957,3.2979448
high_risk,62,1209735,0.5843,1,increases_risk,term_months,0.39898,1.7605255
high_risk,62,1209735,0.5843,1,increases_risk,acc_open_past_24mths,0.299491,1.833095
high_risk,62,1209735,0.5843,1,increases_risk,dti,0.192584,1.2137271
high_risk,62,1209735,0.5843,1,increases_risk,fico_mean,0.146799,-0.97645974
high_risk,62,1209735,0.5843,1,increases_risk,total_acc,0.054588,-0.606997
high_risk,62,1209735,0.5843,1,increases_risk,home_ownership_RENT,0.039099,1.0
high_risk,62,1209735,0.5843,1,increases_risk,revol_util_clean,0.029571,0.950128
high_risk,62,1209735,0.5843,1,increases_risk,annual_inc,0.026127,-0.31479838
high_risk,62,1209735,0.5843,1,increases_risk,installment,0.021265,-0.0059658834
high_risk,62,1209735,0.5843,1,increases_risk,home_ownership_MORTGAGE,0.01684,0.0
high_risk,62,1209735,0.5843,1,increases_risk,open_acc,0.016087,0.6421857
high_risk,62,1209735,0.5843,1,increases_risk,verification_status_Verified,0.011466,0.0
high_risk,62,1209735,0.5843,1,increases_risk,tot_cur_bal,0.009314,0.24498542
high_risk,62,1209735,0.5843,1,increases_risk,mort_acc,0.009179,-0.344349
high_risk,62,1209735,0.5843,1,lowers_risk,credit_history_years,-0.103995,-1.1207457
high_risk,62,1209735,0.5843,1,lowers_risk,inq_last_6mths,-0.036212,-0.7074305
high_risk,62,1209735,0.5843,1,lowers_risk,avg_cur_bal,-0.030659,-0.09050818
high_risk,62,1209735,0.5843,1,lowers_risk,total_bc_limit,-0.029707,0.123464145
high_risk,62,1209735,0.5843,1,lowers_risk,revol_bal,-0.028009,0.15140088
high_risk,62,1209735,0.5843,1,lowers_risk,bc_util,-0.02224,0.8120698
high_risk,62,1209735,0.5843,1,lowers_risk,emp_length_years,-0.018821,-1.1175971
high_risk,62,1209735,0.5843,1,lowers_risk,verification_status_Not Verified,-0.017542,1.0
high_risk,62,1209735,0.5843,1,lowers_risk,total_il_high_credit_limit,-0.016445,0.06700916
high_risk,62,1209735,0.5843,1,lowers_risk,emp_length_years_is_missing,-0.015427,0.0
high_risk,62,1209735,0.5843,1,lowers_risk,verification_status_Source Verified,-0.007916,0.0
high_risk,62,1209735,0.5843,1,lowers_risk,purpose_credit_card,-0.005651,1.0
high_risk,62,1209735,0.5843,1,lowers_risk,delinq_2yrs,-0.003645,-0.36449677
high_risk,62,1209735,0.5843,1,lowers_risk,purpose_small_business,-0.003367,0.0
high_risk,62,1209735,0.5843,1,lowers_risk,mths_since_last_delinq_is_missing,-0.002813,1.0
high_risk,63,1249578,0.582,0,increases_risk,int_rate_clean,0.721567,2.7393274
high_risk,63,1249578,0.582,0,increases_risk,term_months,0.44312,1.7605255
high_risk,63,1249578,0.582,0,increases_risk,acc_open_past_24mths,0.27492,1.166135
high_risk,63,1249578,0.582,0,increases_risk,avg_cur_bal,0.128603,-0.6775698
high_risk,63,1249578,0.582,0,increases_risk,loan_amnt,0.117435,1.8395164
high_risk,63,1249578,0.582,0,increases_risk,mort_acc,0.103366,-0.8386917
high_risk,63,1249578,0.582,0,increases_risk,home_ownership_RENT,0.091383,1.0
high_risk,63,1249578,0.582,0,increases_risk,total_acc,0.089787,-0.606997
high_risk,63,1249578,0.582,0,increases_risk,installment,0.07277,1.7860456
high_risk,63,1249578,0.582,0,increases_risk,total_il_high_credit_limit,0.046263,-0.79872376
high_risk,63,1249578,0.582,0,increases_risk,verification_status_Verified,0.036432,0.0
high_risk,63,1249578,0.582,0,increases_risk,verification_status_Source Verified,0.033402,1.0
high_risk,63,1249578,0.582,0,increases_risk,home_ownership_MORTGAGE,0.024084,0.0
high_risk,63,1249578,0.582,0,increases_risk,fico_mean,0.022204,-0.32817855
high_risk,63,1249578,0.582,0,increases_risk,open_acc,0.016546,0.45533827
high_risk,63,1249578,0.582,0,lowers_risk,dti,-0.170379,-0.8576929
high_risk,63,1249578,0.582,0,lowers_risk,annual_inc,-0.099828,0.29412964
high_risk,63,1249578,0.582,0,lowers_risk,revol_bal,-0.071007,0.532386
high_risk,63,1249578,0.582,0,lowers_risk,total_bc_limit,-0.044517,0.045524158
high_risk,63,1249578,0.582,0,lowers_risk,mths_since_last_delinq,-0.023359,1.71317
high_risk,63,1249578,0.582,0,lowers_risk,inq_last_6mths,-0.019075,-0.7074305
high_risk,63,1249578,0.582,0,lowers_risk,emp_length_years_is_missing,-0.011313,0.0
high_risk,63,1249578,0.582,0,lowers_risk,purpose_small_business,-0.004463,0.0
high_risk,63,1249578,0.582,0,lowers_risk,bc_open_to_buy,-0.004027,-0.015558934
high_risk,63,1249578,0.582,0,lowers_risk,delinq_2yrs,-0.00381,-0.36449677
high_risk,63,1249578,0.582,0,lowers_risk,emp_length_years,-0.00313,1.1228448
high_risk,63,1249578,0.582,0,lowers_risk,purpose_debt_consolidation,-0.002624,1.0
high_risk,63,1249578,0.582,0,lowers_risk,mths_since_last_record,-0.002622,0.00015048047
high_risk,63,1249578,0.582,0,lowers_risk,tot_coll_amt,-0.002241,-0.022939049
high_risk,63,1249578,0.582,0,lowers_risk,collections_12_mths_ex_med,-0.001816,-0.11050918
high_risk,64,995957,0.5805,1,increases_risk,int_rate_clean,0.794001,3.9682858
high_risk,64,995957,0.5805,1,increases_risk,term_months,0.377182,1.7605255
high_risk,64,995957,0.5805,1,increases_risk,emp_length_years_is_missing,0.213955,1.0
high_risk,64,995957,0.5805,1,increases_risk,revol_util_clean,0.092154,1.9021524
high_risk,64,995957,0.5805,1,increases_risk,total_acc,0.081467,-1.3641298
high_risk,64,995957,0.5805,1,increases_risk,mort_acc,0.078719,-0.8386917
high_risk,64,995957,0.5805,1,increases_risk,fico_mean,0.068166,-0.65231913
high_risk,64,995957,0.5805,1,increases_risk,bc_util,0.065426,1.3812002
high_risk,64,995957,0.5805,1,increases_risk,avg_cur_bal,0.047025,-0.54898643
high_risk,64,995957,0.5805,1,increases_risk,bc_open_to_buy,0.047016,-0.63935405
high_risk,64,995957,0.5805,1,increases_risk,installment,0.043629,0.35151246
high_risk,64,995957,0.5805,1,increases_risk,loan_amnt,0.035474,0.18217507
high_risk,64,995957,0.5805,1,increases_risk,home_ownership_RENT,0.035086,1.0
high_risk,64,995957,0.5805,1,increases_risk,verification_status_Source Verified,0.023743,1.0
high_risk,64,995957,0.5805,1,increases_risk,home_ownership_MORTGAGE,0.02274,0.0
high_risk,64,995957,0.5805,1,lowers_risk,acc_open_past_24mths,-0.177232,-0.83474493
high_risk,64,995957,0.5805,1,lowers_risk,dti,-0.056061,0.016441716
high_risk,64,995957,0.5805,1,lowers_risk,credit_history_years,-0.042958,-1.3762107
high_risk,64,995957,0.5805,1,lowers_risk,annual_inc,-0.026004,-0.07716793
high_risk,64,995957,0.5805,1,lowers_risk,open_acc,-0.014315,-0.6657464
high_risk,64,995957,0.5805,1,lowers_risk,total_il_high_credit_limit,-0.013973,-0.23136021
high_risk,64,995957,0.5805,1,lowers_risk,delinq_2yrs,-0.00463,-0.36449677
high_risk,64,995957,0.5805,1,lowers_risk,purpose_small_business,-0.003754,0.0
high_risk,64,995957,0.5805,1,lowers_risk,tot_coll_amt,-0.002143,-0.022939049
high_risk,64,995957,0.5805,1,lowers_risk,mths_since_last_delinq_is_missing,-0.001376,1.0
high_risk,64,995957,0.5805,1,lowers_risk,collections_12_mths_ex_med,-0.001331,-0.11050918
high_risk,64,995957,0.5805,1,lowers_risk,purpose_medical,-0.000546,0.0
high_risk,64,995957,0.5805,1,lowers_risk,mths_since_last_record,-0.000498,0.00015048047
high_risk,64,995957,0.5805,1,lowers_risk,purpose_home_improvement,-0.000387,0.0
high_risk,64,995957,0.5805,1,lowers_risk,pub_rec,-0.000314,-0.34276304
high_risk,65,1309459,0.5788,0,increases_risk,int_rate_clean,0.868085,2.951602
high_risk,65,1309459,0.5788,0,increases_risk,term_months,0.391293,1.7605255
high_risk,65,1309459,0.5788,0,increases_risk,avg_cur_bal,0.144886,-0.7365281
high_risk,65,1309459,0.5788,0,increases_risk,acc_open_past_24mths,0.140789,0.83265495
high_risk,65,1309459,0.5788,0,increases_risk,annual_inc,0.136516,-0.58213264
high_risk,65,1309459,0.5788,0,increases_risk,dti,0.090939,0.7104023
high_risk,65,1309459,0.5788,0,increases_risk,home_ownership_RENT,0.07572,1.0
high_risk,65,1309459,0.5788,0,increases_risk,total_bc_limit,0.073687,-0.9628244
high_risk,65,1309459,0.5788,0,increases_risk,revol_bal,0.054552,-0.623214
high_risk,65,1309459,0.5788,0,increases_risk,tot_coll_amt,0.026984,0.17832786
high_risk,65,1309459,0.5788,0,increases_risk,home_ownership_MORTGAGE,0.019189,0.0
high_risk,65,1309459,0.5788,0,increases_risk,bc_util,0.017818,-2.3765683
high_risk,65,1309459,0.5788,0,increases_risk,open_acc,0.01551,0.6421857
high_risk,65,1309459,0.5788,0,increases_risk,total_il_high_credit_limit,0.013613,-0.43165675
high_risk,65,1309459,0.5788,0,increases_risk,credit_history_years,0.013456,-0.65294117
high_risk,65,1309459,0.5788,0,lowers_risk,mort_acc,-0.067439,0.6443364
high_risk,65,1309459,0.5788,0,lowers_risk,fico_mean,-0.063778,0.32010263
high_risk,65,1309459,0.5788,0,lowers_risk,total_acc,-0.036082,0.4866393
high_risk,65,1309459,0.5788,0,lowers_risk,inq_last_6mths,-0.032539,-0.7074305
high_risk,65,1309459,0.5788,0,lowers_risk,loan_amnt,-0.027314,-0.5281141
high_risk,65,1309459,0.5788,0,lowers_risk,revol_util_clean,-0.023335,-1.0708362
high_risk,65,1309459,0.5788,0,lowers_risk,mths_since_last_record,-0.020372,-0.8255164
high_risk,65,1309459,0.5788,0,lowers_risk,emp_length_years_is_missing,-0.016092,0.0
high_risk,65,1309459,0.5788,0,lowers_risk,verification_status_Verified,-0.013046,1.0
high_risk,65,1309459,0.5788,0,lowers_risk,verification_status_Source Verified,-0.010296,0.0
high_risk,65,1309459,0.5788,0,lowers_risk,purpose_credit_card,-0.005388,1.0
high_risk,65,1309459,0.5788,0,lowers_risk,emp_length_years,-0.005286,1.1228448
high_risk,65,1309459,0.5788,0,lowers_risk,delinq_2yrs,-0.004179,-0.36449677
high_risk,65,1309459,0.5788,0,lowers_risk,total_bal_ex_mort,-0.003413,-0.7196872
high_risk,65,1309459,0.5788,0,lowers_risk,purpose_small_business,-0.003382,0.0
high_risk,66,993565,0.5781,1,increases_risk,int_rate_clean,0.921375,3.4990473
high_risk,66,993565,0.5781,1,increases_risk,term_months,0.366843,1.7605255
high_risk,66,993565,0.5781,1,increases_risk,purpose_small_business,0.291183,1.0
high_risk,66,993565,0.5781,1,increases_risk,mort_acc,0.104571,-0.8386917
high_risk,66,993565,0.5781,1,increases_risk,acc_open_past_24mths,0.10096,0.49917498
high_risk,66,993565,0.5781,1,increases_risk,loan_amnt,0.096011,1.3571117
high_risk,66,993565,0.5781,1,increases_risk,delinq_2yrs,0.068034,4.25929
high_risk,66,993565,0.5781,1,increases_risk,installment,0.060293,1.5167421
high_risk,66,993565,0.5781,1,increases_risk,fico_mean,0.051467,-0.49024886
high_risk,66,993565,0.5781,1,increases_risk,home_ownership_RENT,0.047819,1.0
high_risk,66,993565,0.5781,1,increases_risk,mths_since_last_delinq,0.04584,-1.8513057
high_risk,66,993565,0.5781,1,increases_risk,home_ownership_MORTGAGE,0.020776,0.0
high_risk,66,993565,0.5781,1,increases_risk,credit_history_years,0.016437,0.0144112045
high_risk,66,993565,0.5781,1,increases_risk,inq_last_6mths,0.012209,0.32988
high_risk,66,993565,0.5781,1,increases_risk,total_bal_ex_mort,0.012041,2.5741892
high_risk,66,993565,0.5781,1,lowers_risk,dti,-0.123264,-0.7356395
high_risk,66,993565,0.5781,1,lowers_risk,annual_inc,-0.117783,0.33868536
high_risk,66,993565,0.5781,1,lowers_risk,total_bc_limit,-0.060953,0.18191913
high_risk,66,993565,0.5781,1,lowers_risk,revol_bal,-0.038449,0.115693256
high_risk,66,993565,0.5781,1,lowers_risk,verification_status_Verified,-0.025917,1.0
high_risk,66,993565,0.5781,1,lowers_risk,bc_open_to_buy,-0.021951,0.29701832
high_risk,66,993565,0.5781,1,lowers_risk,avg_cur_bal,-0.019426,-0.0070485827
high_risk,66,993565,0.5781,1,lowers_risk,total_acc,-0.016855,1.916779
high_risk,66,993565,0.5781,1,lowers_risk,verification_status_Source Verified,-0.013919,0.0
high_risk,66,993565,0.5781,1,lowers_risk,emp_length_years_is_missing,-0.011291,0.0
high_risk,66,993565,0.5781,1,lowers_risk,tot_coll_amt,-0.006574,-0.022939049
high_risk,66,993565,0.5781,1,lowers_risk,mths_since_last_record,-0.003248,0.00015048047
high_risk,66,993565,0.5781,1,lowers_risk,total_il_high_credit_limit,-0.002608,3.0068858
high_risk,66,993565,0.5781,1,lowers_risk,revol_util_clean,-0.00219,-0.13133839
high_risk,66,993565,0.5781,1,lowers_risk,collections_12_mths_ex_med,-0.001561,-0.11050918
high_risk,67,990665,0.578,1,increases_risk,int_rate_clean,0.504259,1.3316114
high_risk,67,990665,0.578,1,increases_risk,term_months,0.500691,1.7605255
high_risk,67,990665,0.578,1,increases_risk,fico_mean,0.167075,-0.97645974
high_risk,67,990665,0.578,1,increases_risk,dti,0.151176,0.8719777
high_risk,67,990665,0.578,1,increases_risk,acc_open_past_24mths,0.125135,0.49917498
high_risk,67,990665,0.578,1,increases_risk,avg_cur_bal,0.105493,-0.6344501
high_risk,67,990665,0.578,1,increases_risk,mort_acc,0.088297,-0.8386917
high_risk,67,990665,0.578,1,increases_risk,inq_last_6mths,0.038196,1.3671905
high_risk,67,990665,0.578,1,increases_risk,total_acc,0.038053,-0.43874526
high_risk,67,990665,0.578,1,increases_risk,annual_inc,0.036765,-0.34450218
high_risk,67,990665,0.578,1,increases_risk,open_acc,0.031128,0.82903314
high_risk,67,990665,0.578,1,increases_risk,total_il_high_credit_limit,0.02616,-0.5563539
high_risk,67,990665,0.578,1,increases_risk,revol_util_clean,0.024947,0.68289304
high_risk,67,990665,0.578,1,increases_risk,mths_since_last_record,0.0244,3.6697812
high_risk,67,990665,0.578,1,increases_risk,home_ownership_MORTGAGE,0.017297,0.0
high_risk,67,990665,0.578,1,lowers_risk,home_ownership_RENT,-0.053053,0.0
high_risk,67,990665,0.578,1,lowers_risk,total_bc_limit,-0.024232,0.35241285
high_risk,67,990665,0.578,1,lowers_risk,bc_util,-0.020228,0.70653564
high_risk,67,990665,0.578,1,lowers_risk,emp_length_years_is_missing,-0.017308,0.0
high_risk,67,990665,0.578,1,lowers_risk,revol_bal,-0.01592,0.49178085
high_risk,67,990665,0.578,1,lowers_risk,home_ownership_OWN,-0.015632,1.0
high_risk,67,990665,0.578,1,lowers_risk,verification_status_Source Verified,-0.014567,0.0
high_risk,67,990665,0.578,1,lowers_risk,purpose_credit_card,-0.004709,1.0
high_risk,67,990665,0.578,1,lowers_risk,purpose_small_business,-0.004679,0.0
high_risk,67,990665,0.578,1,lowers_risk,delinq_2yrs,-0.003221,-0.36449677
high_risk,67,990665,0.578,1,lowers_risk,verification_status_Not Verified,-0.002373,1.0
high_risk,67,990665,0.578,1,lowers_risk,tot_coll_amt,-0.001459,-0.022939049
high_risk,67,990665,0.578,1,lowers_risk,loan_amnt,-0.000973,-0.17296949
high_risk,67,990665,0.578,1,lowers_risk,purpose_medical,-0.000969,0.0
high_risk,67,990665,0.578,1,lowers_risk,collections_12_mths_ex_med,-0.000789,-0.11050918
high_risk,68,486570,0.5763,0,increases_risk,int_rate_clean,0.631335,2.104738
high_risk,68,486570,0.5763,0,increases_risk,term_months,0.42786,1.7605255
high_risk,68,486570,0.5763,0,increases_risk,dti,0.174915,1.162581
high_risk,68,486570,0.5763,0,increases_risk,acc_open_past_24mths,0.130346,0.49917498
high_risk,68,486570,0.5763,0,increases_risk,loan_amnt,0.086793,1.2476088
high_risk,68,486570,0.5763,0,increases_risk,home_ownership_RENT,0.079898,1.0
high_risk,68,486570,0.5763,0,increases_risk,mort_acc,0.072279,-0.8386917
high_risk,68,486570,0.5763,0,increases_risk,fico_mean,0.062569,-0.65231913
high_risk,68,486570,0.5763,0,increases_risk,installment,0.042418,1.0342897
high_risk,68,486570,0.5763,0,increases_risk,avg_cur_bal,0.041063,-0.43798712
high_risk,68,486570,0.5763,0,increases_risk,annual_inc,0.036887,-0.22568697
high_risk,68,486570,0.5763,0,increases_risk,home_ownership_MORTGAGE,0.022093,0.0
high_risk,68,486570,0.5763,0,increases_risk,verification_status_Source Verified,0.021392,1.0
high_risk,68,486570,0.5763,0,increases_risk,credit_history_years,0.016585,0.014045733
high_risk,68,486570,0.5763,0,increases_risk,tot_cur_bal,0.016157,-0.4124627
high_risk,68,486570,0.5763,0,lowers_risk,total_bc_limit,-0.031538,0.03578166
high_risk,68,486570,0.5763,0,lowers_risk,revol_bal,-0.030217,0.34049097
high_risk,68,486570,0.5763,0,lowers_risk,bc_util,-0.025818,0.5218509
high_risk,68,486570,0.5763,0,lowers_risk,emp_length_years_is_missing,-0.013638,0.0
high_risk,68,486570,0.5763,0,lowers_risk,total_il_high_credit_limit,-0.010447,0.20845707
high_risk,68,486570,0.5763,0,lowers_risk,revol_util_clean,-0.006641,0.12336991
high_risk,68,486570,0.5763,0,lowers_risk,purpose_credit_card,-0.006339,1.0
high_risk,68,486570,0.5763,0,lowers_risk,mths_since_last_record,-0.004529,0.00015048047
high_risk,68,486570,0.5763,0,lowers_risk,delinq_2yrs,-0.003967,-0.36449677
high_risk,68,486570,0.5763,0,lowers_risk,purpose_small_business,-0.003965,0.0
high_risk,68,486570,0.5763,0,lowers_risk,tot_coll_amt,-0.002813,-0.022939049
high_risk,68,486570,0.5763,0,lowers_risk,collections_12_mths_ex_med,-0.001939,-0.11050918
high_risk,68,486570,0.5763,0,lowers_risk,purpose_medical,-0.000797,0.0
high_risk,68,486570,0.5763,0,lowers_risk,mths_since_last_delinq,-0.000481,-0.10147212
high_risk,68,486570,0.5763,0,lowers_risk,purpose_moving,-0.000379,0.0
high_risk,69,989576,0.5761,1,increases_risk,int_rate_clean,0.887004,3.4990473
high_risk,69,989576,0.5761,1,increases_risk,term_months,0.402717,1.7605255
high_risk,69,989576,0.5761,1,increases_risk,acc_open_past_24mths,0.275108,1.499615
high_risk,69,989576,0.5761,1,increases_risk,dti,0.256904,1.6775299
high_risk,69,989576,0.5761,1,increases_risk,total_bc_limit,0.044921,-0.7533607
high_risk,69,989576,0.5761,1,increases_risk,annual_inc,0.031214,-0.25539076
high_risk,69,989576,0.5761,1,increases_risk,fico_mean,0.026089,-0.16610827
high_risk,69,989576,0.5761,1,increases_risk,installment,0.024567,0.15955104
high_risk,69,989576,0.5761,1,increases_risk,loan_amnt,0.022891,0.078591235
high_risk,69,989576,0.5761,1,increases_risk,mths_since_last_record,0.021689,3.1193366
high_risk,69,989576,0.5761,1,increases_risk,open_acc,0.020124,0.82903314
high_risk,69,989576,0.5761,1,increases_risk,credit_history_years,0.01152,-0.5867907
high_risk,69,989576,0.5761,1,increases_risk,verification_status_Verified,0.0054,0.0
high_risk,69,989576,0.5761,1,increases_risk,total_bal_ex_mort,0.005295,0.29255426
high_risk,69,989576,0.5761,1,increases_risk,bc_open_to_buy,0.004403,-0.5175856
high_risk,69,989576,0.5761,1,lowers_risk,home_ownership_RENT,-0.048053,0.0
high_risk,69,989576,0.5761,1,lowers_risk,inq_last_6mths,-0.032365,-0.7074305
high_risk,69,989576,0.5761,1,lowers_risk,total_acc,-0.029857,0.4025134
high_risk,69,989576,0.5761,1,lowers_risk,revol_bal,-0.026083,-0.14049332
high_risk,69,989576,0.5761,1,lowers_risk,mort_acc,-0.018971,0.1499937
high_risk,69,989576,0.5761,1,lowers_risk,home_ownership_MORTGAGE,-0.018551,1.0
high_risk,69,989576,0.5761,1,lowers_risk,avg_cur_bal,-0.017861,-6.66804e-05
high_risk,69,989576,0.5761,1,lowers_risk,emp_length_years_is_missing,-0.016584,0.0
high_risk,69,989576,0.5761,1,lowers_risk,bc_util,-0.014443,0.16001964
high_risk,69,989576,0.5761,1,lowers_risk,total_il_high_credit_limit,-0.01241,0.41892195
high_risk,69,989576,0.5761,1,lowers_risk,verification_status_Not Verified,-0.011735,1.0
high_risk,69,989576,0.5761,1,lowers_risk,emp_length_years,-0.004482,1.1228448
high_risk,69,989576,0.5761,1,lowers_risk,verification_status_Source Verified,-0.004309,0.0
high_risk,69,989576,0.5761,1,lowers_risk,revol_util_clean,-0.003723,-0.039476383
high_risk,69,989576,0.5761,1,lowers_risk,delinq_2yrs,-0.003693,-0.36449677
high_risk,70,456265,0.5756,1,increases_risk,int_rate_clean,0.557478,1.7785053
high_risk,70,456265,0.5756,1,increases_risk,term_months,0.473424,1.7605255
high_risk,70,456265,0.5756,1,increases_risk,dti,0.151939,1.1881541
high_risk,70,456265,0.5756,1,increases_risk,avg_cur_bal,0.1304,-0.6826769
high_risk,70,456265,0.5756,1,increases_risk,acc_open_past_24mths,0.110705,0.49917498
high_risk,70,456265,0.5756,1,increases_risk,loan_amnt,0.094864,0.7296896
high_risk,70,456265,0.5756,1,increases_risk,home_ownership_RENT,0.080405,1.0
high_risk,70,456265,0.5756,1,increases_risk,mort_acc,0.075009,-0.8386917
high_risk,70,456265,0.5756,1,increases_risk,annual_inc,0.056448,-0.47816932
high_risk,70,456265,0.5756,1,increases_risk,mths_since_last_delinq,0.033263,-1.8513057
high_risk,70,456265,0.5756,1,increases_risk,revol_bal,0.033142,-0.34752628
high_risk,70,456265,0.5756,1,increases_risk,verification_status_Source Verified,0.027991,1.0
high_risk,70,456265,0.5756,1,increases_risk,installment,0.023777,0.48058856
high_risk,70,456265,0.5756,1,increases_risk,home_ownership_MORTGAGE,0.020661,0.0
high_risk,70,456265,0.5756,1,increases_risk,verification_status_Verified,0.020656,0.0
high_risk,70,456265,0.5756,1,lowers_risk,total_acc,-0.043426,0.23426169
high_risk,70,456265,0.5756,1,lowers_risk,total_bc_limit,-0.024377,-0.1785533
high_risk,70,456265,0.5756,1,lowers_risk,revol_util_clean,-0.024234,-0.7576703
high_risk,70,456265,0.5756,1,lowers_risk,inq_last_6mths,-0.017583,-0.7074305
high_risk,70,456265,0.5756,1,lowers_risk,emp_length_years_is_missing,-0.013936,0.0
high_risk,70,456265,0.5756,1,lowers_risk,fico_mean,-0.00888,-0.16610827
high_risk,70,456265,0.5756,1,lowers_risk,emp_length_years,-0.007832,1.1228448
high_risk,70,456265,0.5756,1,lowers_risk,total_il_high_credit_limit,-0.006686,-0.17241335
high_risk,70,456265,0.5756,1,lowers_risk,mths_since_last_record,-0.004479,0.00015048047
high_risk,70,456265,0.5756,1,lowers_risk,tot_coll_amt,-0.003927,-0.022939049
high_risk,70,456265,0.5756,1,lowers_risk,purpose_small_business,-0.003591,0.0
high_risk,70,456265,0.5756,1,lowers_risk,delinq_2yrs,-0.00312,0.79144996
high_risk,70,456265,0.5756,1,lowers_risk,purpose_debt_consolidation,-0.002383,1.0
high_risk,70,456265,0.5756,1,lowers_risk,collections_12_mths_ex_med,-0.002128,-0.11050918
high_risk,70,456265,0.5756,1,lowers_risk,mths_since_last_record_is_missing,-0.001203,1.0
high_risk,71,461980,0.5749,0,increases_risk,int_rate_clean,1.059447,2.9292574
high_risk,71,461980,0.5749,0,increases_risk,acc_open_past_24mths,0.351801,1.833095
high_risk,71,461980,0.5749,0,increases_risk,dti,0.184537,1.3892515
high_risk,71,461980,0.5749,0,increases_risk,avg_cur_bal,0.068892,-0.6861032
high_risk,71,461980,0.5749,0,increases_risk,home_ownership_RENT,0.057726,1.0
high_risk,71,461980,0.5749,0,increases_risk,mort_acc,0.055911,-0.8386917
high_risk,71,461980,0.5749,0,increases_risk,fico_mean,0.05294,-0.49024886
high_risk,71,461980,0.5749,0,increases_risk,inq_last_6mths,0.050287,1.3671905
high_risk,71,461980,0.5749,0,increases_risk,total_acc,0.03852,-0.43874526
high_risk,71,461980,0.5749,0,increases_risk,total_il_high_credit_limit,0.025695,-0.49170887
high_risk,71,461980,0.5749,0,increases_risk,annual_inc,0.023476,-0.34897262
high_risk,71,461980,0.5749,0,increases_risk,installment,0.021687,0.007136876
high_risk,71,461980,0.5749,0,increases_risk,home_ownership_MORTGAGE,0.016677,0.0
high_risk,71,461980,0.5749,0,increases_risk,tot_cur_bal,0.015417,-0.6897627
high_risk,71,461980,0.5749,0,increases_risk,bc_util,0.01396,-0.68802243
high_risk,71,461980,0.5749,0,lowers_risk,term_months,-0.1924,-0.56801224
high_risk,71,461980,0.5749,0,lowers_risk,revol_bal,-0.032348,-0.056522537
high_risk,71,461980,0.5749,0,lowers_risk,revol_util_clean,-0.023674,-0.38187113
high_risk,71,461980,0.5749,0,lowers_risk,mths_since_last_record,-0.018773,-1.3759611
high_risk,71,461980,0.5749,0,lowers_risk,loan_amnt,-0.015752,-0.42453024
high_risk,71,461980,0.5749,0,lowers_risk,emp_length_years_is_missing,-0.015475,0.0
high_risk,71,461980,0.5749,0,lowers_risk,verification_status_Verified,-0.012512,1.0
high_risk,71,461980,0.5749,0,lowers_risk,verification_status_Source Verified,-0.009286,0.0
high_risk,71,461980,0.5749,0,lowers_risk,purpose_small_business,-0.003418,0.0
high_risk,71,461980,0.5749,0,lowers_risk,pub_rec_bankruptcies,-0.003306,5.111499
high_risk,71,461980,0.5749,0,lowers_risk,mths_since_last_delinq_is_missing,-0.002471,1.0
high_risk,71,461980,0.5749,0,lowers_risk,collections_12_mths_ex_med,-0.001854,-0.11050918
high_risk,71,461980,0.5749,0,lowers_risk,delinq_2yrs,-0.001834,-0.36449677
high_risk,71,461980,0.5749,0,lowers_risk,tot_coll_amt,-0.001371,-0.022939049
high_risk,71,461980,0.5749,0,lowers_risk,purpose_medical,-0.000779,0.0
high_risk,72,985032,0.5748,0,increases_risk,int_rate_clean,0.929734,3.7895284
high_risk,72,985032,0.5748,0,increases_risk,term_months,0.363702,1.7605255
high_risk,72,985032,0.5748,0,increases_risk,acc_open_past_24mths,0.256925,1.166135
high_risk,72,985032,0.5748,0,increases_risk,dti,0.131284,0.881277
high_risk,72,985032,0.5748,0,increases_risk,loan_amnt,0.086778,1.463655
high_risk,72,985032,0.5748,0,increases_risk,fico_mean,0.078557,-0.65231913
high_risk,72,985032,0.5748,0,increases_risk,home_ownership_RENT,0.077132,1.0
high_risk,72,985032,0.5748,0,increases_risk,installment,0.063808,1.7146375
high_risk,72,985032,0.5748,0,increases_risk,revol_util_clean,0.02703,0.91254807
high_risk,72,985032,0.5748,0,increases_risk,credit_history_years,0.023812,0.38171083
high_risk,72,985032,0.5748,0,increases_risk,home_ownership_MORTGAGE,0.022921,0.0
high_risk,72,985032,0.5748,0,increases_risk,mort_acc,0.01861,-0.344349
high_risk,72,985032,0.5748,0,increases_risk,inq_last_6mths,0.017262,0.32988
high_risk,72,985032,0.5748,0,increases_risk,bc_open_to_buy,0.012383,-0.19971408
high_risk,72,985032,0.5748,0,increases_risk,total_acc,0.008664,-0.18636765
high_risk,72,985032,0.5748,0,lowers_risk,annual_inc,-0.102317,0.36838916
high_risk,72,985032,0.5748,0,lowers_risk,revol_bal,-0.062488,0.5827418
high_risk,72,985032,0.5748,0,lowers_risk,total_bc_limit,-0.042467,0.7932609
high_risk,72,985032,0.5748,0,lowers_risk,mths_since_last_delinq,-0.030844,3.0741518
high_risk,72,985032,0.5748,0,lowers_risk,total_il_high_credit_limit,-0.027885,2.3645859
high_risk,72,985032,0.5748,0,lowers_risk,avg_cur_bal,-0.025327,0.07466553
high_risk,72,985032,0.5748,0,lowers_risk,bc_util,-0.021548,0.63869226
high_risk,72,985032,0.5748,0,lowers_risk,verification_status_Verified,-0.019863,1.0
high_risk,72,985032,0.5748,0,lowers_risk,emp_length_years_is_missing,-0.010611,0.0
high_risk,72,985032,0.5748,0,lowers_risk,total_bal_ex_mort,-0.005065,2.32076
high_risk,72,985032,0.5748,0,lowers_risk,verification_status_Source Verified,-0.004394,0.0
high_risk,72,985032,0.5748,0,lowers_risk,mths_since_last_record,-0.004201,0.00015048047
high_risk,72,985032,0.5748,0,lowers_risk,delinq_2yrs,-0.00383,-0.36449677
high_risk,72,985032,0.5748,0,lowers_risk,purpose_small_business,-0.003434,0.0
high_risk,72,985032,0.5748,0,lowers_risk,tot_coll_amt,-0.002556,-0.022939049
high_risk,73,1215941,0.5745,1,increases_risk,int_rate_clean,0.895588,3.1191874
high_risk,73,1215941,0.5745,1,increases_risk,term_months,0.351865,1.7605255
high_risk,73,1215941,0.5745,1,increases_risk,acc_open_past_24mths,0.157275,0.83265495
high_risk,73,1215941,0.5745,1,increases_risk,annual_inc,0.127579,-0.61183643
high_risk,73,1215941,0.5745,1,increases_risk,fico_mean,0.101885,-0.81438947
high_risk,73,1215941,0.5745,1,increases_risk,dti,0.100128,0.8312933
high_risk,73,1215941,0.5745,1,increases_risk,home_ownership_RENT,0.078432,1.0
high_risk,73,1215941,0.5745,1,increases_risk,inq_last_6mths,0.0779,2.404501
high_risk,73,1215941,0.5745,1,increases_risk,avg_cur_bal,0.072704,-0.58156866
high_risk,73,1215941,0.5745,1,increases_risk,home_ownership_MORTGAGE,0.022465,0.0
high_risk,73,1215941,0.5745,1,increases_risk,revol_bal,0.020283,-0.5258418
high_risk,73,1215941,0.5745,1,increases_risk,credit_history_years,0.01632,1.8161894
high_risk,73,1215941,0.5745,1,increases_risk,tot_coll_amt,0.013213,0.011077892
high_risk,73,1215941,0.5745,1,increases_risk,bc_util,0.012179,-1.5888315
high_risk,73,1215941,0.5745,1,increases_risk,installment,0.010757,-0.50096345
high_risk,73,1215941,0.5745,1,lowers_risk,mths_since_last_delinq,-0.052018,2.3612566
high_risk,73,1215941,0.5745,1,lowers_risk,total_acc,-0.047536,0.4866393
high_risk,73,1215941,0.5745,1,lowers_risk,open_acc,-0.04092,-0.85259384
high_risk,73,1215941,0.5745,1,lowers_risk,total_bc_limit,-0.029542,0.123464145
high_risk,73,1215941,0.5745,1,lowers_risk,revol_util_clean,-0.028677,-1.4090555
high_risk,73,1215941,0.5745,1,lowers_risk,mort_acc,-0.027034,0.1499937
high_risk,73,1215941,0.5745,1,lowers_risk,bc_open_to_buy,-0.020544,0.67756265
high_risk,73,1215941,0.5745,1,lowers_risk,mths_since_last_record,-0.019499,-3.0272949
high_risk,73,1215941,0.5745,1,lowers_risk,emp_length_years_is_missing,-0.013934,0.0
high_risk,73,1215941,0.5745,1,lowers_risk,verification_status_Verified,-0.013599,1.0
high_risk,73,1215941,0.5745,1,lowers_risk,pub_rec_bankruptcies,-0.008946,5.111499
high_risk,73,1215941,0.5745,1,lowers_risk,loan_amnt,-0.008935,-0.50443774
high_risk,73,1215941,0.5745,1,lowers_risk,delinq_2yrs,-0.003921,-0.36449677
high_risk,73,1215941,0.5745,1,lowers_risk,verification_status_Source Verified,-0.003864,0.0
high_risk,73,1215941,0.5745,1,lowers_risk,purpose_small_business,-0.003069,0.0
high_risk,74,1249449,0.5743,0,increases_risk,int_rate_clean,0.683375,2.4488463
high_risk,74,1249449,0.5743,0,increases_risk,term_months,0.410571,1.7605255
high_risk,74,1249449,0.5743,0,increases_risk,acc_open_past_24mths,0.312193,1.499615
high_risk,74,1249449,0.5743,0,increases_risk,total_acc,0.139469,-1.195878
high_risk,74,1249449,0.5743,0,increases_risk,avg_cur_bal,0.125069,-0.6931498
high_risk,74,1249449,0.5743,0,increases_risk,fico_mean,0.109325,-0.97645974
high_risk,74,1249449,0.5743,0,increases_risk,mort_acc,0.102476,-0.8386917
high_risk,74,1249449,0.5743,0,increases_risk,revol_bal,0.077349,-0.6237038
high_risk,74,1249449,0.5743,0,increases_risk,total_bc_limit,0.045392,-0.7338757
high_risk,74,1249449,0.5743,0,increases_risk,bc_util,0.029085,-1.7961307
high_risk,74,1249449,0.5743,0,increases_risk,verification_status_Source Verified,0.028108,1.0
high_risk,74,1249449,0.5743,0,increases_risk,mths_since_last_record,0.024705,-4.586888
high_risk,74,1249449,0.5743,0,increases_risk,verification_status_Verified,0.014184,0.0
high_risk,74,1249449,0.5743,0,increases_risk,bc_open_to_buy,0.010717,-0.2965136
high_risk,74,1249449,0.5743,0,increases_risk,installment,0.008631,-0.29781094
high_risk,74,1249449,0.5743,0,lowers_risk,dti,-0.19851,-0.9925328
high_risk,74,1249449,0.5743,0,lowers_risk,revol_util_clean,-0.034687,-1.1794004
high_risk,74,1249449,0.5743,0,lowers_risk,loan_amnt,-0.03123,-0.2203221
high_risk,74,1249449,0.5743,0,lowers_risk,home_ownership_RENT,-0.029741,0.0
high_risk,74,1249449,0.5743,0,lowers_risk,credit_history_years,-0.028198,-1.3100603
high_risk,74,1249449,0.5743,0,lowers_risk,home_ownership_MORTGAGE,-0.020464,1.0
high_risk,74,1249449,0.5743,0,lowers_risk,emp_length_years_is_missing,-0.013945,0.0
high_risk,74,1249449,0.5743,0,lowers_risk,annual_inc,-0.013159,-0.047464125
high_risk,74,1249449,0.5743,0,lowers_risk,emp_length_years,-0.008218,-0.8375419
high_risk,74,1249449,0.5743,0,lowers_risk,delinq_2yrs,-0.005197,-0.36449677
high_risk,74,1249449,0.5743,0,lowers_risk,purpose_small_business,-0.002729,0.0
high_risk,74,1249449,0.5743,0,lowers_risk,tot_coll_amt,-0.001513,-0.022939049
high_risk,74,1249449,0.5743,0,lowers_risk,collections_12_mths_ex_med,-0.001291,-0.11050918
high_risk,74,1249449,0.5743,0,lowers_risk,mths_since_last_delinq,-0.000545,-0.10147212
high_risk,74,1249449,0.5743,0,lowers_risk,purpose_medical,-0.000315,0.0
high_risk,75,1224992,0.5733,0,increases_risk,int_rate_clean,0.977761,3.2979448
high_risk,75,1224992,0.5733,0,increases_risk,term_months,0.318507,1.7605255
high_risk,75,1224992,0.5733,0,increases_risk,loan_amnt,0.221843,2.431424
high_risk,75,1224992,0.5733,0,increases_risk,installment,0.159163,2.5812914
high_risk,75,1224992,0.5733,0,increases_risk,fico_mean,0.095274,-0.81438947
high_risk,75,1224992,0.5733,0,increases_risk,total_bc_limit,0.0906,-0.6461932
high_risk,75,1224992,0.5733,0,increases_risk,inq_last_6mths,0.084957,2.404501
high_risk,75,1224992,0.5733,0,increases_risk,revol_bal,0.08455,-0.3752197
high_risk,75,1224992,0.5733,0,increases_risk,total_acc,0.069901,-0.69112283
high_risk,75,1224992,0.5733,0,increases_risk,credit_history_years,0.031092,-0.49761543
high_risk,75,1224992,0.5733,0,increases_risk,acc_open_past_24mths,0.023995,0.16569501
high_risk,75,1224992,0.5733,0,increases_risk,mort_acc,0.023929,-0.344349
high_risk,75,1224992,0.5733,0,increases_risk,tot_coll_amt,0.015428,0.0097130155
high_risk,75,1224992,0.5733,0,increases_risk,bc_open_to_buy,0.011248,-0.6200371
high_risk,75,1224992,0.5733,0,increases_risk,verification_status_Verified,0.008117,0.0
high_risk,75,1224992,0.5733,0,lowers_risk,avg_cur_bal,-0.129538,0.905124
high_risk,75,1224992,0.5733,0,lowers_risk,annual_inc,-0.094669,0.33868536
high_risk,75,1224992,0.5733,0,lowers_risk,dti,-0.048139,0.042014804
high_risk,75,1224992,0.5733,0,lowers_risk,home_ownership_RENT,-0.045422,0.0
high_risk,75,1224992,0.5733,0,lowers_risk,mths_since_last_delinq,-0.043996,1.5835528
high_risk,75,1224992,0.5733,0,lowers_risk,home_ownership_MORTGAGE,-0.022688,1.0
high_risk,75,1224992,0.5733,0,lowers_risk,tot_cur_bal,-0.021249,0.89032316
high_risk,75,1224992,0.5733,0,lowers_risk,emp_length_years_is_missing,-0.009778,0.0
high_risk,75,1224992,0.5733,0,lowers_risk,revol_util_clean,-0.009737,0.06491227
high_risk,75,1224992,0.5733,0,lowers_risk,bc_util,-0.008546,1.2417444
high_risk,75,1224992,0.5733,0,lowers_risk,verification_status_Source Verified,-0.008027,0.0
high_risk,75,1224992,0.5733,0,lowers_risk,delinq_2yrs,-0.00754,-0.36449677
high_risk,75,1224992,0.5733,0,lowers_risk,total_il_high_credit_limit,-0.006017,0.48680907
high_risk,75,1224992,0.5733,0,lowers_risk,purpose_small_business,-0.00384,0.0
high_risk,75,1224992,0.5733,0,lowers_risk,verification_status_Not Verified,-0.003293,1.0
low_risk,1,455972,0.0114,0,increases_risk,verification_status_Source Verified,0.035795,1.0
low_risk,1,455972,0.0114,0,increases_risk,verification_status_Verified,0.011473,0.0
low_risk,1,455972,0.0114,0,increases_risk,purpose_home_improvement,0.009562,1.0
low_risk,1,455972,0.0114,0,increases_risk,bc_util,0.008061,-1.8262833
low_risk,1,455972,0.0114,0,increases_risk,open_acc,0.008031,0.08164338
low_risk,1,455972,0.0114,0,increases_risk,verification_status_Not Verified,0.005576,0.0
low_risk,1,455972,0.0114,0,increases_risk,purpose_credit_card,0.003777,0.0
low_risk,1,455972,0.0114,0,increases_risk,purpose_debt_consolidation,0.002936,0.0
low_risk,1,455972,0.0114,0,increases_risk,mths_since_last_delinq_is_missing,0.000335,0.0
low_risk,1,455972,0.0114,0,increases_risk,purpose_wedding,0.000255,0.0
low_risk,1,455972,0.0114,0,increases_risk,purpose_other,0.000121,0.0
low_risk,1,455972,0.0114,0,increases_risk,acc_now_delinq,3.7e-05,-0.06593545
low_risk,1,455972,0.0114,0,increases_risk,pub_rec_bankruptcies,2.1e-05,-0.33798254
low_risk,1,455972,0.0114,0,increases_risk,application_type_Joint App,0.0,0.0
low_risk,1,455972,0.0114,0,increases_risk,purpose_renewable_energy,0.0,0.0
low_risk,1,455972,0.0114,0,lowers_risk,int_rate_clean,-1.392605,-1.7229091
low_risk,1,455972,0.0114,0,lowers_risk,fico_mean,-0.468149,2.9132273
low_risk,1,455972,0.0114,0,lowers_risk,acc_open_past_24mths,-0.18835,-1.1682249
low_risk,1,455972,0.0114,0,lowers_risk,dti,-0.180915,-1.3389319
low_risk,1,455972,0.0114,0,lowers_risk,term_months,-0.169846,-0.56801224
low_risk,1,455972,0.0114,0,lowers_risk,annual_inc,-0.150438,1.942691
low_risk,1,455972,0.0114,0,lowers_risk,avg_cur_bal,-0.086807,0.37934798
low_risk,1,455972,0.0114,0,lowers_risk,mort_acc,-0.057992,1.1386791
low_risk,1,455972,0.0114,0,lowers_risk,inq_last_6mths,-0.043407,-0.7074305
low_risk,1,455972,0.0114,0,lowers_risk,mths_since_last_delinq,-0.039545,1.0650836
low_risk,1,455972,0.0114,0,lowers_risk,home_ownership_MORTGAGE,-0.033806,1.0
low_risk,1,455972,0.0114,0,lowers_risk,emp_length_years_is_missing,-0.031642,0.0
low_risk,1,455972,0.0114,0,lowers_risk,total_bc_limit,-0.029606,2.6175437
low_risk,1,455972,0.0114,0,lowers_risk,bc_open_to_buy,-0.028955,3.728285
low_risk,1,455972,0.0114,0,lowers_risk,home_ownership_RENT,-0.028693,0.0
low_risk,2,480899,0.0117,0,increases_risk,bc_util,0.025257,-1.6340605
low_risk,2,480899,0.0117,0,increases_risk,verification_status_Verified,0.008288,0.0
low_risk,2,480899,0.0117,0,increases_risk,total_acc,0.006615,-0.43874526
low_risk,2,480899,0.0117,0,increases_risk,purpose_credit_card,0.003391,0.0
low_risk,2,480899,0.0117,0,increases_risk,purpose_wedding,0.000297,0.0
low_risk,2,480899,0.0117,0,increases_risk,total_bal_ex_mort,0.000225,-0.34512725
low_risk,2,480899,0.0117,0,increases_risk,mths_since_last_delinq_is_missing,0.00017,1.0
low_risk,2,480899,0.0117,0,increases_risk,acc_now_delinq,3.2e-05,-0.06593545
low_risk,2,480899,0.0117,0,increases_risk,application_type_Individual,0.0,1.0
low_risk,2,480899,0.0117,0,increases_risk,purpose_renewable_energy,0.0,0.0
low_risk,2,480899,0.0117,0,increases_risk,purpose_house,0.0,0.0
low_risk,2,480899,0.0117,0,increases_risk,purpose_educational,0.0,0.0
low_risk,2,480899,0.0117,0,increases_risk,purpose_car,0.0,0.0
low_risk,2,480899,0.0117,0,increases_risk,home_ownership_OTHER,0.0,0.0
low_risk,2,480899,0.0117,0,increases_risk,home_ownership_NONE,0.0,0.0
low_risk,2,480899,0.0117,0,lowers_risk,int_rate_clean,-1.394328,-1.7229091
low_risk,2,480899,0.0117,0,lowers_risk,fico_mean,-0.478609,3.0752976
low_risk,2,480899,0.0117,0,lowers_risk,acc_open_past_24mths,-0.219788,-1.5017049
low_risk,2,480899,0.0117,0,lowers_risk,term_months,-0.175457,-0.56801224
low_risk,2,480899,0.0117,0,lowers_risk,dti,-0.143122,-0.6914678
low_risk,2,480899,0.0117,0,lowers_risk,avg_cur_bal,-0.122714,1.3420101
low_risk,2,480899,0.0117,0,lowers_risk,inq_last_6mths,-0.051946,-0.7074305
low_risk,2,480899,0.0117,0,lowers_risk,mort_acc,-0.044149,1.6330218
low_risk,2,480899,0.0117,0,lowers_risk,annual_inc,-0.039958,-0.09201983
low_risk,2,480899,0.0117,0,lowers_risk,loan_amnt,-0.032615,-0.29135102
low_risk,2,480899,0.0117,0,lowers_risk,bc_open_to_buy,-0.031935,3.4373143
low_risk,2,480899,0.0117,0,lowers_risk,emp_length_years_is_missing,-0.031375,0.0
low_risk,2,480899,0.0117,0,lowers_risk,home_ownership_MORTGAGE,-0.030451,1.0
low_risk,2,480899,0.0117,0,lowers_risk,revol_util_clean,-0.025654,-1.4508109
low_risk,2,480899,0.0117,0,lowers_risk,open_acc,-0.024771,-0.2920515
low_risk,3,1210940,0.0118,0,increases_risk,acc_open_past_24mths,0.071092,0.49917498
low_risk,3,1210940,0.0118,0,increases_risk,loan_amnt,0.070713,1.2476088
low_risk,3,1210940,0.0118,0,increases_risk,installment,0.036275,1.2572358
low_risk,3,1210940,0.0118,0,increases_risk,verification_status_Source Verified,0.02784,1.0
low_risk,3,1210940,0.0118,0,increases_risk,verification_status_Verified,0.011534,0.0
low_risk,3,1210940,0.0118,0,increases_risk,purpose_home_improvement,0.009732,1.0
low_risk,3,1210940,0.0118,0,increases_risk,emp_length_years,0.007407,-0.8375419
low_risk,3,1210940,0.0118,0,increases_risk,verification_status_Not Verified,0.005987,0.0
low_risk,3,1210940,0.0118,0,increases_risk,credit_history_years,0.005406,1.6382045
low_risk,3,1210940,0.0118,0,increases_risk,purpose_debt_consolidation,0.003704,0.0
low_risk,3,1210940,0.0118,0,increases_risk,bc_util,0.002463,-0.9443196
low_risk,3,1210940,0.0118,0,increases_risk,purpose_credit_card,0.002413,0.0
low_risk,3,1210940,0.0118,0,increases_risk,pub_rec_bankruptcies,0.000576,-0.33798254
low_risk,3,1210940,0.0118,0,increases_risk,purpose_wedding,0.000271,0.0
low_risk,3,1210940,0.0118,0,increases_risk,purpose_other,7.1e-05,0.0
low_risk,3,1210940,0.0118,0,lowers_risk,int_rate_clean,-1.417617,-1.7229091
low_risk,3,1210940,0.0118,0,lowers_risk,fico_mean,-0.477066,2.9132273
low_risk,3,1210940,0.0118,0,lowers_risk,avg_cur_bal,-0.269401,3.2642312
low_risk,3,1210940,0.0118,0,lowers_risk,dti,-0.191951,-1.4144888
low_risk,3,1210940,0.0118,0,lowers_risk,term_months,-0.163393,-0.56801224
low_risk,3,1210940,0.0118,0,lowers_risk,annual_inc,-0.156302,1.5565414
low_risk,3,1210940,0.0118,0,lowers_risk,mort_acc,-0.099037,2.6217072
low_risk,3,1210940,0.0118,0,lowers_risk,total_bc_limit,-0.059016,1.5215126
low_risk,3,1210940,0.0118,0,lowers_risk,tot_cur_bal,-0.052527,3.3198786
low_risk,3,1210940,0.0118,0,lowers_risk,home_ownership_MORTGAGE,-0.040612,1.0
low_risk,3,1210940,0.0118,0,lowers_risk,home_ownership_RENT,-0.039796,0.0
low_risk,3,1210940,0.0118,0,lowers_risk,inq_last_6mths,-0.038412,-0.7074305
low_risk,3,1210940,0.0118,0,lowers_risk,bc_open_to_buy,-0.034786,1.6644454
low_risk,3,1210940,0.0118,0,lowers_risk,revol_util_clean,-0.030054,-1.0290807
low_risk,3,1210940,0.0118,0,lowers_risk,emp_length_years_is_missing,-0.027969,0.0
low_risk,4,458942,0.0119,0,increases_risk,loan_amnt,0.074457,1.1292273
low_risk,4,458942,0.0119,0,increases_risk,total_acc,0.06815,-1.0276263
low_risk,4,458942,0.0119,0,increases_risk,revol_bal,0.048491,-0.5990824
low_risk,4,458942,0.0119,0,increases_risk,installment,0.048356,1.1373196
low_risk,4,458942,0.0119,0,increases_risk,verification_status_Source Verified,0.035772,1.0
low_risk,4,458942,0.0119,0,increases_risk,bc_util,0.01848,-2.1353476
low_risk,4,458942,0.0119,0,increases_risk,verification_status_Verified,0.011941,0.0
low_risk,4,458942,0.0119,0,increases_risk,purpose_major_purchase,0.009067,1.0
low_risk,4,458942,0.0119,0,increases_risk,verification_status_Not Verified,0.004941,0.0
low_risk,4,458942,0.0119,0,increases_risk,purpose_credit_card,0.002985,0.0
low_risk,4,458942,0.0119,0,increases_risk,total_il_high_credit_limit,0.002703,0.2997019
low_risk,4,458942,0.0119,0,increases_risk,purpose_debt_consolidation,0.00166,0.0
low_risk,4,458942,0.0119,0,increases_risk,pub_rec_bankruptcies,0.000309,-0.33798254
low_risk,4,458942,0.0119,0,increases_risk,purpose_wedding,0.000298,0.0
low_risk,4,458942,0.0119,0,increases_risk,purpose_other,7.7e-05,0.0
low_risk,4,458942,0.0119,0,lowers_risk,int_rate_clean,-1.444525,-1.7229091
low_risk,4,458942,0.0119,0,lowers_risk,fico_mean,-0.456593,4.37186
low_risk,4,458942,0.0119,0,lowers_risk,avg_cur_bal,-0.248365,6.796492
low_risk,4,458942,0.0119,0,lowers_risk,dti,-0.179226,-1.7341523
low_risk,4,458942,0.0119,0,lowers_risk,acc_open_past_24mths,-0.177942,-1.1682249
low_risk,4,458942,0.0119,0,lowers_risk,term_months,-0.166596,-0.56801224
low_risk,4,458942,0.0119,0,lowers_risk,annual_inc,-0.132732,3.487289
low_risk,4,458942,0.0119,0,lowers_risk,total_bc_limit,-0.053807,1.4240876
low_risk,4,458942,0.0119,0,lowers_risk,mort_acc,-0.053159,0.6443364
low_risk,4,458942,0.0119,0,lowers_risk,inq_last_6mths,-0.050437,-0.7074305
low_risk,4,458942,0.0119,0,lowers_risk,tot_cur_bal,-0.041101,3.8165367
low_risk,4,458942,0.0119,0,lowers_risk,home_ownership_MORTGAGE,-0.036387,1.0
low_risk,4,458942,0.0119,0,lowers_risk,open_acc,-0.031804,-0.85259384
low_risk,4,458942,0.0119,0,lowers_risk,emp_length_years_is_missing,-0.031307,0.0
low_risk,4,458942,0.0119,0,lowers_risk,bc_open_to_buy,-0.030514,2.7054873
low_risk,5,1224844,0.0123,0,increases_risk,loan_amnt,0.078447,1.1292273
low_risk,5,1224844,0.0123,0,increases_risk,installment,0.039952,1.1373196
low_risk,5,1224844,0.0123,0,increases_risk,mort_acc,0.017042,-0.344349
low_risk,5,1224844,0.0123,0,increases_risk,purpose_home_improvement,0.014213,1.0
low_risk,5,1224844,0.0123,0,increases_risk,bc_util,0.009872,-1.9996608
low_risk,5,1224844,0.0123,0,increases_risk,emp_length_years,0.007483,-0.8375419
low_risk,5,1224844,0.0123,0,increases_risk,verification_status_Not Verified,0.005516,0.0
low_risk,5,1224844,0.0123,0,increases_risk,purpose_credit_card,0.003786,0.0
low_risk,5,1224844,0.0123,0,increases_risk,purpose_debt_consolidation,0.002574,0.0
low_risk,5,1224844,0.0123,0,increases_risk,total_bal_ex_mort,0.000951,-0.10132405
low_risk,5,1224844,0.0123,0,increases_risk,pub_rec_bankruptcies,0.000517,-0.33798254
low_risk,5,1224844,0.0123,0,increases_risk,purpose_wedding,0.000274,0.0
low_risk,5,1224844,0.0123,0,increases_risk,purpose_other,0.000124,0.0
low_risk,5,1224844,0.0123,0,increases_risk,acc_now_delinq,5.3e-05,-0.06593545
low_risk,5,1224844,0.0123,0,increases_risk,purpose_house,0.0,0.0
low_risk,5,1224844,0.0123,0,lowers_risk,int_rate_clean,-1.394257,-1.7229091
low_risk,5,1224844,0.0123,0,lowers_risk,fico_mean,-0.480147,3.8856492
low_risk,5,1224844,0.0123,0,lowers_risk,dti,-0.173152,-1.1947926
low_risk,5,1224844,0.0123,0,lowers_risk,acc_open_past_24mths,-0.166378,-0.83474493
low_risk,5,1224844,0.0123,0,lowers_risk,avg_cur_bal,-0.164803,1.7747587
low_risk,5,1224844,0.0123,0,lowers_risk,term_months,-0.162496,-0.56801224
low_risk,5,1224844,0.0123,0,lowers_risk,annual_inc,-0.147234,3.0417318
low_risk,5,1224844,0.0123,0,lowers_risk,total_bc_limit,-0.048435,5.6036196
low_risk,5,1224844,0.0123,0,lowers_risk,inq_last_6mths,-0.043481,-0.7074305
low_risk,5,1224844,0.0123,0,lowers_risk,bc_open_to_buy,-0.036585,8.103508
low_risk,5,1224844,0.0123,0,lowers_risk,home_ownership_MORTGAGE,-0.035451,1.0
low_risk,5,1224844,0.0123,0,lowers_risk,emp_length_years_is_missing,-0.028731,0.0
low_risk,5,1224844,0.0123,0,lowers_risk,home_ownership_RENT,-0.024984,0.0
low_risk,5,1224844,0.0123,0,lowers_risk,verification_status_Source Verified,-0.02488,0.0
low_risk,5,1224844,0.0123,0,lowers_risk,tot_cur_bal,-0.024741,2.0539896
low_risk,6,1225836,0.0132,0,increases_risk,inq_last_6mths,0.170206,1.3671905
low_risk,6,1225836,0.0132,0,increases_risk,total_acc,0.05862,-0.94350046
low_risk,6,1225836,0.0132,0,increases_risk,bc_util,0.0157,-2.3011868
low_risk,6,1225836,0.0132,0,increases_risk,total_bal_ex_mort,0.008957,2.5092514
low_risk,6,1225836,0.0132,0,increases_risk,credit_history_years,0.00711,-0.5308734
low_risk,6,1225836,0.0132,0,increases_risk,verification_status_Not Verified,0.00428,0.0
low_risk,6,1225836,0.0132,0,increases_risk,purpose_debt_consolidation,0.001107,0.0
low_risk,6,1225836,0.0132,0,increases_risk,purpose_wedding,0.000276,0.0
low_risk,6,1225836,0.0132,0,increases_risk,total_il_high_credit_limit,0.000205,-0.6114447
low_risk,6,1225836,0.0132,0,increases_risk,purpose_other,0.000118,0.0
low_risk,6,1225836,0.0132,0,increases_risk,acc_now_delinq,7.3e-05,-0.06593545
low_risk,6,1225836,0.0132,0,increases_risk,application_type_Joint App,0.0,0.0
low_risk,6,1225836,0.0132,0,increases_risk,home_ownership_ANY,0.0,0.0
low_risk,6,1225836,0.0132,0,increases_risk,home_ownership_NONE,0.0,0.0
low_risk,6,1225836,0.0132,0,increases_risk,home_ownership_OTHER,0.0,0.0
low_risk,6,1225836,0.0132,0,lowers_risk,int_rate_clean,-1.431831,-1.7229091
low_risk,6,1225836,0.0132,0,lowers_risk,fico_mean,-0.415473,3.3994384
low_risk,6,1225836,0.0132,0,lowers_risk,avg_cur_bal,-0.207688,4.5090785
low_risk,6,1225836,0.0132,0,lowers_risk,dti,-0.196834,-1.592338
low_risk,6,1225836,0.0132,0,lowers_risk,annual_inc,-0.168381,2.0318024
low_risk,6,1225836,0.0132,0,lowers_risk,term_months,-0.153465,-0.56801224
low_risk,6,1225836,0.0132,0,lowers_risk,acc_open_past_24mths,-0.145189,-0.83474493
low_risk,6,1225836,0.0132,0,lowers_risk,home_ownership_MORTGAGE,-0.036962,1.0
low_risk,6,1225836,0.0132,0,lowers_risk,tot_cur_bal,-0.0326,5.1515527
low_risk,6,1225836,0.0132,0,lowers_risk,total_bc_limit,-0.02928,5.574392
low_risk,6,1225836,0.0132,0,lowers_risk,emp_length_years_is_missing,-0.029259,0.0
low_risk,6,1225836,0.0132,0,lowers_risk,bc_open_to_buy,-0.029019,8.479616
low_risk,6,1225836,0.0132,0,lowers_risk,home_ownership_RENT,-0.028981,0.0
low_risk,6,1225836,0.0132,0,lowers_risk,revol_bal,-0.0285,6.3346515
low_risk,6,1225836,0.0132,0,lowers_risk,revol_util_clean,-0.023632,-2.0145097
low_risk,7,449014,0.0134,0,increases_risk,revol_bal,0.031108,-0.5402673
low_risk,7,449014,0.0134,0,increases_risk,verification_status_Source Verified,0.023782,1.0
low_risk,7,449014,0.0134,0,increases_risk,bc_util,0.016708,-2.010968
low_risk,7,449014,0.0134,0,increases_risk,verification_status_Verified,0.007482,0.0
low_risk,7,449014,0.0134,0,increases_risk,verification_status_Not Verified,0.006599,0.0
low_risk,7,449014,0.0134,0,increases_risk,purpose_credit_card,0.003336,0.0
low_risk,7,449014,0.0134,0,increases_risk,mths_since_last_delinq_is_missing,0.00168,1.0
low_risk,7,449014,0.0134,0,increases_risk,pub_rec_bankruptcies,0.000914,-0.33798254
low_risk,7,449014,0.0134,0,increases_risk,purpose_wedding,0.000262,0.0
low_risk,7,449014,0.0134,0,increases_risk,acc_now_delinq,7e-05,-0.06593545
low_risk,7,449014,0.0134,0,increases_risk,application_type_Joint App,0.0,0.0
low_risk,7,449014,0.0134,0,increases_risk,home_ownership_OTHER,0.0,0.0
low_risk,7,449014,0.0134,0,increases_risk,application_type_Individual,0.0,1.0
low_risk,7,449014,0.0134,0,increases_risk,home_ownership_NONE,0.0,0.0
low_risk,7,449014,0.0134,0,increases_risk,home_ownership_ANY,0.0,0.0
low_risk,7,449014,0.0134,0,lowers_risk,int_rate_clean,-1.405865,-1.7229091
low_risk,7,449014,0.0134,0,lowers_risk,fico_mean,-0.471371,3.237368
low_risk,7,449014,0.0134,0,lowers_risk,term_months,-0.160298,-0.56801224
low_risk,7,449014,0.0134,0,lowers_risk,avg_cur_bal,-0.149679,1.4429891
low_risk,7,449014,0.0134,0,lowers_risk,annual_inc,-0.139634,0.6654272
low_risk,7,449014,0.0134,0,lowers_risk,acc_open_past_24mths,-0.081301,-0.5012649
low_risk,7,449014,0.0134,0,lowers_risk,mort_acc,-0.062928,1.1386791
low_risk,7,449014,0.0134,0,lowers_risk,inq_last_6mths,-0.039317,-0.7074305
low_risk,7,449014,0.0134,0,lowers_risk,bc_open_to_buy,-0.036954,2.3891895
low_risk,7,449014,0.0134,0,lowers_risk,open_acc,-0.03608,-0.6657464
low_risk,7,449014,0.0134,0,lowers_risk,home_ownership_MORTGAGE,-0.035595,1.0
low_risk,7,449014,0.0134,0,lowers_risk,home_ownership_RENT,-0.035561,0.0
low_risk,7,449014,0.0134,0,lowers_risk,loan_amnt,-0.032394,-0.29135102
low_risk,7,449014,0.0134,0,lowers_risk,total_bc_limit,-0.031703,1.2730789
low_risk,7,449014,0.0134,0,lowers_risk,emp_length_years_is_missing,-0.030053,0.0
low_risk,8,1341745,0.0134,0,increases_risk,total_acc,0.050726,-0.94350046
low_risk,8,1341745,0.0134,0,increases_risk,bc_util,0.021675,-1.5963697
low_risk,8,1341745,0.0134,0,increases_risk,verification_status_Verified,0.008125,0.0
low_risk,8,1341745,0.0134,0,increases_risk,total_bal_ex_mort,0.003301,-0.18119669
low_risk,8,1341745,0.0134,0,increases_risk,purpose_debt_consolidation,0.001337,0.0
low_risk,8,1341745,0.0134,0,increases_risk,purpose_wedding,0.000284,0.0
low_risk,8,1341745,0.0134,0,increases_risk,mths_since_last_delinq_is_missing,0.000281,1.0
low_risk,8,1341745,0.0134,0,increases_risk,acc_now_delinq,9.7e-05,-0.06593545
low_risk,8,1341745,0.0134,0,increases_risk,pub_rec_bankruptcies,5.1e-05,-0.33798254
low_risk,8,1341745,0.0134,0,increases_risk,application_type_Joint App,0.0,0.0
low_risk,8,1341745,0.0134,0,increases_risk,purpose_renewable_energy,0.0,0.0
low_risk,8,1341745,0.0134,0,increases_risk,home_ownership_NONE,0.0,0.0
low_risk,8,1341745,0.0134,0,increases_risk,purpose_car,0.0,0.0
low_risk,8,1341745,0.0134,0,increases_risk,home_ownership_ANY,0.0,0.0
low_risk,8,1341745,0.0134,0,increases_risk,purpose_educational,0.0,0.0
low_risk,8,1341745,0.0134,0,lowers_risk,int_rate_clean,-1.445203,-1.7229091
low_risk,8,1341745,0.0134,0,lowers_risk,fico_mean,-0.468123,3.5615087
low_risk,8,1341745,0.0134,0,lowers_risk,acc_open_past_24mths,-0.18671,-0.83474493
low_risk,8,1341745,0.0134,0,lowers_risk,term_months,-0.171897,-0.56801224
low_risk,8,1341745,0.0134,0,lowers_risk,avg_cur_bal,-0.156309,1.7609242
low_risk,8,1341745,0.0134,0,lowers_risk,inq_last_6mths,-0.047452,-0.7074305
low_risk,8,1341745,0.0134,0,lowers_risk,annual_inc,-0.04472,-0.10687174
low_risk,8,1341745,0.0134,0,lowers_risk,home_ownership_MORTGAGE,-0.03534,1.0
low_risk,8,1341745,0.0134,0,lowers_risk,home_ownership_RENT,-0.034357,0.0
low_risk,8,1341745,0.0134,0,lowers_risk,bc_open_to_buy,-0.033028,2.511888
low_risk,8,1341745,0.0134,0,lowers_risk,loan_amnt,-0.032676,-0.24399841
low_risk,8,1341745,0.0134,0,lowers_risk,emp_length_years_is_missing,-0.029874,0.0
low_risk,8,1341745,0.0134,0,lowers_risk,tot_cur_bal,-0.024715,1.5049889
low_risk,8,1341745,0.0134,0,lowers_risk,open_acc,-0.023648,-0.47889894
low_risk,8,1341745,0.0134,0,lowers_risk,revol_util_clean,-0.022988,-1.4174066
low_risk,9,1315352,0.0141,0,increases_risk,total_acc,0.043917,-0.94350046
low_risk,9,1315352,0.0141,0,increases_risk,bc_util,0.012943,-2.1655002
low_risk,9,1315352,0.0141,0,increases_risk,verification_status_Verified,0.012359,0.0
low_risk,9,1315352,0.0141,0,increases_risk,total_il_high_credit_limit,0.010617,-0.9092491
low_risk,9,1315352,0.0141,0,increases_risk,revol_bal,0.005466,-0.4440526
low_risk,9,1315352,0.0141,0,increases_risk,credit_history_years,0.005386,-0.59775484
low_risk,9,1315352,0.0141,0,increases_risk,purpose_credit_card,0.004828,0.0
low_risk,9,1315352,0.0141,0,increases_risk,mths_since_last_delinq_is_missing,0.001659,0.0
low_risk,9,1315352,0.0141,0,increases_risk,total_bal_ex_mort,0.001362,-0.88238424
low_risk,9,1315352,0.0141,0,increases_risk,purpose_home_improvement,0.000366,0.0
low_risk,9,1315352,0.0141,0,increases_risk,purpose_debt_consolidation,0.000298,1.0
low_risk,9,1315352,0.0141,0,increases_risk,purpose_wedding,0.000282,0.0
low_risk,9,1315352,0.0141,0,increases_risk,acc_now_delinq,5.4e-05,-0.06593545
low_risk,9,1315352,0.0141,0,increases_risk,purpose_other,3.4e-05,0.0
low_risk,9,1315352,0.0141,0,increases_risk,purpose_educational,0.0,0.0
low_risk,9,1315352,0.0141,0,lowers_risk,int_rate_clean,-1.277843,-1.7229091
low_risk,9,1315352,0.0141,0,lowers_risk,dti,-0.240795,-1.6295352
low_risk,9,1315352,0.0141,0,lowers_risk,avg_cur_bal,-0.188761,1.882849
low_risk,9,1315352,0.0141,0,lowers_risk,fico_mean,-0.172156,1.2925245
low_risk,9,1315352,0.0141,0,lowers_risk,term_months,-0.161937,-0.56801224
low_risk,9,1315352,0.0141,0,lowers_risk,annual_inc,-0.149924,0.6654272
low_risk,9,1315352,0.0141,0,lowers_risk,acc_open_past_24mths,-0.097473,-0.5012649
low_risk,9,1315352,0.0141,0,lowers_risk,loan_amnt,-0.088136,-1.1200217
low_risk,9,1315352,0.0141,0,lowers_risk,installment,-0.065391,-1.1414455
low_risk,9,1315352,0.0141,0,lowers_risk,mort_acc,-0.061235,1.1386791
low_risk,9,1315352,0.0141,0,lowers_risk,inq_last_6mths,-0.047792,-0.7074305
low_risk,9,1315352,0.0141,0,lowers_risk,open_acc,-0.040852,-0.85259384
low_risk,9,1315352,0.0141,0,lowers_risk,revol_util_clean,-0.036264,-1.1334695
low_risk,9,1315352,0.0141,0,lowers_risk,tot_cur_bal,-0.03361,1.0595753
low_risk,9,1315352,0.0141,0,lowers_risk,home_ownership_MORTGAGE,-0.033519,1.0
low_risk,10,977157,0.0144,0,increases_risk,open_acc,0.027957,0.6421857
low_risk,10,977157,0.0144,0,increases_risk,bc_util,0.010034,-1.8262833
low_risk,10,977157,0.0144,0,increases_risk,verification_status_Verified,0.009237,0.0
low_risk,10,977157,0.0144,0,increases_risk,purpose_credit_card,0.004564,0.0
low_risk,10,977157,0.0144,0,increases_risk,mths_since_last_delinq_is_missing,0.000313,1.0
low_risk,10,977157,0.0144,0,increases_risk,total_bal_ex_mort,0.000261,-0.32199812
low_risk,10,977157,0.0144,0,increases_risk,purpose_wedding,0.000238,0.0
low_risk,10,977157,0.0144,0,increases_risk,acc_now_delinq,9.5e-05,-0.06593545
low_risk,10,977157,0.0144,0,increases_risk,tax_liens,2e-06,-0.12772587
low_risk,10,977157,0.0144,0,increases_risk,purpose_house,0.0,0.0
low_risk,10,977157,0.0144,0,increases_risk,purpose_educational,0.0,0.0
low_risk,10,977157,0.0144,0,increases_risk,purpose_renewable_energy,0.0,0.0
low_risk,10,977157,0.0144,0,increases_risk,home_ownership_OTHER,0.0,0.0
low_risk,10,977157,0.0144,0,increases_risk,home_ownership_NONE,0.0,0.0
low_risk,10,977157,0.0144,0,increases_risk,home_ownership_ANY,0.0,0.0
low_risk,10,977157,0.0144,0,lowers_risk,int_rate_clean,-1.350854,-1.7229091
low_risk,10,977157,0.0144,0,lowers_risk,fico_mean,-0.483379,3.5615087
low_risk,10,977157,0.0144,0,lowers_risk,term_months,-0.176261,-0.56801224
low_risk,10,977157,0.0144,0,lowers_risk,annual_inc,-0.13093,0.21987014
low_risk,10,977157,0.0144,0,lowers_risk,acc_open_past_24mths,-0.086878,-0.5012649
low_risk,10,977157,0.0144,0,lowers_risk,dti,-0.066983,-0.3520432
low_risk,10,977157,0.0144,0,lowers_risk,total_acc,-0.054391,1.3278979
low_risk,10,977157,0.0144,0,lowers_risk,mort_acc,-0.038775,0.6443364
low_risk,10,977157,0.0144,0,lowers_risk,inq_last_6mths,-0.037669,-0.7074305
low_risk,10,977157,0.0144,0,lowers_risk,loan_amnt,-0.037485,-0.5281141
low_risk,10,977157,0.0144,0,lowers_risk,home_ownership_MORTGAGE,-0.032253,1.0
low_risk,10,977157,0.0144,0,lowers_risk,home_ownership_RENT,-0.0322,0.0
low_risk,10,977157,0.0144,0,lowers_risk,total_bc_limit,-0.030943,2.1596463
low_risk,10,977157,0.0144,0,lowers_risk,revol_util_clean,-0.030914,-1.7138703
low_risk,10,977157,0.0144,0,lowers_risk,emp_length_years_is_missing,-0.029876,0.0
low_risk,11,442763,0.0145,0,increases_risk,revol_bal,0.14696,-0.7159113
low_risk,11,442763,0.0145,0,increases_risk,bc_util,0.017612,-2.2107291
low_risk,11,442763,0.0145,0,increases_risk,total_acc,0.010101,-0.43874526
low_risk,11,442763,0.0145,0,increases_risk,verification_status_Not Verified,0.007576,0.0
low_risk,11,442763,0.0145,0,increases_risk,mort_acc,0.007543,-0.344349
low_risk,11,442763,0.0145,0,increases_risk,purpose_home_improvement,0.007499,1.0
low_risk,11,442763,0.0145,0,increases_risk,purpose_credit_card,0.003295,0.0
low_risk,11,442763,0.0145,0,increases_risk,total_bc_limit,0.003031,-0.35391825
low_risk,11,442763,0.0145,0,increases_risk,pub_rec_bankruptcies,0.000851,-0.33798254
low_risk,11,442763,0.0145,0,increases_risk,purpose_wedding,0.000298,0.0
low_risk,11,442763,0.0145,0,increases_risk,emp_length_years,0.000265,0.0026238423
low_risk,11,442763,0.0145,0,increases_risk,acc_now_delinq,9.1e-05,-0.06593545
low_risk,11,442763,0.0145,0,increases_risk,mths_since_last_delinq_is_missing,9e-06,1.0
low_risk,11,442763,0.0145,0,increases_risk,application_type_Joint App,0.0,0.0
low_risk,11,442763,0.0145,0,increases_risk,purpose_renewable_energy,0.0,0.0
low_risk,11,442763,0.0145,0,lowers_risk,int_rate_clean,-1.391207,-1.7229091
low_risk,11,442763,0.0145,0,lowers_risk,fico_mean,-0.450086,3.3994384
low_risk,11,442763,0.0145,0,lowers_risk,dti,-0.166014,-0.9750966
low_risk,11,442763,0.0145,0,lowers_risk,term_months,-0.159438,-0.56801224
low_risk,11,442763,0.0145,0,lowers_risk,annual_inc,-0.145937,0.36838916
low_risk,11,442763,0.0145,0,lowers_risk,avg_cur_bal,-0.138113,1.305549
low_risk,11,442763,0.0145,0,lowers_risk,acc_open_past_24mths,-0.097408,-0.5012649
low_risk,11,442763,0.0145,0,lowers_risk,inq_last_6mths,-0.050657,-0.7074305
low_risk,11,442763,0.0145,0,lowers_risk,open_acc,-0.043676,-0.85259384
low_risk,11,442763,0.0145,0,lowers_risk,loan_amnt,-0.04096,-0.5281141
low_risk,11,442763,0.0145,0,lowers_risk,home_ownership_MORTGAGE,-0.035957,1.0
low_risk,11,442763,0.0145,0,lowers_risk,revol_util_clean,-0.031182,-2.0854938
low_risk,11,442763,0.0145,0,lowers_risk,bc_open_to_buy,-0.029198,0.2818509
low_risk,11,442763,0.0145,0,lowers_risk,home_ownership_RENT,-0.028934,0.0
low_risk,11,442763,0.0145,0,lowers_risk,emp_length_years_is_missing,-0.028456,0.0
low_risk,12,1329293,0.0146,0,increases_risk,loan_amnt,0.051119,0.65570116
low_risk,12,1329293,0.0146,0,increases_risk,total_acc,0.038637,-0.94350046
low_risk,12,1329293,0.0146,0,increases_risk,mort_acc,0.035388,-0.8386917
low_risk,12,1329293,0.0146,0,increases_risk,verification_status_Verified,0.012131,0.0
low_risk,12,1329293,0.0146,0,increases_risk,tot_cur_bal,0.009983,-0.29795024
low_risk,12,1329293,0.0146,0,increases_risk,credit_history_years,0.009551,-0.51954377
low_risk,12,1329293,0.0146,0,increases_risk,bc_util,0.009163,-1.162926
low_risk,12,1329293,0.0146,0,increases_risk,installment,0.008838,0.65757537
low_risk,12,1329293,0.0146,0,increases_risk,emp_length_years,0.002253,0.28267908
low_risk,12,1329293,0.0146,0,increases_risk,purpose_debt_consolidation,0.001739,0.0
low_risk,12,1329293,0.0146,0,increases_risk,mths_since_last_delinq_is_missing,0.00032,1.0
low_risk,12,1329293,0.0146,0,increases_risk,purpose_wedding,0.000304,0.0
low_risk,12,1329293,0.0146,0,increases_risk,total_bal_ex_mort,0.00012,0.91107166
low_risk,12,1329293,0.0146,0,increases_risk,acc_now_delinq,6.1e-05,-0.06593545
low_risk,12,1329293,0.0146,0,increases_risk,purpose_educational,0.0,0.0
low_risk,12,1329293,0.0146,0,lowers_risk,int_rate_clean,-1.399273,-1.7229091
low_risk,12,1329293,0.0146,0,lowers_risk,fico_mean,-0.488658,2.9132273
low_risk,12,1329293,0.0146,0,lowers_risk,acc_open_past_24mths,-0.259643,-1.1682249
low_risk,12,1329293,0.0146,0,lowers_risk,term_months,-0.188562,-0.56801224
low_risk,12,1329293,0.0146,0,lowers_risk,annual_inc,-0.117531,0.7396867
low_risk,12,1329293,0.0146,0,lowers_risk,dti,-0.072249,-0.40202698
low_risk,12,1329293,0.0146,0,lowers_risk,total_bc_limit,-0.042803,1.3510189
low_risk,12,1329293,0.0146,0,lowers_risk,inq_last_6mths,-0.04081,-0.7074305
low_risk,12,1329293,0.0146,0,lowers_risk,bc_open_to_buy,-0.037988,1.7093753
low_risk,12,1329293,0.0146,0,lowers_risk,emp_length_years_is_missing,-0.034123,0.0
low_risk,12,1329293,0.0146,0,lowers_risk,revol_util_clean,-0.030838,-0.9580965
low_risk,12,1329293,0.0146,0,lowers_risk,home_ownership_MORTGAGE,-0.028773,1.0
low_risk,12,1329293,0.0146,0,lowers_risk,avg_cur_bal,-0.028682,-0.24869998
low_risk,12,1329293,0.0146,0,lowers_risk,home_ownership_RENT,-0.024679,0.0
low_risk,12,1329293,0.0146,0,lowers_risk,revol_bal,-0.024195,-0.032969754
low_risk,13,1195508,0.0146,0,increases_risk,total_acc,0.040236,-0.8593746
low_risk,13,1195508,0.0146,0,increases_risk,verification_status_Source Verified,0.038157,1.0
low_risk,13,1195508,0.0146,0,increases_risk,revol_bal,0.033487,-0.5941849
low_risk,13,1195508,0.0146,0,increases_risk,bc_util,0.015027,-2.1391165
low_risk,13,1195508,0.0146,0,increases_risk,inq_last_6mths,0.014571,0.32988
low_risk,13,1195508,0.0146,0,increases_risk,mort_acc,0.011491,-0.344349
low_risk,13,1195508,0.0146,0,increases_risk,verification_status_Verified,0.010249,0.0
low_risk,13,1195508,0.0146,0,increases_risk,total_bal_ex_mort,0.008609,-0.8671851
low_risk,13,1195508,0.0146,0,increases_risk,verification_status_Not Verified,0.007037,0.0
low_risk,13,1195508,0.0146,0,increases_risk,purpose_credit_card,0.003462,0.0
low_risk,13,1195508,0.0146,0,increases_risk,total_il_high_credit_limit,0.002282,-0.6881984
low_risk,13,1195508,0.0146,0,increases_risk,tot_cur_bal,0.000396,-0.038765874
low_risk,13,1195508,0.0146,0,increases_risk,purpose_wedding,0.000291,0.0
low_risk,13,1195508,0.0146,0,increases_risk,pub_rec_bankruptcies,0.000197,-0.33798254
low_risk,13,1195508,0.0146,0,increases_risk,acc_now_delinq,7.3e-05,-0.06593545
low_risk,13,1195508,0.0146,0,lowers_risk,int_rate_clean,-1.473391,-1.7229091
low_risk,13,1195508,0.0146,0,lowers_risk,fico_mean,-0.474059,3.723579
low_risk,13,1195508,0.0146,0,lowers_risk,dti,-0.18601,-1.6411593
low_risk,13,1195508,0.0146,0,lowers_risk,term_months,-0.162907,-0.56801224
low_risk,13,1195508,0.0146,0,lowers_risk,annual_inc,-0.156009,0.88820577
low_risk,13,1195508,0.0146,0,lowers_risk,acc_open_past_24mths,-0.090899,-0.5012649
low_risk,13,1195508,0.0146,0,lowers_risk,avg_cur_bal,-0.083047,0.3592427
low_risk,13,1195508,0.0146,0,lowers_risk,home_ownership_MORTGAGE,-0.035947,1.0
low_risk,13,1195508,0.0146,0,lowers_risk,loan_amnt,-0.035608,-0.23216026
low_risk,13,1195508,0.0146,0,lowers_risk,home_ownership_RENT,-0.032145,0.0
low_risk,13,1195508,0.0146,0,lowers_risk,revol_util_clean,-0.032084,-2.0270362
low_risk,13,1195508,0.0146,0,lowers_risk,open_acc,-0.030945,-0.6657464
low_risk,13,1195508,0.0146,0,lowers_risk,emp_length_years_is_missing,-0.030074,0.0
low_risk,13,1195508,0.0146,0,lowers_risk,total_bc_limit,-0.027848,1.3412764
low_risk,13,1195508,0.0146,0,lowers_risk,bc_open_to_buy,-0.022422,2.596382
low_risk,14,1343684,0.0149,0,increases_risk,acc_open_past_24mths,0.075343,0.49917498
low_risk,14,1343684,0.0149,0,increases_risk,revol_bal,0.056647,-0.6310501
low_risk,14,1343684,0.0149,0,increases_risk,bc_util,0.015538,-2.2258053
low_risk,14,1343684,0.0149,0,increases_risk,verification_status_Verified,0.006806,0.0
low_risk,14,1343684,0.0149,0,increases_risk,total_bal_ex_mort,0.005739,0.80963385
low_risk,14,1343684,0.0149,0,increases_risk,purpose_credit_card,0.002946,0.0
low_risk,14,1343684,0.0149,0,increases_risk,pub_rec_bankruptcies,0.001477,-0.33798254
low_risk,14,1343684,0.0149,0,increases_risk,purpose_wedding,0.000257,0.0
low_risk,14,1343684,0.0149,0,increases_risk,purpose_home_improvement,0.000102,0.0
low_risk,14,1343684,0.0149,0,increases_risk,acc_now_delinq,7.1e-05,-0.06593545
low_risk,14,1343684,0.0149,0,increases_risk,purpose_educational,0.0,0.0
low_risk,14,1343684,0.0149,0,increases_risk,purpose_house,0.0,0.0
low_risk,14,1343684,0.0149,0,increases_risk,home_ownership_OTHER,0.0,0.0
low_risk,14,1343684,0.0149,0,increases_risk,home_ownership_NONE,0.0,0.0
low_risk,14,1343684,0.0149,0,increases_risk,home_ownership_ANY,0.0,0.0
low_risk,14,1343684,0.0149,0,lowers_risk,int_rate_clean,-1.355346,-1.7229091
low_risk,14,1343684,0.0149,0,lowers_risk,fico_mean,-0.362897,2.5890868
low_risk,14,1343684,0.0149,0,lowers_risk,avg_cur_bal,-0.227545,2.607092
low_risk,14,1343684,0.0149,0,lowers_risk,term_months,-0.16088,-0.56801224
low_risk,14,1343684,0.0149,0,lowers_risk,annual_inc,-0.131917,1.1109843
low_risk,14,1343684,0.0149,0,lowers_risk,dti,-0.077318,-0.44387385
low_risk,14,1343684,0.0149,0,lowers_risk,mort_acc,-0.074991,1.1386791
low_risk,14,1343684,0.0149,0,lowers_risk,revol_util_clean,-0.041027,-1.9894563
low_risk,14,1343684,0.0149,0,lowers_risk,total_acc,-0.040178,0.57076514
low_risk,14,1343684,0.0149,0,lowers_risk,bc_open_to_buy,-0.039752,1.3305479
low_risk,14,1343684,0.0149,0,lowers_risk,loan_amnt,-0.034423,-0.5281141
low_risk,14,1343684,0.0149,0,lowers_risk,inq_last_6mths,-0.034325,-0.7074305
low_risk,14,1343684,0.0149,0,lowers_risk,home_ownership_MORTGAGE,-0.033959,1.0
low_risk,14,1343684,0.0149,0,lowers_risk,home_ownership_RENT,-0.031491,0.0
low_risk,14,1343684,0.0149,0,lowers_risk,open_acc,-0.029302,-0.47889894
low_risk,15,458637,0.015,0,increases_risk,verification_status_Source Verified,0.032848,1.0
low_risk,15,458637,0.015,0,increases_risk,total_il_high_credit_limit,0.03034,-0.98293275
low_risk,15,458637,0.015,0,increases_risk,verification_status_Verified,0.010473,0.0
low_risk,15,458637,0.015,0,increases_risk,bc_util,0.009182,-1.6642131
low_risk,15,458637,0.015,0,increases_risk,total_acc,0.009097,-0.43874526
low_risk,15,458637,0.015,0,increases_risk,verification_status_Not Verified,0.007987,0.0
low_risk,15,458637,0.015,0,increases_risk,total_bal_ex_mort,0.005554,-0.7679941
low_risk,15,458637,0.015,0,increases_risk,tot_cur_bal,0.004601,-0.025210792
low_risk,15,458637,0.015,0,increases_risk,purpose_debt_consolidation,0.001511,0.0
low_risk,15,458637,0.015,0,increases_risk,mths_since_last_delinq_is_missing,0.000319,0.0
low_risk,15,458637,0.015,0,increases_risk,purpose_wedding,0.000286,0.0
low_risk,15,458637,0.015,0,increases_risk,pub_rec_bankruptcies,0.000129,-0.33798254
low_risk,15,458637,0.015,0,increases_risk,acc_now_delinq,3.7e-05,-0.06593545
low_risk,15,458637,0.015,0,increases_risk,application_type_Joint App,0.0,0.0
low_risk,15,458637,0.015,0,increases_risk,purpose_educational,0.0,0.0
low_risk,15,458637,0.015,0,lowers_risk,int_rate_clean,-1.364873,-1.7229091
low_risk,15,458637,0.015,0,lowers_risk,fico_mean,-0.330998,2.4270165
low_risk,15,458637,0.015,0,lowers_risk,acc_open_past_24mths,-0.211529,-1.1682249
low_risk,15,458637,0.015,0,lowers_risk,dti,-0.182498,-1.6260478
low_risk,15,458637,0.015,0,lowers_risk,term_months,-0.163542,-0.56801224
low_risk,15,458637,0.015,0,lowers_risk,annual_inc,-0.128222,0.21244419
low_risk,15,458637,0.015,0,lowers_risk,avg_cur_bal,-0.06059,0.22723302
low_risk,15,458637,0.015,0,lowers_risk,inq_last_6mths,-0.050462,-0.7074305
low_risk,15,458637,0.015,0,lowers_risk,loan_amnt,-0.047198,-0.58730483
low_risk,15,458637,0.015,0,lowers_risk,home_ownership_MORTGAGE,-0.033281,1.0
low_risk,15,458637,0.015,0,lowers_risk,emp_length_years_is_missing,-0.0331,0.0
low_risk,15,458637,0.015,0,lowers_risk,mort_acc,-0.029969,0.6443364
low_risk,15,458637,0.015,0,lowers_risk,mths_since_last_delinq,-0.029428,2.3612566
low_risk,15,458637,0.015,0,lowers_risk,open_acc,-0.02583,-0.47889894
low_risk,15,458637,0.015,0,lowers_risk,home_ownership_RENT,-0.025307,0.0
low_risk,16,976016,0.0151,0,increases_risk,open_acc,0.036569,1.0158806
low_risk,16,976016,0.0151,0,increases_risk,verification_status_Source Verified,0.028597,1.0
low_risk,16,976016,0.0151,0,increases_risk,acc_open_past_24mths,0.01718,0.16569501
low_risk,16,976016,0.0151,0,increases_risk,revol_bal,0.011875,-0.4948536
low_risk,16,976016,0.0151,0,increases_risk,bc_util,0.010854,-2.0335824
low_risk,16,976016,0.0151,0,increases_risk,verification_status_Verified,0.008369,0.0
low_risk,16,976016,0.0151,0,increases_risk,verification_status_Not Verified,0.006548,0.0
low_risk,16,976016,0.0151,0,increases_risk,emp_length_years,0.005359,-0.8375419
low_risk,16,976016,0.0151,0,increases_risk,purpose_home_improvement,0.003444,1.0
low_risk,16,976016,0.0151,0,increases_risk,purpose_credit_card,0.002562,0.0
low_risk,16,976016,0.0151,0,increases_risk,purpose_debt_consolidation,0.001189,0.0
low_risk,16,976016,0.0151,0,increases_risk,total_bal_ex_mort,0.000999,-0.1412824
low_risk,16,976016,0.0151,0,increases_risk,purpose_wedding,0.00026,0.0
low_risk,16,976016,0.0151,0,increases_risk,acc_now_delinq,2.1e-05,-0.06593545
low_risk,16,976016,0.0151,0,increases_risk,tax_liens,1e-05,-0.12772587
low_risk,16,976016,0.0151,0,lowers_risk,int_rate_clean,-1.319573,-1.7229091
low_risk,16,976016,0.0151,0,lowers_risk,fico_mean,-0.462797,3.723579
low_risk,16,976016,0.0151,0,lowers_risk,term_months,-0.172114,-0.56801224
low_risk,16,976016,0.0151,0,lowers_risk,annual_inc,-0.126721,0.9624653
low_risk,16,976016,0.0151,0,lowers_risk,dti,-0.093414,-0.5101314
low_risk,16,976016,0.0151,0,lowers_risk,loan_amnt,-0.088816,-1.2384032
low_risk,16,976016,0.0151,0,lowers_risk,installment,-0.083005,-1.2614014
low_risk,16,976016,0.0151,0,lowers_risk,mort_acc,-0.072525,1.1386791
low_risk,16,976016,0.0151,0,lowers_risk,avg_cur_bal,-0.056396,0.116169065
low_risk,16,976016,0.0151,0,lowers_risk,revol_util_clean,-0.047443,-1.8934188
low_risk,16,976016,0.0151,0,lowers_risk,tot_cur_bal,-0.038767,0.7588269
low_risk,16,976016,0.0151,0,lowers_risk,home_ownership_MORTGAGE,-0.035131,1.0
low_risk,16,976016,0.0151,0,lowers_risk,total_acc,-0.03415,0.31838754
low_risk,16,976016,0.0151,0,lowers_risk,total_bc_limit,-0.030897,1.6384226
low_risk,16,976016,0.0151,0,lowers_risk,home_ownership_RENT,-0.029971,0.0
low_risk,17,1318372,0.0159,0,increases_risk,home_ownership_MORTGAGE,0.035102,0.0
low_risk,17,1318372,0.0159,0,increases_risk,bc_util,0.01914,-1.4569138
low_risk,17,1318372,0.0159,0,increases_risk,total_acc,0.013563,-0.52287114
low_risk,17,1318372,0.0159,0,increases_risk,mort_acc,0.011695,-0.344349
low_risk,17,1318372,0.0159,0,increases_risk,verification_status_Verified,0.009236,0.0
low_risk,17,1318372,0.0159,0,increases_risk,revol_bal,0.00742,-0.36898646
low_risk,17,1318372,0.0159,0,increases_risk,home_ownership_OWN,0.007021,1.0
low_risk,17,1318372,0.0159,0,increases_risk,credit_history_years,0.004838,-0.5531672
low_risk,17,1318372,0.0159,0,increases_risk,total_il_high_credit_limit,0.003504,-0.6881984
low_risk,17,1318372,0.0159,0,increases_risk,total_bal_ex_mort,0.001593,-0.7922907
low_risk,17,1318372,0.0159,0,increases_risk,purpose_debt_consolidation,0.001327,0.0
low_risk,17,1318372,0.0159,0,increases_risk,purpose_wedding,0.000294,0.0
low_risk,17,1318372,0.0159,0,increases_risk,acc_now_delinq,7e-05,-0.06593545
low_risk,17,1318372,0.0159,0,increases_risk,purpose_renewable_energy,0.0,0.0
low_risk,17,1318372,0.0159,0,increases_risk,home_ownership_ANY,0.0,0.0
low_risk,17,1318372,0.0159,0,lowers_risk,int_rate_clean,-1.33757,-1.7229091
low_risk,17,1318372,0.0159,0,lowers_risk,fico_mean,-0.22238,1.616665
low_risk,17,1318372,0.0159,0,lowers_risk,avg_cur_bal,-0.208329,2.5307436
low_risk,17,1318372,0.0159,0,lowers_risk,acc_open_past_24mths,-0.179259,-0.83474493
low_risk,17,1318372,0.0159,0,lowers_risk,term_months,-0.16251,-0.56801224
low_risk,17,1318372,0.0159,0,lowers_risk,dti,-0.155154,-0.95417315
low_risk,17,1318372,0.0159,0,lowers_risk,annual_inc,-0.10258,0.19016632
low_risk,17,1318372,0.0159,0,lowers_risk,loan_amnt,-0.074849,-0.7648771
low_risk,17,1318372,0.0159,0,lowers_risk,inq_last_6mths,-0.052786,-0.7074305
low_risk,17,1318372,0.0159,0,lowers_risk,emp_length_years_is_missing,-0.032779,0.0
low_risk,17,1318372,0.0159,0,lowers_risk,bc_open_to_buy,-0.027808,1.2124997
low_risk,17,1318372,0.0159,0,lowers_risk,open_acc,-0.025428,-0.47889894
low_risk,17,1318372,0.0159,0,lowers_risk,revol_util_clean,-0.024143,-1.3046668
low_risk,17,1318372,0.0159,0,lowers_risk,tot_cur_bal,-0.024081,2.2185614
low_risk,17,1318372,0.0159,0,lowers_risk,installment,-0.02307,-0.7816572
low_risk,18,994808,0.016,0,increases_risk,total_acc,0.016433,-0.69112283
low_risk,18,994808,0.016,0,increases_risk,verification_status_Verified,0.008023,0.0
low_risk,18,994808,0.016,0,increases_risk,total_bal_ex_mort,0.005735,-0.72858644
low_risk,18,994808,0.016,0,increases_risk,purpose_credit_card,0.005157,0.0
low_risk,18,994808,0.016,0,increases_risk,credit_history_years,0.000519,-0.32986367
low_risk,18,994808,0.016,0,increases_risk,purpose_wedding,0.0003,0.0
low_risk,18,994808,0.016,0,increases_risk,pub_rec_bankruptcies,0.000287,-0.33798254
low_risk,18,994808,0.016,0,increases_risk,acc_now_delinq,4e-05,-0.06593545
low_risk,18,994808,0.016,0,increases_risk,application_type_Individual,0.0,1.0
low_risk,18,994808,0.016,0,increases_risk,purpose_renewable_energy,0.0,0.0
low_risk,18,994808,0.016,0,increases_risk,purpose_house,0.0,0.0
low_risk,18,994808,0.016,0,increases_risk,purpose_educational,0.0,0.0
low_risk,18,994808,0.016,0,increases_risk,purpose_car,0.0,0.0
low_risk,18,994808,0.016,0,increases_risk,home_ownership_OTHER,0.0,0.0
low_risk,18,994808,0.016,0,increases_risk,home_ownership_NONE,0.0,0.0
low_risk,18,994808,0.016,0,lowers_risk,int_rate_clean,-1.326209,-1.7229091
low_risk,18,994808,0.016,0,lowers_risk,acc_open_past_24mths,-0.241296,-1.5017049
low_risk,18,994808,0.016,0,lowers_risk,fico_mean,-0.20323,1.4545947
low_risk,18,994808,0.016,0,lowers_risk,term_months,-0.168453,-0.56801224
low_risk,18,994808,0.016,0,lowers_risk,dti,-0.135318,-0.67868125
low_risk,18,994808,0.016,0,lowers_risk,annual_inc,-0.134275,0.29412964
low_risk,18,994808,0.016,0,lowers_risk,avg_cur_bal,-0.121003,0.6160862
low_risk,18,994808,0.016,0,lowers_risk,inq_last_6mths,-0.046092,-0.7074305
low_risk,18,994808,0.016,0,lowers_risk,loan_amnt,-0.03416,-0.5281141
low_risk,18,994808,0.016,0,lowers_risk,emp_length_years_is_missing,-0.033368,0.0
low_risk,18,994808,0.016,0,lowers_risk,revol_util_clean,-0.032065,-0.54471743
low_risk,18,994808,0.016,0,lowers_risk,home_ownership_MORTGAGE,-0.027802,1.0
low_risk,18,994808,0.016,0,lowers_risk,total_bc_limit,-0.023876,0.060137905
low_risk,18,994808,0.016,0,lowers_risk,open_acc,-0.020595,-0.47889894
low_risk,18,994808,0.016,0,lowers_risk,home_ownership_RENT,-0.017939,0.0
low_risk,19,1311048,0.0163,0,increases_risk,verification_status_Source Verified,0.034629,1.0
low_risk,19,1311048,0.0163,0,increases_risk,verification_status_Verified,0.01164,0.0
low_risk,19,1311048,0.0163,0,increases_risk,bc_util,0.009279,-1.9129721
low_risk,19,1311048,0.0163,0,increases_risk,verification_status_Not Verified,0.00507,0.0
low_risk,19,1311048,0.0163,0,increases_risk,revol_bal,0.003672,-0.30879107
low_risk,19,1311048,0.0163,0,increases_risk,total_il_high_credit_limit,0.003478,-0.5991886
low_risk,19,1311048,0.0163,0,increases_risk,purpose_credit_card,0.003274,0.0
low_risk,19,1311048,0.0163,0,increases_risk,total_bal_ex_mort,0.003186,-0.64327294
low_risk,19,1311048,0.0163,0,increases_risk,pub_rec_bankruptcies,0.000337,-0.33798254
low_risk,19,1311048,0.0163,0,increases_risk,purpose_wedding,0.000261,0.0
low_risk,19,1311048,0.0163,0,increases_risk,acc_now_delinq,7e-05,-0.06593545
low_risk,19,1311048,0.0163,0,increases_risk,purpose_renewable_energy,0.0,0.0
low_risk,19,1311048,0.0163,0,increases_risk,purpose_house,0.0,0.0
low_risk,19,1311048,0.0163,0,increases_risk,purpose_educational,0.0,0.0
low_risk,19,1311048,0.0163,0,increases_risk,purpose_car,0.0,0.0
low_risk,19,1311048,0.0163,0,lowers_risk,int_rate_clean,-1.068479,-1.3497525
low_risk,19,1311048,0.0163,0,lowers_risk,fico_mean,-0.488344,3.237368
low_risk,19,1311048,0.0163,0,lowers_risk,dti,-0.206185,-1.2726743
low_risk,19,1311048,0.0163,0,lowers_risk,annual_inc,-0.169671,0.5911677
low_risk,19,1311048,0.0163,0,lowers_risk,term_months,-0.163409,-0.56801224
low_risk,19,1311048,0.0163,0,lowers_risk,avg_cur_bal,-0.099417,0.9269748
low_risk,19,1311048,0.0163,0,lowers_risk,acc_open_past_24mths,-0.083224,-0.5012649
low_risk,19,1311048,0.0163,0,lowers_risk,mort_acc,-0.047357,0.6443364
low_risk,19,1311048,0.0163,0,lowers_risk,inq_last_6mths,-0.045876,-0.7074305
low_risk,19,1311048,0.0163,0,lowers_risk,home_ownership_MORTGAGE,-0.03967,1.0
low_risk,19,1311048,0.0163,0,lowers_risk,home_ownership_RENT,-0.038854,0.0
low_risk,19,1311048,0.0163,0,lowers_risk,loan_amnt,-0.037345,-0.29135102
low_risk,19,1311048,0.0163,0,lowers_risk,revol_util_clean,-0.028794,-1.7848545
low_risk,19,1311048,0.0163,0,lowers_risk,emp_length_years_is_missing,-0.023792,0.0
low_risk,19,1311048,0.0163,0,lowers_risk,total_bc_limit,-0.023031,2.8416212
low_risk,20,1247585,0.0166,0,increases_risk,total_acc,0.068856,-1.0276263
low_risk,20,1247585,0.0166,0,increases_risk,bc_util,0.010694,-0.6955606
low_risk,20,1247585,0.0166,0,increases_risk,verification_status_Verified,0.008843,0.0
low_risk,20,1247585,0.0166,0,increases_risk,credit_history_years,0.00426,-0.39711055
low_risk,20,1247585,0.0166,0,increases_risk,total_il_high_credit_limit,0.003541,-0.64583033
low_risk,20,1247585,0.0166,0,increases_risk,total_bal_ex_mort,0.003144,-0.58842385
low_risk,20,1247585,0.0166,0,increases_risk,purpose_debt_consolidation,0.00157,0.0
low_risk,20,1247585,0.0166,0,increases_risk,purpose_wedding,0.000315,0.0
low_risk,20,1247585,0.0166,0,increases_risk,pub_rec_bankruptcies,0.00027,-0.33798254
low_risk,20,1247585,0.0166,0,increases_risk,acc_now_delinq,7.2e-05,-0.06593545
low_risk,20,1247585,0.0166,0,increases_risk,purpose_renewable_energy,0.0,0.0
low_risk,20,1247585,0.0166,0,increases_risk,purpose_house,0.0,0.0
low_risk,20,1247585,0.0166,0,increases_risk,purpose_educational,0.0,0.0
low_risk,20,1247585,0.0166,0,increases_risk,purpose_car,0.0,0.0
low_risk,20,1247585,0.0166,0,increases_risk,home_ownership_OTHER,0.0,0.0
low_risk,20,1247585,0.0166,0,lowers_risk,int_rate_clean,-1.396889,-1.7229091
low_risk,20,1247585,0.0166,0,lowers_risk,fico_mean,-0.316098,1.7787353
low_risk,20,1247585,0.0166,0,lowers_risk,term_months,-0.169371,-0.56801224
low_risk,20,1247585,0.0166,0,lowers_risk,dti,-0.160245,-0.9390618
low_risk,20,1247585,0.0166,0,lowers_risk,avg_cur_bal,-0.127687,1.3579134
low_risk,20,1247585,0.0166,0,lowers_risk,annual_inc,-0.121195,0.14561062
low_risk,20,1247585,0.0166,0,lowers_risk,inq_last_6mths,-0.047393,-0.7074305
low_risk,20,1247585,0.0166,0,lowers_risk,open_acc,-0.041857,-1.2262887
low_risk,20,1247585,0.0166,0,lowers_risk,revol_util_clean,-0.036004,-0.39857334
low_risk,20,1247585,0.0166,0,lowers_risk,home_ownership_MORTGAGE,-0.033426,1.0
low_risk,20,1247585,0.0166,0,lowers_risk,loan_amnt,-0.032032,-0.29135102
low_risk,20,1247585,0.0166,0,lowers_risk,emp_length_years_is_missing,-0.030532,0.0
low_risk,20,1247585,0.0166,0,lowers_risk,total_bc_limit,-0.024617,0.47906533
low_risk,20,1247585,0.0166,0,lowers_risk,home_ownership_RENT,-0.023802,0.0
low_risk,20,1247585,0.0166,0,lowers_risk,bc_open_to_buy,-0.021886,0.5710332
low_risk,21,987285,0.0167,1,increases_risk,purpose_small_business,0.353845,1.0
low_risk,21,987285,0.0167,1,increases_risk,verification_status_Verified,0.008137,0.0
low_risk,21,987285,0.0167,1,increases_risk,total_bal_ex_mort,0.006621,-0.12912308
low_risk,21,987285,0.0167,1,increases_risk,bc_util,0.006141,-1.2006167
low_risk,21,987285,0.0167,1,increases_risk,credit_history_years,0.006025,0.30423072
low_risk,21,987285,0.0167,1,increases_risk,acc_open_past_24mths,0.004773,0.16569501
low_risk,21,987285,0.0167,1,increases_risk,purpose_credit_card,0.003158,0.0
low_risk,21,987285,0.0167,1,increases_risk,revol_bal,0.002011,-0.027315307
low_risk,21,987285,0.0167,1,increases_risk,purpose_debt_consolidation,0.001852,0.0
low_risk,21,987285,0.0167,1,increases_risk,pub_rec_bankruptcies,0.001205,-0.33798254
low_risk,21,987285,0.0167,1,increases_risk,mths_since_last_delinq_is_missing,0.000327,0.0
low_risk,21,987285,0.0167,1,increases_risk,purpose_wedding,0.000266,0.0
low_risk,21,987285,0.0167,1,increases_risk,acc_now_delinq,5.8e-05,-0.06593545
low_risk,21,987285,0.0167,1,increases_risk,tax_liens,2e-06,-0.12772587
low_risk,21,987285,0.0167,1,increases_risk,home_ownership_ANY,0.0,0.0
low_risk,21,987285,0.0167,1,lowers_risk,int_rate_clean,-1.338744,-1.7229091
low_risk,21,987285,0.0167,1,lowers_risk,fico_mean,-0.355876,2.5890868
low_risk,21,987285,0.0167,1,lowers_risk,avg_cur_bal,-0.245889,3.567362
low_risk,21,987285,0.0167,1,lowers_risk,term_months,-0.166657,-0.56801224
low_risk,21,987285,0.0167,1,lowers_risk,dti,-0.153784,-0.9134887
low_risk,21,987285,0.0167,1,lowers_risk,annual_inc,-0.153422,1.4777372
low_risk,21,987285,0.0167,1,lowers_risk,loan_amnt,-0.08176,-1.1200217
low_risk,21,987285,0.0167,1,lowers_risk,mort_acc,-0.078964,1.1386791
low_risk,21,987285,0.0167,1,lowers_risk,inq_last_6mths,-0.040006,-0.7074305
low_risk,21,987285,0.0167,1,lowers_risk,bc_open_to_buy,-0.037698,1.8868767
low_risk,21,987285,0.0167,1,lowers_risk,open_acc,-0.035905,-0.6657464
low_risk,21,987285,0.0167,1,lowers_risk,installment,-0.034429,-1.1414455
low_risk,21,987285,0.0167,1,lowers_risk,home_ownership_RENT,-0.033587,0.0
low_risk,21,987285,0.0167,1,lowers_risk,home_ownership_MORTGAGE,-0.03299,1.0
low_risk,21,987285,0.0167,1,lowers_risk,revol_util_clean,-0.032545,-0.9580965
low_risk,22,1324570,0.0173,0,increases_risk,open_acc,0.034135,0.6421857
low_risk,22,1324570,0.0173,0,increases_risk,bc_util,0.011736,-1.8865886
low_risk,22,1324570,0.0173,0,increases_risk,verification_status_Verified,0.006851,0.0
low_risk,22,1324570,0.0173,0,increases_risk,purpose_credit_card,0.003767,0.0
low_risk,22,1324570,0.0173,0,increases_risk,total_bal_ex_mort,0.003372,-0.6955228
low_risk,22,1324570,0.0173,0,increases_risk,credit_history_years,0.001766,0.3254281
low_risk,22,1324570,0.0173,0,increases_risk,revol_bal,0.001017,-0.42615426
low_risk,22,1324570,0.0173,0,increases_risk,emp_length_years,0.000602,-0.8375419
low_risk,22,1324570,0.0173,0,increases_risk,purpose_wedding,0.000274,0.0
low_risk,22,1324570,0.0173,0,increases_risk,mths_since_last_delinq_is_missing,0.000188,1.0
low_risk,22,1324570,0.0173,0,increases_risk,acc_now_delinq,5.6e-05,-0.06593545
low_risk,22,1324570,0.0173,0,increases_risk,tax_liens,1.8e-05,-0.12772587
low_risk,22,1324570,0.0173,0,increases_risk,purpose_car,0.0,0.0
low_risk,22,1324570,0.0173,0,increases_risk,home_ownership_OTHER,0.0,0.0
low_risk,22,1324570,0.0173,0,increases_risk,home_ownership_NONE,0.0,0.0
low_risk,22,1324570,0.0173,0,lowers_risk,int_rate_clean,-1.363234,-1.7229091
low_risk,22,1324570,0.0173,0,lowers_risk,fico_mean,-0.492386,3.3994384
low_risk,22,1324570,0.0173,0,lowers_risk,term_months,-0.181237,-0.56801224
low_risk,22,1324570,0.0173,0,lowers_risk,acc_open_past_24mths,-0.08797,-0.5012649
low_risk,22,1324570,0.0173,0,lowers_risk,dti,-0.067775,-0.33693185
low_risk,22,1324570,0.0173,0,lowers_risk,loan_amnt,-0.058553,-0.6464956
low_risk,22,1324570,0.0173,0,lowers_risk,inq_last_6mths,-0.040325,-0.7074305
low_risk,22,1324570,0.0173,0,lowers_risk,home_ownership_RENT,-0.034048,0.0
low_risk,22,1324570,0.0173,0,lowers_risk,mort_acc,-0.033314,0.6443364
low_risk,22,1324570,0.0173,0,lowers_risk,revol_util_clean,-0.031909,-1.7389235
low_risk,22,1324570,0.0173,0,lowers_risk,home_ownership_MORTGAGE,-0.030063,1.0
low_risk,22,1324570,0.0173,0,lowers_risk,emp_length_years_is_missing,-0.029996,0.0
low_risk,22,1324570,0.0173,0,lowers_risk,bc_open_to_buy,-0.027618,2.7495584
low_risk,22,1324570,0.0173,0,lowers_risk,total_bc_limit,-0.025649,1.6432939
low_risk,22,1324570,0.0173,0,lowers_risk,avg_cur_bal,-0.024799,-0.10233862
low_risk,23,1331718,0.0175,0,increases_risk,total_acc,0.019099,-0.52287114
low_risk,23,1331718,0.0175,0,increases_risk,loan_amnt,0.016196,0.4189381
low_risk,23,1331718,0.0175,0,increases_risk,installment,0.011901,0.472026
low_risk,23,1331718,0.0175,0,increases_risk,bc_util,0.010088,-1.313689
low_risk,23,1331718,0.0175,0,increases_risk,purpose_credit_card,0.006233,0.0
low_risk,23,1331718,0.0175,0,increases_risk,verification_status_Not Verified,0.005233,0.0
low_risk,23,1331718,0.0175,0,increases_risk,purpose_wedding,0.000294,0.0
low_risk,23,1331718,0.0175,0,increases_risk,pub_rec_bankruptcies,0.000201,-0.33798254
low_risk,23,1331718,0.0175,0,increases_risk,purpose_other,0.00011,0.0
low_risk,23,1331718,0.0175,0,increases_risk,acc_now_delinq,6.5e-05,-0.06593545
low_risk,23,1331718,0.0175,0,increases_risk,purpose_house,0.0,0.0
low_risk,23,1331718,0.0175,0,increases_risk,purpose_car,0.0,0.0
low_risk,23,1331718,0.0175,0,increases_risk,purpose_renewable_energy,0.0,0.0
low_risk,23,1331718,0.0175,0,increases_risk,home_ownership_OTHER,0.0,0.0
low_risk,23,1331718,0.0175,0,increases_risk,home_ownership_NONE,0.0,0.0
low_risk,23,1331718,0.0175,0,lowers_risk,int_rate_clean,-0.986368,-1.3497525
low_risk,23,1331718,0.0175,0,lowers_risk,avg_cur_bal,-0.255111,4.050148
low_risk,23,1331718,0.0175,0,lowers_risk,dti,-0.220267,-1.3900781
low_risk,23,1331718,0.0175,0,lowers_risk,fico_mean,-0.213591,1.4545947
low_risk,23,1331718,0.0175,0,lowers_risk,annual_inc,-0.171348,1.2000958
low_risk,23,1331718,0.0175,0,lowers_risk,term_months,-0.162446,-0.56801224
low_risk,23,1331718,0.0175,0,lowers_risk,acc_open_past_24mths,-0.086348,-0.5012649
low_risk,23,1331718,0.0175,0,lowers_risk,mort_acc,-0.082132,1.6330218
low_risk,23,1331718,0.0175,0,lowers_risk,inq_last_6mths,-0.045769,-0.7074305
low_risk,23,1331718,0.0175,0,lowers_risk,total_bc_limit,-0.039952,1.4289589
low_risk,23,1331718,0.0175,0,lowers_risk,open_acc,-0.037044,-1.0394412
low_risk,23,1331718,0.0175,0,lowers_risk,home_ownership_MORTGAGE,-0.036613,1.0
low_risk,23,1331718,0.0175,0,lowers_risk,bc_open_to_buy,-0.035045,1.9338099
low_risk,23,1331718,0.0175,0,lowers_risk,revol_util_clean,-0.033139,-0.7868991
low_risk,23,1331718,0.0175,0,lowers_risk,home_ownership_RENT,-0.032014,0.0
low_risk,24,1326029,0.0176,0,increases_risk,home_ownership_MORTGAGE,0.025928,0.0
low_risk,24,1326029,0.0176,0,increases_risk,revol_bal,0.010201,-0.5218347
low_risk,24,1326029,0.0176,0,increases_risk,tot_cur_bal,0.008661,-0.067533806
low_risk,24,1326029,0.0176,0,increases_risk,mort_acc,0.007017,-0.344349
low_risk,24,1326029,0.0176,0,increases_risk,verification_status_Verified,0.00606,0.0
low_risk,24,1326029,0.0176,0,increases_risk,bc_util,0.006033,-1.1327734
low_risk,24,1326029,0.0176,0,increases_risk,annual_inc,0.005668,-0.374206
low_risk,24,1326029,0.0176,0,increases_risk,home_ownership_OWN,0.004395,1.0
low_risk,24,1326029,0.0176,0,increases_risk,purpose_credit_card,0.003742,0.0
low_risk,24,1326029,0.0176,0,increases_risk,mths_since_last_delinq_is_missing,0.000731,1.0
low_risk,24,1326029,0.0176,0,increases_risk,purpose_wedding,0.000287,0.0
low_risk,24,1326029,0.0176,0,increases_risk,pub_rec_bankruptcies,6.9e-05,-0.33798254
low_risk,24,1326029,0.0176,0,increases_risk,acc_now_delinq,3.9e-05,-0.06593545
low_risk,24,1326029,0.0176,0,increases_risk,application_type_Joint App,0.0,0.0
low_risk,24,1326029,0.0176,0,increases_risk,purpose_car,0.0,0.0
low_risk,24,1326029,0.0176,0,lowers_risk,int_rate_clean,-1.356661,-1.7229091
low_risk,24,1326029,0.0176,0,lowers_risk,fico_mean,-0.323334,2.5890868
low_risk,24,1326029,0.0176,0,lowers_risk,acc_open_past_24mths,-0.258147,-1.5017049
low_risk,24,1326029,0.0176,0,lowers_risk,term_months,-0.174543,-0.56801224
low_risk,24,1326029,0.0176,0,lowers_risk,dti,-0.0881,-0.56244
low_risk,24,1326029,0.0176,0,lowers_risk,avg_cur_bal,-0.068534,0.31935534
low_risk,24,1326029,0.0176,0,lowers_risk,loan_amnt,-0.06248,-0.6464956
low_risk,24,1326029,0.0176,0,lowers_risk,inq_last_6mths,-0.049219,-0.7074305
low_risk,24,1326029,0.0176,0,lowers_risk,open_acc,-0.035208,-0.85259384
low_risk,24,1326029,0.0176,0,lowers_risk,emp_length_years_is_missing,-0.034539,0.0
low_risk,24,1326029,0.0176,0,lowers_risk,revol_util_clean,-0.028221,-1.1961026
low_risk,24,1326029,0.0176,0,lowers_risk,home_ownership_RENT,-0.026789,0.0
low_risk,24,1326029,0.0176,0,lowers_risk,total_bc_limit,-0.019567,-0.28084952
low_risk,24,1326029,0.0176,0,lowers_risk,verification_status_Not Verified,-0.019117,1.0
low_risk,24,1326029,0.0176,0,lowers_risk,bc_open_to_buy,-0.017536,0.07730562
low_risk,25,1227205,0.0177,0,increases_risk,mths_since_last_delinq,0.014247,-0.42551535
low_risk,25,1227205,0.0177,0,increases_risk,revol_bal,0.00852,-0.37762398
low_risk,25,1227205,0.0177,0,increases_risk,bc_open_to_buy,0.0065,-0.15442652
low_risk,25,1227205,0.0177,0,increases_risk,verification_status_Not Verified,0.005973,0.0
low_risk,25,1227205,0.0177,0,increases_risk,purpose_credit_card,0.005399,0.0
low_risk,25,1227205,0.0177,0,increases_risk,tot_cur_bal,0.002767,0.24390021
low_risk,25,1227205,0.0177,0,increases_risk,total_bal_ex_mort,0.002319,-0.7127265
low_risk,25,1227205,0.0177,0,increases_risk,mths_since_last_delinq_is_missing,0.001885,0.0
low_risk,25,1227205,0.0177,0,increases_risk,total_il_high_credit_limit,0.001458,-0.6446023
low_risk,25,1227205,0.0177,0,increases_risk,pub_rec_bankruptcies,0.000761,-0.33798254
low_risk,25,1227205,0.0177,0,increases_risk,purpose_wedding,0.000265,0.0
low_risk,25,1227205,0.0177,0,increases_risk,purpose_other,6.9e-05,0.0
low_risk,25,1227205,0.0177,0,increases_risk,acc_now_delinq,3.4e-05,-0.06593545
low_risk,25,1227205,0.0177,0,increases_risk,home_ownership_ANY,0.0,0.0
low_risk,25,1227205,0.0177,0,increases_risk,application_type_Individual,0.0,1.0
low_risk,25,1227205,0.0177,0,lowers_risk,int_rate_clean,-1.279183,-1.7229091
low_risk,25,1227205,0.0177,0,lowers_risk,acc_open_past_24mths,-0.218535,-1.1682249
low_risk,25,1227205,0.0177,0,lowers_risk,dti,-0.202171,-1.4679598
low_risk,25,1227205,0.0177,0,lowers_risk,annual_inc,-0.153527,0.27927774
low_risk,25,1227205,0.0177,0,lowers_risk,term_months,-0.146678,-0.56801224
low_risk,25,1227205,0.0177,0,lowers_risk,avg_cur_bal,-0.11117,1.3833197
low_risk,25,1227205,0.0177,0,lowers_risk,fico_mean,-0.096856,0.96838385
low_risk,25,1227205,0.0177,0,lowers_risk,open_acc,-0.043693,-1.2262887
low_risk,25,1227205,0.0177,0,lowers_risk,inq_last_6mths,-0.041748,-0.7074305
low_risk,25,1227205,0.0177,0,lowers_risk,loan_amnt,-0.039539,-0.5281141
low_risk,25,1227205,0.0177,0,lowers_risk,total_acc,-0.034792,0.654891
low_risk,25,1227205,0.0177,0,lowers_risk,emp_length_years_is_missing,-0.030933,0.0
low_risk,25,1227205,0.0177,0,lowers_risk,mort_acc,-0.028722,0.6443364
low_risk,25,1227205,0.0177,0,lowers_risk,home_ownership_MORTGAGE,-0.024505,1.0
low_risk,25,1227205,0.0177,0,lowers_risk,total_bc_limit,-0.022771,-0.28084952
low_risk,26,456518,0.0177,0,increases_risk,total_acc,0.059365,-1.4482557
low_risk,26,456518,0.0177,0,increases_risk,home_ownership_MORTGAGE,0.022183,0.0
low_risk,26,456518,0.0177,0,increases_risk,annual_inc,0.016887,-0.4336136
low_risk,26,456518,0.0177,0,increases_risk,bc_util,0.013752,-2.1918836
low_risk,26,456518,0.0177,0,increases_risk,purpose_major_purchase,0.011724,1.0
low_risk,26,456518,0.0177,0,increases_risk,tot_cur_bal,0.009448,-0.5847308
low_risk,26,456518,0.0177,0,increases_risk,verification_status_Verified,0.007288,0.0
low_risk,26,456518,0.0177,0,increases_risk,mort_acc,0.006843,-0.344349
low_risk,26,456518,0.0177,0,increases_risk,revol_bal,0.005599,-0.5664469
low_risk,26,456518,0.0177,0,increases_risk,home_ownership_OWN,0.004283,1.0
low_risk,26,456518,0.0177,0,increases_risk,purpose_credit_card,0.003683,0.0
low_risk,26,456518,0.0177,0,increases_risk,avg_cur_bal,0.003201,-0.39809975
low_risk,26,456518,0.0177,0,increases_risk,mths_since_last_delinq_is_missing,0.00225,1.0
low_risk,26,456518,0.0177,0,increases_risk,purpose_debt_consolidation,0.001074,0.0
low_risk,26,456518,0.0177,0,increases_risk,purpose_wedding,0.00028,0.0
low_risk,26,456518,0.0177,0,lowers_risk,int_rate_clean,-1.363421,-1.7229091
low_risk,26,456518,0.0177,0,lowers_risk,fico_mean,-0.420412,3.3994384
low_risk,26,456518,0.0177,0,lowers_risk,acc_open_past_24mths,-0.247519,-1.1682249
low_risk,26,456518,0.0177,0,lowers_risk,term_months,-0.179958,-0.56801224
low_risk,26,456518,0.0177,0,lowers_risk,loan_amnt,-0.097394,-0.9424494
low_risk,26,456518,0.0177,0,lowers_risk,dti,-0.072124,-0.43341213
low_risk,26,456518,0.0177,0,lowers_risk,inq_last_6mths,-0.048684,-0.7074305
low_risk,26,456518,0.0177,0,lowers_risk,revol_util_clean,-0.041061,-1.8307856
low_risk,26,456518,0.0177,0,lowers_risk,emp_length_years_is_missing,-0.03522,0.0
low_risk,26,456518,0.0177,0,lowers_risk,open_acc,-0.033757,-0.85259384
low_risk,26,456518,0.0177,0,lowers_risk,installment,-0.032196,-0.96155137
low_risk,26,456518,0.0177,0,lowers_risk,bc_open_to_buy,-0.031539,1.2021258
low_risk,26,456518,0.0177,0,lowers_risk,home_ownership_RENT,-0.030129,0.0
low_risk,26,456518,0.0177,0,lowers_risk,verification_status_Not Verified,-0.019395,1.0
low_risk,26,456518,0.0177,0,lowers_risk,verification_status_Source Verified,-0.018516,0.0
low_risk,27,1319175,0.0177,0,increases_risk,revol_bal,0.075245,-0.6918243
low_risk,27,1319175,0.0177,0,increases_risk,total_acc,0.069934,-1.195878
low_risk,27,1319175,0.0177,0,increases_risk,total_bc_limit,0.02909,-0.524412
low_risk,27,1319175,0.0177,0,increases_risk,verification_status_Source Verified,0.028978,1.0
low_risk,27,1319175,0.0177,0,increases_risk,bc_util,0.013284,-1.9468937
low_risk,27,1319175,0.0177,0,increases_risk,verification_status_Verified,0.010709,0.0
low_risk,27,1319175,0.0177,0,increases_risk,verification_status_Not Verified,0.008159,0.0
low_risk,27,1319175,0.0177,0,increases_risk,total_il_high_credit_limit,0.005905,-0.7068895
low_risk,27,1319175,0.0177,0,increases_risk,credit_history_years,0.005706,-0.4859203
low_risk,27,1319175,0.0177,0,increases_risk,purpose_home_improvement,0.005514,1.0
low_risk,27,1319175,0.0177,0,increases_risk,bc_open_to_buy,0.004737,-0.00725979
low_risk,27,1319175,0.0177,0,increases_risk,purpose_credit_card,0.00284,0.0
low_risk,27,1319175,0.0177,0,increases_risk,mths_since_last_delinq_is_missing,0.002812,1.0
low_risk,27,1319175,0.0177,0,increases_risk,mths_since_last_record,0.001757,0.00015048047
low_risk,27,1319175,0.0177,0,increases_risk,pub_rec_bankruptcies,0.00073,-0.33798254
low_risk,27,1319175,0.0177,0,lowers_risk,int_rate_clean,-1.029724,-1.2938908
low_risk,27,1319175,0.0177,0,lowers_risk,fico_mean,-0.395427,3.237368
low_risk,27,1319175,0.0177,0,lowers_risk,acc_open_past_24mths,-0.220982,-1.1682249
low_risk,27,1319175,0.0177,0,lowers_risk,avg_cur_bal,-0.219682,3.6089303
low_risk,27,1319175,0.0177,0,lowers_risk,dti,-0.211629,-1.5946628
low_risk,27,1319175,0.0177,0,lowers_risk,term_months,-0.157919,-0.56801224
low_risk,27,1319175,0.0177,0,lowers_risk,loan_amnt,-0.107565,-1.297594
low_risk,27,1319175,0.0177,0,lowers_risk,installment,-0.089564,-1.3091927
low_risk,27,1319175,0.0177,0,lowers_risk,annual_inc,-0.075843,0.06392515
low_risk,27,1319175,0.0177,0,lowers_risk,inq_last_6mths,-0.066275,-0.7074305
low_risk,27,1319175,0.0177,0,lowers_risk,home_ownership_MORTGAGE,-0.037464,1.0
low_risk,27,1319175,0.0177,0,lowers_risk,revol_util_clean,-0.037426,-1.7848545
low_risk,27,1319175,0.0177,0,lowers_risk,emp_length_years_is_missing,-0.028558,0.0
low_risk,27,1319175,0.0177,0,lowers_risk,home_ownership_RENT,-0.026949,0.0
low_risk,27,1319175,0.0177,0,lowers_risk,mths_since_last_delinq,-0.020117,-0.10147212
low_risk,28,1252761,0.0179,0,increases_risk,acc_open_past_24mths,0.082124,0.49917498
low_risk,28,1252761,0.0179,0,increases_risk,total_acc,0.042184,-0.7752487
low_risk,28,1252761,0.0179,0,increases_risk,verification_status_Verified,0.011759,0.0
low_risk,28,1252761,0.0179,0,increases_risk,bc_util,0.009143,-1.015932
low_risk,28,1252761,0.0179,0,increases_risk,revol_bal,0.008571,-0.38897738
low_risk,28,1252761,0.0179,0,increases_risk,total_il_high_credit_limit,0.006056,-0.98293275
low_risk,28,1252761,0.0179,0,increases_risk,purpose_credit_card,0.003643,0.0
low_risk,28,1252761,0.0179,0,increases_risk,total_bal_ex_mort,0.000825,-0.8894772
low_risk,28,1252761,0.0179,0,increases_risk,pub_rec_bankruptcies,0.000694,-0.33798254
low_risk,28,1252761,0.0179,0,increases_risk,purpose_wedding,0.000275,0.0
low_risk,28,1252761,0.0179,0,increases_risk,acc_now_delinq,7.2e-05,-0.06593545
low_risk,28,1252761,0.0179,0,increases_risk,purpose_car,0.0,0.0
low_risk,28,1252761,0.0179,0,increases_risk,home_ownership_OTHER,0.0,0.0
low_risk,28,1252761,0.0179,0,increases_risk,home_ownership_NONE,0.0,0.0
low_risk,28,1252761,0.0179,0,increases_risk,home_ownership_ANY,0.0,0.0
low_risk,28,1252761,0.0179,0,lowers_risk,int_rate_clean,-0.988445,-1.3497525
low_risk,28,1252761,0.0179,0,lowers_risk,fico_mean,-0.307902,1.9408057
low_risk,28,1252761,0.0179,0,lowers_risk,dti,-0.251665,-1.7399644
low_risk,28,1252761,0.0179,0,lowers_risk,avg_cur_bal,-0.232059,2.373263
low_risk,28,1252761,0.0179,0,lowers_risk,term_months,-0.172616,-0.56801224
low_risk,28,1252761,0.0179,0,lowers_risk,annual_inc,-0.166295,0.44264868
low_risk,28,1252761,0.0179,0,lowers_risk,loan_amnt,-0.090076,-0.9424494
low_risk,28,1252761,0.0179,0,lowers_risk,mort_acc,-0.060593,0.6443364
low_risk,28,1252761,0.0179,0,lowers_risk,inq_last_6mths,-0.051872,-0.7074305
low_risk,28,1252761,0.0179,0,lowers_risk,installment,-0.044278,-0.9419171
low_risk,28,1252761,0.0179,0,lowers_risk,open_acc,-0.044249,-1.2262887
low_risk,28,1252761,0.0179,0,lowers_risk,revol_util_clean,-0.040533,-0.89128774
low_risk,28,1252761,0.0179,0,lowers_risk,home_ownership_MORTGAGE,-0.037895,1.0
low_risk,28,1252761,0.0179,0,lowers_risk,home_ownership_RENT,-0.036424,0.0
low_risk,28,1252761,0.0179,0,lowers_risk,tot_cur_bal,-0.033623,0.7536672
low_risk,29,457568,0.0182,0,increases_risk,acc_open_past_24mths,0.245575,1.499615
low_risk,29,457568,0.0182,0,increases_risk,home_ownership_MORTGAGE,0.049345,0.0
low_risk,29,457568,0.0182,0,increases_risk,open_acc,0.045259,1.3895755
low_risk,29,457568,0.0182,0,increases_risk,total_il_high_credit_limit,0.041523,-0.98293275
low_risk,29,457568,0.0182,0,increases_risk,verification_status_Source Verified,0.035513,1.0
low_risk,29,457568,0.0182,0,increases_risk,purpose_home_improvement,0.01274,1.0
low_risk,29,457568,0.0182,0,increases_risk,verification_status_Verified,0.008864,0.0
low_risk,29,457568,0.0182,0,increases_risk,home_ownership_OWN,0.00799,1.0
low_risk,29,457568,0.0182,0,increases_risk,verification_status_Not Verified,0.007457,0.0
low_risk,29,457568,0.0182,0,increases_risk,purpose_debt_consolidation,0.004562,0.0
low_risk,29,457568,0.0182,0,increases_risk,purpose_credit_card,0.00228,0.0
low_risk,29,457568,0.0182,0,increases_risk,bc_util,0.000659,-1.9280484
low_risk,29,457568,0.0182,0,increases_risk,total_bal_ex_mort,0.000605,1.4501349
low_risk,29,457568,0.0182,0,increases_risk,pub_rec_bankruptcies,0.000482,-0.33798254
low_risk,29,457568,0.0182,0,increases_risk,mths_since_last_delinq_is_missing,0.000285,1.0
low_risk,29,457568,0.0182,0,lowers_risk,int_rate_clean,-1.382364,-1.7229091
low_risk,29,457568,0.0182,0,lowers_risk,fico_mean,-0.488504,3.5615087
low_risk,29,457568,0.0182,0,lowers_risk,dti,-0.210161,-1.5458415
low_risk,29,457568,0.0182,0,lowers_risk,annual_inc,-0.155594,1.2892072
low_risk,29,457568,0.0182,0,lowers_risk,term_months,-0.154625,-0.56801224
low_risk,29,457568,0.0182,0,lowers_risk,avg_cur_bal,-0.13868,1.1528523
low_risk,29,457568,0.0182,0,lowers_risk,mort_acc,-0.053021,0.6443364
low_risk,29,457568,0.0182,0,lowers_risk,total_acc,-0.051434,1.0755204
low_risk,29,457568,0.0182,0,lowers_risk,tot_cur_bal,-0.041681,2.5737367
low_risk,29,457568,0.0182,0,lowers_risk,revol_util_clean,-0.039336,-1.8015567
low_risk,29,457568,0.0182,0,lowers_risk,inq_last_6mths,-0.037515,-0.7074305
low_risk,29,457568,0.0182,0,lowers_risk,revol_bal,-0.035196,4.3399224
low_risk,29,457568,0.0182,0,lowers_risk,home_ownership_RENT,-0.030883,0.0
low_risk,29,457568,0.0182,0,lowers_risk,total_bc_limit,-0.027751,7.1526766
low_risk,29,457568,0.0182,0,lowers_risk,emp_length_years_is_missing,-0.02669,0.0
low_risk,30,1312752,0.0182,0,increases_risk,loan_amnt,0.041427,0.65570116
low_risk,30,1312752,0.0182,0,increases_risk,inq_last_6mths,0.018464,0.32988
low_risk,30,1312752,0.0182,0,increases_risk,verification_status_Verified,0.011647,0.0
low_risk,30,1312752,0.0182,0,increases_risk,bc_util,0.007432,-0.5824883
low_risk,30,1312752,0.0182,0,increases_risk,installment,0.006126,0.65757537
low_risk,30,1312752,0.0182,0,increases_risk,open_acc,0.003382,0.08164338
low_risk,30,1312752,0.0182,0,increases_risk,total_acc,0.003016,-0.2704935
low_risk,30,1312752,0.0182,0,increases_risk,purpose_debt_consolidation,0.00168,0.0
low_risk,30,1312752,0.0182,0,increases_risk,total_bal_ex_mort,0.000296,0.3528883
low_risk,30,1312752,0.0182,0,increases_risk,purpose_wedding,0.000286,0.0
low_risk,30,1312752,0.0182,0,increases_risk,acc_now_delinq,6.8e-05,-0.06593545
low_risk,30,1312752,0.0182,0,increases_risk,purpose_car,0.0,0.0
low_risk,30,1312752,0.0182,0,increases_risk,purpose_educational,0.0,0.0
low_risk,30,1312752,0.0182,0,increases_risk,application_type_Joint App,0.0,0.0
low_risk,30,1312752,0.0182,0,increases_risk,purpose_house,0.0,0.0
low_risk,30,1312752,0.0182,0,lowers_risk,int_rate_clean,-1.313807,-1.7229091
low_risk,30,1312752,0.0182,0,lowers_risk,fico_mean,-0.241587,1.616665
low_risk,30,1312752,0.0182,0,lowers_risk,term_months,-0.167072,-0.56801224
low_risk,30,1312752,0.0182,0,lowers_risk,acc_open_past_24mths,-0.166952,-0.83474493
low_risk,30,1312752,0.0182,0,lowers_risk,avg_cur_bal,-0.151148,1.1609331
low_risk,30,1312752,0.0182,0,lowers_risk,annual_inc,-0.132575,0.4240838
low_risk,30,1312752,0.0182,0,lowers_risk,mort_acc,-0.054883,1.6330218
low_risk,30,1312752,0.0182,0,lowers_risk,revol_bal,-0.041105,0.7002385
low_risk,30,1312752,0.0182,0,lowers_risk,tot_cur_bal,-0.039827,1.5635568
low_risk,30,1312752,0.0182,0,lowers_risk,bc_open_to_buy,-0.033119,1.8517485
low_risk,30,1312752,0.0182,0,lowers_risk,home_ownership_MORTGAGE,-0.032891,1.0
low_risk,30,1312752,0.0182,0,lowers_risk,home_ownership_RENT,-0.032066,0.0
low_risk,30,1312752,0.0182,0,lowers_risk,emp_length_years_is_missing,-0.029773,0.0
low_risk,30,1312752,0.0182,0,lowers_risk,revol_util_clean,-0.027573,-0.40274888
low_risk,30,1312752,0.0182,0,lowers_risk,total_bc_limit,-0.0241,2.2278438
low_risk,31,1300327,0.0185,0,increases_risk,emp_length_years,0.064626,-1.6777077
low_risk,31,1300327,0.0185,0,increases_risk,home_ownership_MORTGAGE,0.028321,0.0
low_risk,31,1300327,0.0185,0,increases_risk,total_acc,0.024208,-0.69112283
low_risk,31,1300327,0.0185,0,increases_risk,revol_util_clean,0.015731,0.34467384
low_risk,31,1300327,0.0185,0,increases_risk,home_ownership_OWN,0.01151,1.0
low_risk,31,1300327,0.0185,0,increases_risk,credit_history_years,0.01097,-0.019212242
low_risk,31,1300327,0.0185,0,increases_risk,verification_status_Verified,0.010258,0.0
low_risk,31,1300327,0.0185,0,increases_risk,mort_acc,0.00373,0.1499937
low_risk,31,1300327,0.0185,0,increases_risk,purpose_debt_consolidation,0.0015,0.0
low_risk,31,1300327,0.0185,0,increases_risk,purpose_wedding,0.000322,0.0
low_risk,31,1300327,0.0185,0,increases_risk,acc_now_delinq,5.7e-05,-0.06593545
low_risk,31,1300327,0.0185,0,increases_risk,application_type_Joint App,0.0,0.0
low_risk,31,1300327,0.0185,0,increases_risk,home_ownership_ANY,0.0,0.0
low_risk,31,1300327,0.0185,0,increases_risk,home_ownership_NONE,0.0,0.0
low_risk,31,1300327,0.0185,0,increases_risk,home_ownership_OTHER,0.0,0.0
low_risk,31,1300327,0.0185,0,lowers_risk,int_rate_clean,-1.337406,-1.7229091
low_risk,31,1300327,0.0185,0,lowers_risk,fico_mean,-0.323479,2.4270165
low_risk,31,1300327,0.0185,0,lowers_risk,acc_open_past_24mths,-0.183476,-0.83474493
low_risk,31,1300327,0.0185,0,lowers_risk,term_months,-0.171193,-0.56801224
low_risk,31,1300327,0.0185,0,lowers_risk,annual_inc,-0.145809,0.33868536
low_risk,31,1300327,0.0185,0,lowers_risk,avg_cur_bal,-0.121159,0.6308904
low_risk,31,1300327,0.0185,0,lowers_risk,dti,-0.055399,-0.29973462
low_risk,31,1300327,0.0185,0,lowers_risk,inq_last_6mths,-0.045203,-0.7074305
low_risk,31,1300327,0.0185,0,lowers_risk,loan_amnt,-0.043164,-0.7648771
low_risk,31,1300327,0.0185,0,lowers_risk,emp_length_years_is_missing,-0.033734,0.0
low_risk,31,1300327,0.0185,0,lowers_risk,bc_open_to_buy,-0.032945,1.0291317
low_risk,31,1300327,0.0185,0,lowers_risk,home_ownership_RENT,-0.027808,0.0
low_risk,31,1300327,0.0185,0,lowers_risk,open_acc,-0.023389,-0.47889894
low_risk,31,1300327,0.0185,0,lowers_risk,total_bc_limit,-0.01808,1.1707827
low_risk,31,1300327,0.0185,0,lowers_risk,verification_status_Source Verified,-0.01739,0.0
low_risk,32,454327,0.0187,0,increases_risk,total_bc_limit,0.024173,-0.57312447
low_risk,32,454327,0.0187,0,increases_risk,total_acc,0.017087,-0.69112283
low_risk,32,454327,0.0187,0,increases_risk,revol_bal,0.015464,-0.50478226
low_risk,32,454327,0.0187,0,increases_risk,purpose_major_purchase,0.01529,1.0
low_risk,32,454327,0.0187,0,increases_risk,bc_open_to_buy,0.009707,-0.37936193
low_risk,32,454327,0.0187,0,increases_risk,verification_status_Verified,0.004619,0.0
low_risk,32,454327,0.0187,0,increases_risk,purpose_credit_card,0.004417,0.0
low_risk,32,454327,0.0187,0,increases_risk,revol_util_clean,0.002103,0.21523191
low_risk,32,454327,0.0187,0,increases_risk,tot_cur_bal,0.00072,-0.00073707633
low_risk,32,454327,0.0187,0,increases_risk,total_bal_ex_mort,0.000561,-0.60516495
low_risk,32,454327,0.0187,0,increases_risk,purpose_debt_consolidation,0.000514,0.0
low_risk,32,454327,0.0187,0,increases_risk,pub_rec_bankruptcies,0.000331,-0.33798254
low_risk,32,454327,0.0187,0,increases_risk,purpose_wedding,0.000295,0.0
low_risk,32,454327,0.0187,0,increases_risk,mths_since_last_delinq_is_missing,0.000113,1.0
low_risk,32,454327,0.0187,0,increases_risk,acc_now_delinq,6.7e-05,-0.06593545
low_risk,32,454327,0.0187,0,lowers_risk,int_rate_clean,-1.237673,-1.4614761
low_risk,32,454327,0.0187,0,lowers_risk,fico_mean,-0.437243,2.9132273
low_risk,32,454327,0.0187,0,lowers_risk,acc_open_past_24mths,-0.200709,-0.83474493
low_risk,32,454327,0.0187,0,lowers_risk,term_months,-0.175411,-0.56801224
low_risk,32,454327,0.0187,0,lowers_risk,avg_cur_bal,-0.117397,0.9082271
low_risk,32,454327,0.0187,0,lowers_risk,mort_acc,-0.04973,1.1386791
low_risk,32,454327,0.0187,0,lowers_risk,open_acc,-0.049049,-1.2262887
low_risk,32,454327,0.0187,0,lowers_risk,inq_last_6mths,-0.047908,-0.7074305
low_risk,32,454327,0.0187,0,lowers_risk,home_ownership_MORTGAGE,-0.038201,1.0
low_risk,32,454327,0.0187,0,lowers_risk,home_ownership_RENT,-0.033301,0.0
low_risk,32,454327,0.0187,0,lowers_risk,loan_amnt,-0.032459,-0.054587975
low_risk,32,454327,0.0187,0,lowers_risk,emp_length_years_is_missing,-0.028835,0.0
low_risk,32,454327,0.0187,0,lowers_risk,annual_inc,-0.027669,-0.15142745
low_risk,32,454327,0.0187,0,lowers_risk,verification_status_Not Verified,-0.020875,1.0
low_risk,32,454327,0.0187,0,lowers_risk,dti,-0.016128,-0.046328586
low_risk,33,480296,0.0188,0,increases_risk,loan_amnt,0.051401,0.77408266
low_risk,33,480296,0.0188,0,increases_risk,installment,0.023134,0.7775313
low_risk,33,480296,0.0188,0,increases_risk,open_acc,0.022891,0.45533827
low_risk,33,480296,0.0188,0,increases_risk,tot_coll_amt,0.021834,-0.01380487
low_risk,33,480296,0.0188,0,increases_risk,credit_history_years,0.01583,-0.5644969
low_risk,33,480296,0.0188,0,increases_risk,verification_status_Verified,0.009689,0.0
low_risk,33,480296,0.0188,0,increases_risk,purpose_debt_consolidation,0.002934,0.0
low_risk,33,480296,0.0188,0,increases_risk,mths_since_last_delinq_is_missing,0.001065,0.0
low_risk,33,480296,0.0188,0,increases_risk,purpose_wedding,0.000261,0.0
low_risk,33,480296,0.0188,0,increases_risk,acc_now_delinq,6.8e-05,-0.06593545
low_risk,33,480296,0.0188,0,increases_risk,tax_liens,7e-06,-0.12772587
low_risk,33,480296,0.0188,0,increases_risk,purpose_educational,0.0,0.0
low_risk,33,480296,0.0188,0,increases_risk,purpose_house,0.0,0.0
low_risk,33,480296,0.0188,0,increases_risk,purpose_car,0.0,0.0
low_risk,33,480296,0.0188,0,increases_risk,purpose_renewable_energy,0.0,0.0
low_risk,33,480296,0.0188,0,lowers_risk,int_rate_clean,-1.258712,-1.7229091
low_risk,33,480296,0.0188,0,lowers_risk,term_months,-0.175172,-0.56801224
low_risk,33,480296,0.0188,0,lowers_risk,fico_mean,-0.173114,1.1304542
low_risk,33,480296,0.0188,0,lowers_risk,dti,-0.153822,-0.7368019
low_risk,33,480296,0.0188,0,lowers_risk,annual_inc,-0.144765,0.6654272
low_risk,33,480296,0.0188,0,lowers_risk,avg_cur_bal,-0.127084,0.9688662
low_risk,33,480296,0.0188,0,lowers_risk,acc_open_past_24mths,-0.093941,-0.5012649
low_risk,33,480296,0.0188,0,lowers_risk,mort_acc,-0.086008,3.11605
low_risk,33,480296,0.0188,0,lowers_risk,total_acc,-0.043769,1.2437721
low_risk,33,480296,0.0188,0,lowers_risk,home_ownership_MORTGAGE,-0.036919,1.0
low_risk,33,480296,0.0188,0,lowers_risk,tot_cur_bal,-0.034462,1.6964113
low_risk,33,480296,0.0188,0,lowers_risk,total_bc_limit,-0.032058,0.4352241
low_risk,33,480296,0.0188,0,lowers_risk,inq_last_6mths,-0.031798,-0.7074305
low_risk,33,480296,0.0188,0,lowers_risk,mths_since_last_delinq,-0.031184,1.3891269
low_risk,33,480296,0.0188,0,lowers_risk,emp_length_years_is_missing,-0.029235,0.0
low_risk,34,989970,0.0191,0,increases_risk,total_acc,0.038262,-0.94350046
low_risk,34,989970,0.0191,0,increases_risk,total_bc_limit,0.025166,-0.47569948
low_risk,34,989970,0.0191,0,increases_risk,bc_open_to_buy,0.013297,-0.5702422
low_risk,34,989970,0.0191,0,increases_risk,verification_status_Verified,0.005795,0.0
low_risk,34,989970,0.0191,0,increases_risk,total_bal_ex_mort,0.002878,-0.16641606
low_risk,34,989970,0.0191,0,increases_risk,credit_history_years,0.001288,-0.36348712
low_risk,34,989970,0.0191,0,increases_risk,purpose_debt_consolidation,0.001096,0.0
low_risk,34,989970,0.0191,0,increases_risk,purpose_wedding,0.000298,0.0
low_risk,34,989970,0.0191,0,increases_risk,home_ownership_OWN,0.000132,0.0
low_risk,34,989970,0.0191,0,increases_risk,pub_rec_bankruptcies,8.3e-05,-0.33798254
low_risk,34,989970,0.0191,0,increases_risk,acc_now_delinq,5.3e-05,-0.06593545
low_risk,34,989970,0.0191,0,increases_risk,purpose_educational,0.0,0.0
low_risk,34,989970,0.0191,0,increases_risk,purpose_car,0.0,0.0
low_risk,34,989970,0.0191,0,increases_risk,purpose_house,0.0,0.0
low_risk,34,989970,0.0191,0,increases_risk,home_ownership_OTHER,0.0,0.0
low_risk,34,989970,0.0191,0,lowers_risk,int_rate_clean,-1.283248,-1.7229091
low_risk,34,989970,0.0191,0,lowers_risk,acc_open_past_24mths,-0.238266,-1.1682249
low_risk,34,989970,0.0191,0,lowers_risk,term_months,-0.16512,-0.56801224
low_risk,34,989970,0.0191,0,lowers_risk,fico_mean,-0.153997,1.2925245
low_risk,34,989970,0.0191,0,lowers_risk,dti,-0.108187,-0.568252
low_risk,34,989970,0.0191,0,lowers_risk,avg_cur_bal,-0.107513,0.4610621
low_risk,34,989970,0.0191,0,lowers_risk,annual_inc,-0.106968,0.20501824
low_risk,34,989970,0.0191,0,lowers_risk,loan_amnt,-0.074713,-1.0016401
low_risk,34,989970,0.0191,0,lowers_risk,inq_last_6mths,-0.044188,-0.7074305
low_risk,34,989970,0.0191,0,lowers_risk,emp_length_years_is_missing,-0.031726,0.0
low_risk,34,989970,0.0191,0,lowers_risk,home_ownership_MORTGAGE,-0.028721,1.0
low_risk,34,989970,0.0191,0,lowers_risk,open_acc,-0.028678,-0.6657464
low_risk,34,989970,0.0191,0,lowers_risk,installment,-0.024453,-1.0215293
low_risk,34,989970,0.0191,0,lowers_risk,purpose_credit_card,-0.021104,1.0
low_risk,34,989970,0.0191,0,lowers_risk,home_ownership_RENT,-0.019253,0.0
low_risk,35,994785,0.0193,0,increases_risk,bc_util,0.010674,-0.82747823
low_risk,35,994785,0.0193,0,increases_risk,mort_acc,0.008499,-0.344349
low_risk,35,994785,0.0193,0,increases_risk,verification_status_Verified,0.006597,0.0
low_risk,35,994785,0.0193,0,increases_risk,purpose_credit_card,0.005739,0.0
low_risk,35,994785,0.0193,0,increases_risk,open_acc,0.005255,0.08164338
low_risk,35,994785,0.0193,0,increases_risk,total_bal_ex_mort,0.003144,0.8795059
low_risk,35,994785,0.0193,0,increases_risk,mths_since_last_delinq_is_missing,0.00064,0.0
low_risk,35,994785,0.0193,0,increases_risk,purpose_wedding,0.000252,0.0
low_risk,35,994785,0.0193,0,increases_risk,home_ownership_OWN,9.6e-05,0.0
low_risk,35,994785,0.0193,0,increases_risk,acc_now_delinq,9.5e-05,-0.06593545
low_risk,35,994785,0.0193,0,increases_risk,purpose_renewable_energy,0.0,0.0
low_risk,35,994785,0.0193,0,increases_risk,purpose_house,0.0,0.0
low_risk,35,994785,0.0193,0,increases_risk,purpose_educational,0.0,0.0
low_risk,35,994785,0.0193,0,increases_risk,purpose_car,0.0,0.0
low_risk,35,994785,0.0193,0,increases_risk,home_ownership_OTHER,0.0,0.0
low_risk,35,994785,0.0193,0,lowers_risk,int_rate_clean,-1.302358,-1.7229091
low_risk,35,994785,0.0193,0,lowers_risk,fico_mean,-0.23237,1.4545947
low_risk,35,994785,0.0193,0,lowers_risk,term_months,-0.16463,-0.56801224
low_risk,35,994785,0.0193,0,lowers_risk,annual_inc,-0.140348,0.6654272
low_risk,35,994785,0.0193,0,lowers_risk,avg_cur_bal,-0.131149,1.106888
low_risk,35,994785,0.0193,0,lowers_risk,dti,-0.061018,-0.31717083
low_risk,35,994785,0.0193,0,lowers_risk,loan_amnt,-0.056599,-0.6464956
low_risk,35,994785,0.0193,0,lowers_risk,total_acc,-0.041606,1.0755204
low_risk,35,994785,0.0193,0,lowers_risk,revol_util_clean,-0.03706,-0.68251044
low_risk,35,994785,0.0193,0,lowers_risk,inq_last_6mths,-0.034447,-0.7074305
low_risk,35,994785,0.0193,0,lowers_risk,home_ownership_MORTGAGE,-0.029369,1.0
low_risk,35,994785,0.0193,0,lowers_risk,emp_length_years_is_missing,-0.029039,0.0
low_risk,35,994785,0.0193,0,lowers_risk,tot_cur_bal,-0.02536,1.2974284
low_risk,35,994785,0.0193,0,lowers_risk,home_ownership_RENT,-0.024343,0.0
low_risk,35,994785,0.0193,0,lowers_risk,mths_since_last_delinq,-0.022411,0.22257113
low_risk,36,977355,0.0193,0,increases_risk,emp_length_years,0.035836,-1.3976524
low_risk,36,977355,0.0193,0,increases_risk,revol_bal,0.015527,-0.35135525
low_risk,36,977355,0.0193,0,increases_risk,verification_status_Verified,0.010402,0.0
low_risk,36,977355,0.0193,0,increases_risk,bc_util,0.009138,-2.0788114
low_risk,36,977355,0.0193,0,increases_risk,mort_acc,0.008892,-0.344349
low_risk,36,977355,0.0193,0,increases_risk,purpose_major_purchase,0.008749,1.0
low_risk,36,977355,0.0193,0,increases_risk,credit_history_years,0.007652,0.28157142
low_risk,36,977355,0.0193,0,increases_risk,open_acc,0.00504,0.08164338
low_risk,36,977355,0.0193,0,increases_risk,total_bal_ex_mort,0.00383,-0.5914857
low_risk,36,977355,0.0193,0,increases_risk,purpose_debt_consolidation,0.003364,0.0
low_risk,36,977355,0.0193,0,increases_risk,purpose_credit_card,0.003064,0.0
low_risk,36,977355,0.0193,0,increases_risk,purpose_wedding,0.000273,0.0
low_risk,36,977355,0.0193,0,increases_risk,pub_rec_bankruptcies,0.000266,-0.33798254
low_risk,36,977355,0.0193,0,increases_risk,acc_now_delinq,5.6e-05,-0.06593545
low_risk,36,977355,0.0193,0,increases_risk,tax_liens,5e-06,-0.12772587
low_risk,36,977355,0.0193,0,lowers_risk,int_rate_clean,-1.04012,-1.3497525
low_risk,36,977355,0.0193,0,lowers_risk,fico_mean,-0.494893,3.5615087
low_risk,36,977355,0.0193,0,lowers_risk,dti,-0.199842,-1.1413217
low_risk,36,977355,0.0193,0,lowers_risk,annual_inc,-0.184055,0.5169082
low_risk,36,977355,0.0193,0,lowers_risk,term_months,-0.173739,-0.56801224
low_risk,36,977355,0.0193,0,lowers_risk,avg_cur_bal,-0.085577,0.76535666
low_risk,36,977355,0.0193,0,lowers_risk,inq_last_6mths,-0.04131,-0.7074305
low_risk,36,977355,0.0193,0,lowers_risk,loan_amnt,-0.041021,-0.29135102
low_risk,36,977355,0.0193,0,lowers_risk,home_ownership_RENT,-0.035208,0.0
low_risk,36,977355,0.0193,0,lowers_risk,revol_util_clean,-0.033433,-1.7430991
low_risk,36,977355,0.0193,0,lowers_risk,home_ownership_MORTGAGE,-0.032061,1.0
low_risk,36,977355,0.0193,0,lowers_risk,total_bc_limit,-0.027773,2.0817063
low_risk,36,977355,0.0193,0,lowers_risk,bc_open_to_buy,-0.025679,3.5414112
low_risk,36,977355,0.0193,0,lowers_risk,verification_status_Source Verified,-0.022902,0.0
low_risk,36,977355,0.0193,0,lowers_risk,emp_length_years_is_missing,-0.022128,0.0
low_risk,37,1193324,0.0194,0,increases_risk,tot_coll_amt,0.027781,-0.0032008234
low_risk,37,1193324,0.0194,0,increases_risk,bc_util,0.013757,-0.6541007
low_risk,37,1193324,0.0194,0,increases_risk,verification_status_Verified,0.009317,0.0
low_risk,37,1193324,0.0194,0,increases_risk,total_acc,0.007665,-0.52287114
low_risk,37,1193324,0.0194,0,increases_risk,installment,0.004228,0.105865575
low_risk,37,1193324,0.0194,0,increases_risk,purpose_debt_consolidation,0.001874,0.0
low_risk,37,1193324,0.0194,0,increases_risk,purpose_wedding,0.000316,0.0
low_risk,37,1193324,0.0194,0,increases_risk,acc_now_delinq,9.6e-05,-0.06593545
low_risk,37,1193324,0.0194,0,increases_risk,purpose_educational,0.0,0.0
low_risk,37,1193324,0.0194,0,increases_risk,purpose_car,0.0,0.0
low_risk,37,1193324,0.0194,0,increases_risk,purpose_house,0.0,0.0
low_risk,37,1193324,0.0194,0,increases_risk,home_ownership_OTHER,0.0,0.0
low_risk,37,1193324,0.0194,0,increases_risk,home_ownership_NONE,0.0,0.0
low_risk,37,1193324,0.0194,0,increases_risk,home_ownership_ANY,0.0,0.0
low_risk,37,1193324,0.0194,0,increases_risk,purpose_renewable_energy,0.0,0.0
low_risk,37,1193324,0.0194,0,lowers_risk,int_rate_clean,-1.308342,-1.7229091
low_risk,37,1193324,0.0194,0,lowers_risk,acc_open_past_24mths,-0.197981,-0.83474493
low_risk,37,1193324,0.0194,0,lowers_risk,avg_cur_bal,-0.1745,1.6054476
low_risk,37,1193324,0.0194,0,lowers_risk,term_months,-0.162992,-0.56801224
low_risk,37,1193324,0.0194,0,lowers_risk,annual_inc,-0.129249,0.7396867
low_risk,37,1193324,0.0194,0,lowers_risk,fico_mean,-0.108368,0.8063135
low_risk,37,1193324,0.0194,0,lowers_risk,dti,-0.056754,-0.30903393
low_risk,37,1193324,0.0194,0,lowers_risk,inq_last_6mths,-0.035904,-0.7074305
low_risk,37,1193324,0.0194,0,lowers_risk,emp_length_years_is_missing,-0.032686,0.0
low_risk,37,1193324,0.0194,0,lowers_risk,home_ownership_MORTGAGE,-0.030777,1.0
low_risk,37,1193324,0.0194,0,lowers_risk,revol_util_clean,-0.029214,-0.26913142
low_risk,37,1193324,0.0194,0,lowers_risk,bc_open_to_buy,-0.027458,0.6783497
low_risk,37,1193324,0.0194,0,lowers_risk,tot_cur_bal,-0.026646,1.8622212
low_risk,37,1193324,0.0194,0,lowers_risk,home_ownership_RENT,-0.026403,0.0
low_risk,37,1193324,0.0194,0,lowers_risk,revol_bal,-0.02452,0.2131991
low_risk,38,455293,0.0194,0,increases_risk,loan_amnt,0.06066,1.1055509
low_risk,38,455293,0.0194,0,increases_risk,verification_status_Source Verified,0.036837,1.0
low_risk,38,455293,0.0194,0,increases_risk,installment,0.031204,1.1133443
low_risk,38,455293,0.0194,0,increases_risk,total_acc,0.023838,-0.606997
low_risk,38,455293,0.0194,0,increases_risk,open_acc,0.016503,0.26849082
low_risk,38,455293,0.0194,0,increases_risk,verification_status_Verified,0.013514,0.0
low_risk,38,455293,0.0194,0,increases_risk,bc_util,0.012127,-1.1026207
low_risk,38,455293,0.0194,0,increases_risk,verification_status_Not Verified,0.003658,0.0
low_risk,38,455293,0.0194,0,increases_risk,credit_history_years,0.003651,0.0027160926
low_risk,38,455293,0.0194,0,increases_risk,purpose_debt_consolidation,0.003288,0.0
low_risk,38,455293,0.0194,0,increases_risk,mths_since_last_delinq_is_missing,0.003253,0.0
low_risk,38,455293,0.0194,0,increases_risk,emp_length_years,0.0029,-0.8375419
low_risk,38,455293,0.0194,0,increases_risk,purpose_wedding,0.000308,0.0
low_risk,38,455293,0.0194,0,increases_risk,acc_now_delinq,5.3e-05,-0.06593545
low_risk,38,455293,0.0194,0,increases_risk,tax_liens,4e-06,-0.12772587
low_risk,38,455293,0.0194,0,lowers_risk,int_rate_clean,-1.368571,-1.7229091
low_risk,38,455293,0.0194,0,lowers_risk,fico_mean,-0.194386,1.2925245
low_risk,38,455293,0.0194,0,lowers_risk,term_months,-0.163499,-0.56801224
low_risk,38,455293,0.0194,0,lowers_risk,dti,-0.153994,-1.1064492
low_risk,38,455293,0.0194,0,lowers_risk,annual_inc,-0.149715,0.7396867
low_risk,38,455293,0.0194,0,lowers_risk,avg_cur_bal,-0.11678,0.63173085
low_risk,38,455293,0.0194,0,lowers_risk,acc_open_past_24mths,-0.090728,-0.5012649
low_risk,38,455293,0.0194,0,lowers_risk,revol_bal,-0.04666,0.455628
low_risk,38,455293,0.0194,0,lowers_risk,mort_acc,-0.041939,0.6443364
low_risk,38,455293,0.0194,0,lowers_risk,tot_cur_bal,-0.039229,1.0599148
low_risk,38,455293,0.0194,0,lowers_risk,inq_last_6mths,-0.037689,-0.7074305
low_risk,38,455293,0.0194,0,lowers_risk,home_ownership_MORTGAGE,-0.036975,1.0
low_risk,38,455293,0.0194,0,lowers_risk,revol_util_clean,-0.032983,-0.87041
low_risk,38,455293,0.0194,0,lowers_risk,mths_since_last_delinq,-0.032685,0.9354663
low_risk,38,455293,0.0194,0,lowers_risk,home_ownership_RENT,-0.029616,0.0
low_risk,39,1305554,0.02,0,increases_risk,acc_open_past_24mths,0.118215,0.83265495
low_risk,39,1305554,0.02,0,increases_risk,open_acc,0.037977,1.5764229
low_risk,39,1305554,0.02,0,increases_risk,verification_status_Verified,0.008682,0.0
low_risk,39,1305554,0.02,0,increases_risk,credit_history_years,0.007001,-0.39711055
low_risk,39,1305554,0.02,0,increases_risk,purpose_home_improvement,0.004881,1.0
low_risk,39,1305554,0.02,0,increases_risk,bc_util,0.003238,-2.059966
low_risk,39,1305554,0.02,0,increases_risk,purpose_credit_card,0.003185,0.0
low_risk,39,1305554,0.02,0,increases_risk,purpose_debt_consolidation,0.002777,0.0
low_risk,39,1305554,0.02,0,increases_risk,purpose_wedding,0.000232,0.0
low_risk,39,1305554,0.02,0,increases_risk,acc_now_delinq,7e-05,-0.06593545
low_risk,39,1305554,0.02,0,increases_risk,tax_liens,4e-06,-0.12772587
low_risk,39,1305554,0.02,0,increases_risk,home_ownership_ANY,0.0,0.0
low_risk,39,1305554,0.02,0,increases_risk,home_ownership_NONE,0.0,0.0
low_risk,39,1305554,0.02,0,increases_risk,home_ownership_OTHER,0.0,0.0
low_risk,39,1305554,0.02,0,increases_risk,purpose_car,0.0,0.0
low_risk,39,1305554,0.02,0,lowers_risk,int_rate_clean,-1.291343,-1.7229091
low_risk,39,1305554,0.02,0,lowers_risk,fico_mean,-0.390922,2.5890868
low_risk,39,1305554,0.02,0,lowers_risk,term_months,-0.173547,-0.56801224
low_risk,39,1305554,0.02,0,lowers_risk,annual_inc,-0.131697,0.36838916
low_risk,39,1305554,0.02,0,lowers_risk,mort_acc,-0.0829,1.6330218
low_risk,39,1305554,0.02,0,lowers_risk,total_acc,-0.055931,3.5992963
low_risk,39,1305554,0.02,0,lowers_risk,avg_cur_bal,-0.047999,0.09160311
low_risk,39,1305554,0.02,0,lowers_risk,loan_amnt,-0.04772,-0.57546663
low_risk,39,1305554,0.02,0,lowers_risk,revol_util_clean,-0.039661,-1.8683655
low_risk,39,1305554,0.02,0,lowers_risk,tot_cur_bal,-0.033575,0.90532964
low_risk,39,1305554,0.02,0,lowers_risk,bc_open_to_buy,-0.032471,5.256615
low_risk,39,1305554,0.02,0,lowers_risk,home_ownership_MORTGAGE,-0.030042,1.0
low_risk,39,1305554,0.02,0,lowers_risk,dti,-0.029412,-0.110261306
low_risk,39,1305554,0.02,0,lowers_risk,inq_last_6mths,-0.027531,-0.7074305
low_risk,39,1305554,0.02,0,lowers_risk,home_ownership_RENT,-0.026996,0.0
low_risk,40,995038,0.0201,0,increases_risk,home_ownership_MORTGAGE,0.029397,0.0
low_risk,40,995038,0.0201,0,increases_risk,verification_status_Verified,0.00606,0.0
low_risk,40,995038,0.0201,0,increases_risk,annual_inc,0.005398,-0.3125706
low_risk,40,995038,0.0201,0,increases_risk,total_acc,0.002903,-0.43874526
low_risk,40,995038,0.0201,0,increases_risk,bc_util,0.002713,-0.7257132
low_risk,40,995038,0.0201,0,increases_risk,home_ownership_OWN,0.002354,1.0
low_risk,40,995038,0.0201,0,increases_risk,total_bal_ex_mort,0.001982,1.5934035
low_risk,40,995038,0.0201,0,increases_risk,credit_history_years,0.000998,-0.37445128
low_risk,40,995038,0.0201,0,increases_risk,purpose_debt_consolidation,0.000998,0.0
low_risk,40,995038,0.0201,0,increases_risk,purpose_wedding,0.000298,0.0
low_risk,40,995038,0.0201,0,increases_risk,mths_since_last_delinq_is_missing,0.00028,0.0
low_risk,40,995038,0.0201,0,increases_risk,pub_rec_bankruptcies,0.000225,-0.33798254
low_risk,40,995038,0.0201,0,increases_risk,purpose_home_improvement,0.000115,0.0
low_risk,40,995038,0.0201,0,increases_risk,acc_now_delinq,7e-05,-0.06593545
low_risk,40,995038,0.0201,0,increases_risk,application_type_Joint App,0.0,0.0
low_risk,40,995038,0.0201,0,lowers_risk,int_rate_clean,-1.312255,-1.7229091
low_risk,40,995038,0.0201,0,lowers_risk,acc_open_past_24mths,-0.196826,-0.83474493
low_risk,40,995038,0.0201,0,lowers_risk,term_months,-0.166324,-0.56801224
low_risk,40,995038,0.0201,0,lowers_risk,dti,-0.127476,-0.7530757
low_risk,40,995038,0.0201,0,lowers_risk,avg_cur_bal,-0.118231,1.1293206
low_risk,40,995038,0.0201,0,lowers_risk,fico_mean,-0.089609,0.8063135
low_risk,40,995038,0.0201,0,lowers_risk,loan_amnt,-0.058137,-0.6464956
low_risk,40,995038,0.0201,0,lowers_risk,mort_acc,-0.042734,1.1386791
low_risk,40,995038,0.0201,0,lowers_risk,inq_last_6mths,-0.041069,-0.7074305
low_risk,40,995038,0.0201,0,lowers_risk,revol_util_clean,-0.033184,-0.47373316
low_risk,40,995038,0.0201,0,lowers_risk,total_il_high_credit_limit,-0.03178,1.5582911
low_risk,40,995038,0.0201,0,lowers_risk,open_acc,-0.031142,-0.6657464
low_risk,40,995038,0.0201,0,lowers_risk,emp_length_years_is_missing,-0.030252,0.0
low_risk,40,995038,0.0201,0,lowers_risk,mths_since_last_delinq,-0.02546,2.1668305
low_risk,40,995038,0.0201,0,lowers_risk,tot_cur_bal,-0.024696,0.7179819
low_risk,41,1289444,0.0201,0,increases_risk,revol_bal,0.127499,-0.73852915
low_risk,41,1289444,0.0201,0,increases_risk,dti,0.055477,0.33843014
low_risk,41,1289444,0.0201,0,increases_risk,total_bc_limit,0.030517,-0.46108574
low_risk,41,1289444,0.0201,0,increases_risk,acc_open_past_24mths,0.027552,0.16569501
low_risk,41,1289444,0.0201,0,increases_risk,bc_util,0.020089,-2.3464158
low_risk,41,1289444,0.0201,0,increases_risk,purpose_major_purchase,0.005151,1.0
low_risk,41,1289444,0.0201,0,increases_risk,total_bal_ex_mort,0.004983,0.008396207
low_risk,41,1289444,0.0201,0,increases_risk,verification_status_Verified,0.00475,0.0
low_risk,41,1289444,0.0201,0,increases_risk,purpose_credit_card,0.003413,0.0
low_risk,41,1289444,0.0201,0,increases_risk,mths_since_last_delinq_is_missing,0.002242,1.0
low_risk,41,1289444,0.0201,0,increases_risk,credit_history_years,0.002224,-0.38578093
low_risk,41,1289444,0.0201,0,increases_risk,pub_rec_bankruptcies,0.001289,-0.33798254
low_risk,41,1289444,0.0201,0,increases_risk,purpose_wedding,0.00025,0.0
low_risk,41,1289444,0.0201,0,increases_risk,acc_now_delinq,8.4e-05,-0.06593545
low_risk,41,1289444,0.0201,0,increases_risk,application_type_Joint App,0.0,0.0
low_risk,41,1289444,0.0201,0,lowers_risk,int_rate_clean,-1.275515,-1.7229091
low_risk,41,1289444,0.0201,0,lowers_risk,fico_mean,-0.405541,3.3994384
low_risk,41,1289444,0.0201,0,lowers_risk,term_months,-0.158703,-0.56801224
low_risk,41,1289444,0.0201,0,lowers_risk,installment,-0.127834,-1.3813176
low_risk,41,1289444,0.0201,0,lowers_risk,loan_amnt,-0.121465,-1.3567847
low_risk,41,1289444,0.0201,0,lowers_risk,avg_cur_bal,-0.119708,0.6159569
low_risk,41,1289444,0.0201,0,lowers_risk,annual_inc,-0.111759,0.29412964
low_risk,41,1289444,0.0201,0,lowers_risk,total_acc,-0.04325,0.4025134
low_risk,41,1289444,0.0201,0,lowers_risk,open_acc,-0.04019,-0.6657464
low_risk,41,1289444,0.0201,0,lowers_risk,inq_last_6mths,-0.038271,-0.7074305
low_risk,41,1289444,0.0201,0,lowers_risk,home_ownership_RENT,-0.036205,0.0
low_risk,41,1289444,0.0201,0,lowers_risk,home_ownership_MORTGAGE,-0.031242,1.0
low_risk,41,1289444,0.0201,0,lowers_risk,revol_util_clean,-0.031235,-2.2274625
low_risk,41,1289444,0.0201,0,lowers_risk,total_il_high_credit_limit,-0.027265,0.86866194
low_risk,41,1289444,0.0201,0,lowers_risk,bc_open_to_buy,-0.026683,0.16079788
low_risk,42,472999,0.0202,0,increases_risk,mort_acc,0.025727,-0.8386917
low_risk,42,472999,0.0202,0,increases_risk,home_ownership_MORTGAGE,0.025012,0.0
low_risk,42,472999,0.0202,0,increases_risk,home_ownership_RENT,0.019481,1.0
low_risk,42,472999,0.0202,0,increases_risk,credit_history_years,0.016486,-0.720188
low_risk,42,472999,0.0202,0,increases_risk,emp_length_years,0.013163,-1.3976524
low_risk,42,472999,0.0202,0,increases_risk,open_acc,0.010236,0.26849082
low_risk,42,472999,0.0202,0,increases_risk,tot_cur_bal,0.009787,-0.31782347
low_risk,42,472999,0.0202,0,increases_risk,verification_status_Verified,0.00954,0.0
low_risk,42,472999,0.0202,0,increases_risk,avg_cur_bal,0.008402,-0.397324
low_risk,42,472999,0.0202,0,increases_risk,bc_util,0.006532,-0.7407895
low_risk,42,472999,0.0202,0,increases_risk,purpose_credit_card,0.004178,0.0
low_risk,42,472999,0.0202,0,increases_risk,purpose_wedding,0.000276,0.0
low_risk,42,472999,0.0202,0,increases_risk,acc_now_delinq,5.6e-05,-0.06593545
low_risk,42,472999,0.0202,0,increases_risk,tax_liens,2.8e-05,-0.12772587
low_risk,42,472999,0.0202,0,increases_risk,home_ownership_OTHER,0.0,0.0
low_risk,42,472999,0.0202,0,lowers_risk,int_rate_clean,-1.27913,-1.7229091
low_risk,42,472999,0.0202,0,lowers_risk,fico_mean,-0.214387,1.4545947
low_risk,42,472999,0.0202,0,lowers_risk,acc_open_past_24mths,-0.210008,-0.83474493
low_risk,42,472999,0.0202,0,lowers_risk,term_months,-0.175673,-0.56801224
low_risk,42,472999,0.0202,0,lowers_risk,dti,-0.162257,-1.0355421
low_risk,42,472999,0.0202,0,lowers_risk,annual_inc,-0.1389,0.81394625
low_risk,42,472999,0.0202,0,lowers_risk,inq_last_6mths,-0.040693,-0.7074305
low_risk,42,472999,0.0202,0,lowers_risk,loan_amnt,-0.03895,-0.2676747
low_risk,42,472999,0.0202,0,lowers_risk,total_acc,-0.038547,0.82314277
low_risk,42,472999,0.0202,0,lowers_risk,revol_util_clean,-0.03394,-0.59899956
low_risk,42,472999,0.0202,0,lowers_risk,emp_length_years_is_missing,-0.032764,0.0
low_risk,42,472999,0.0202,0,lowers_risk,total_bc_limit,-0.032642,0.4059966
low_risk,42,472999,0.0202,0,lowers_risk,bc_open_to_buy,-0.028395,0.5365488
low_risk,42,472999,0.0202,0,lowers_risk,total_il_high_credit_limit,-0.026212,1.058741
low_risk,42,472999,0.0202,0,lowers_risk,revol_bal,-0.022946,-0.116183646
low_risk,43,1340413,0.0202,0,increases_risk,total_bc_limit,0.025829,-0.4367295
low_risk,43,1340413,0.0202,0,increases_risk,total_acc,0.022336,-0.7752487
low_risk,43,1340413,0.0202,0,increases_risk,revol_bal,0.021151,-0.58011556
low_risk,43,1340413,0.0202,0,increases_risk,tot_cur_bal,0.011218,-0.2163268
low_risk,43,1340413,0.0202,0,increases_risk,bc_open_to_buy,0.009109,-0.057984732
low_risk,43,1340413,0.0202,0,increases_risk,bc_util,0.008817,-1.211924
low_risk,43,1340413,0.0202,0,increases_risk,verification_status_Verified,0.006094,0.0
low_risk,43,1340413,0.0202,0,increases_risk,purpose_credit_card,0.004457,0.0
low_risk,43,1340413,0.0202,0,increases_risk,credit_history_years,0.002887,-0.8872089
low_risk,43,1340413,0.0202,0,increases_risk,emp_length_years,0.001477,1.1228448
low_risk,43,1340413,0.0202,0,increases_risk,mths_since_last_delinq_is_missing,0.000643,1.0
low_risk,43,1340413,0.0202,0,increases_risk,total_bal_ex_mort,0.000637,-0.5130008
low_risk,43,1340413,0.0202,0,increases_risk,purpose_wedding,0.000304,0.0
low_risk,43,1340413,0.0202,0,increases_risk,acc_now_delinq,9.6e-05,-0.06593545
low_risk,43,1340413,0.0202,0,increases_risk,home_ownership_NONE,0.0,0.0
low_risk,43,1340413,0.0202,0,lowers_risk,int_rate_clean,-1.313206,-1.7229091
low_risk,43,1340413,0.0202,0,lowers_risk,fico_mean,-0.262447,2.102876
low_risk,43,1340413,0.0202,0,lowers_risk,acc_open_past_24mths,-0.204717,-0.83474493
low_risk,43,1340413,0.0202,0,lowers_risk,term_months,-0.173258,-0.56801224
low_risk,43,1340413,0.0202,0,lowers_risk,dti,-0.136246,-0.7205281
low_risk,43,1340413,0.0202,0,lowers_risk,loan_amnt,-0.070882,-0.7648771
low_risk,43,1340413,0.0202,0,lowers_risk,avg_cur_bal,-0.056362,0.2699002
low_risk,43,1340413,0.0202,0,lowers_risk,inq_last_6mths,-0.054488,-0.7074305
low_risk,43,1340413,0.0202,0,lowers_risk,open_acc,-0.036673,-0.85259384
low_risk,43,1340413,0.0202,0,lowers_risk,emp_length_years_is_missing,-0.034521,0.0
low_risk,43,1340413,0.0202,0,lowers_risk,home_ownership_MORTGAGE,-0.032409,1.0
low_risk,43,1340413,0.0202,0,lowers_risk,revol_util_clean,-0.027154,-1.3255445
low_risk,43,1340413,0.0202,0,lowers_risk,installment,-0.024181,-0.7816572
low_risk,43,1340413,0.0202,0,lowers_risk,home_ownership_RENT,-0.019971,0.0
low_risk,43,1340413,0.0202,0,lowers_risk,verification_status_Source Verified,-0.018005,0.0
low_risk,44,980532,0.0203,0,increases_risk,loan_amnt,0.073279,0.65570116
low_risk,44,980532,0.0203,0,increases_risk,revol_bal,0.063863,-0.6028669
low_risk,44,980532,0.0203,0,increases_risk,total_acc,0.050896,-0.94350046
low_risk,44,980532,0.0203,0,increases_risk,home_ownership_MORTGAGE,0.02635,0.0
low_risk,44,980532,0.0203,0,increases_risk,installment,0.020559,0.65757537
low_risk,44,980532,0.0203,0,increases_risk,tot_cur_bal,0.020427,-0.46260855
low_risk,44,980532,0.0203,0,increases_risk,credit_history_years,0.019807,-0.60798806
low_risk,44,980532,0.0203,0,increases_risk,mort_acc,0.017901,-0.344349
low_risk,44,980532,0.0203,0,increases_risk,home_ownership_OWN,0.014031,1.0
low_risk,44,980532,0.0203,0,increases_risk,verification_status_Verified,0.012863,0.0
low_risk,44,980532,0.0203,0,increases_risk,bc_util,0.012444,-1.9582009
low_risk,44,980532,0.0203,0,increases_risk,total_il_high_credit_limit,0.011609,0.7489753
low_risk,44,980532,0.0203,0,increases_risk,purpose_home_improvement,0.009845,1.0
low_risk,44,980532,0.0203,0,increases_risk,total_bal_ex_mort,0.004065,0.36628118
low_risk,44,980532,0.0203,0,increases_risk,purpose_credit_card,0.003799,0.0
low_risk,44,980532,0.0203,0,lowers_risk,int_rate_clean,-1.413988,-1.7229091
low_risk,44,980532,0.0203,0,lowers_risk,fico_mean,-0.471826,2.751157
low_risk,44,980532,0.0203,0,lowers_risk,term_months,-0.174537,-0.56801224
low_risk,44,980532,0.0203,0,lowers_risk,dti,-0.154985,-0.95301074
low_risk,44,980532,0.0203,0,lowers_risk,annual_inc,-0.118243,1.2595034
low_risk,44,980532,0.0203,0,lowers_risk,acc_open_past_24mths,-0.098391,-0.5012649
low_risk,44,980532,0.0203,0,lowers_risk,open_acc,-0.043355,-1.2262887
low_risk,44,980532,0.0203,0,lowers_risk,inq_last_6mths,-0.042374,-0.7074305
low_risk,44,980532,0.0203,0,lowers_risk,bc_open_to_buy,-0.038051,1.1590561
low_risk,44,980532,0.0203,0,lowers_risk,total_bc_limit,-0.037406,0.3670266
low_risk,44,980532,0.0203,0,lowers_risk,emp_length_years_is_missing,-0.031232,0.0
low_risk,44,980532,0.0203,0,lowers_risk,revol_util_clean,-0.025822,-1.7973812
low_risk,44,980532,0.0203,0,lowers_risk,home_ownership_RENT,-0.024832,0.0
low_risk,44,980532,0.0203,0,lowers_risk,avg_cur_bal,-0.02358,0.011246587
low_risk,44,980532,0.0203,0,lowers_risk,verification_status_Source Verified,-0.021557,0.0
low_risk,45,458360,0.0204,0,increases_risk,acc_open_past_24mths,0.240859,2.5000548
low_risk,45,458360,0.0204,0,increases_risk,loan_amnt,0.063927,1.2476088
low_risk,45,458360,0.0204,0,increases_risk,emp_length_years,0.035059,-1.3976524
low_risk,45,458360,0.0204,0,increases_risk,open_acc,0.031239,1.3895755
low_risk,45,458360,0.0204,0,increases_risk,installment,0.030748,1.2572358
low_risk,45,458360,0.0204,0,increases_risk,verification_status_Source Verified,0.019266,1.0
low_risk,45,458360,0.0204,0,increases_risk,verification_status_Verified,0.010567,0.0
low_risk,45,458360,0.0204,0,increases_risk,verification_status_Not Verified,0.007055,0.0
low_risk,45,458360,0.0204,0,increases_risk,purpose_credit_card,0.002114,0.0
low_risk,45,458360,0.0204,0,increases_risk,purpose_wedding,0.000244,0.0
low_risk,45,458360,0.0204,0,increases_risk,acc_now_delinq,3e-05,-0.06593545
low_risk,45,458360,0.0204,0,increases_risk,purpose_educational,0.0,0.0
low_risk,45,458360,0.0204,0,increases_risk,purpose_car,0.0,0.0
low_risk,45,458360,0.0204,0,increases_risk,purpose_house,0.0,0.0
low_risk,45,458360,0.0204,0,increases_risk,purpose_renewable_energy,0.0,0.0
low_risk,45,458360,0.0204,0,lowers_risk,int_rate_clean,-1.355594,-1.7229091
low_risk,45,458360,0.0204,0,lowers_risk,fico_mean,-0.47925,2.751157
low_risk,45,458360,0.0204,0,lowers_risk,avg_cur_bal,-0.176266,1.5958152
low_risk,45,458360,0.0204,0,lowers_risk,term_months,-0.154059,-0.56801224
low_risk,45,458360,0.0204,0,lowers_risk,annual_inc,-0.123529,3.33877
low_risk,45,458360,0.0204,0,lowers_risk,mort_acc,-0.087103,2.1273646
low_risk,45,458360,0.0204,0,lowers_risk,tot_cur_bal,-0.05759,3.3492792
low_risk,45,458360,0.0204,0,lowers_risk,total_acc,-0.056096,1.916779
low_risk,45,458360,0.0204,0,lowers_risk,total_bc_limit,-0.050687,5.379542
low_risk,45,458360,0.0204,0,lowers_risk,bc_open_to_buy,-0.046614,7.8231974
low_risk,45,458360,0.0204,0,lowers_risk,revol_util_clean,-0.042385,-1.86419
low_risk,45,458360,0.0204,0,lowers_risk,home_ownership_MORTGAGE,-0.041536,1.0
low_risk,45,458360,0.0204,0,lowers_risk,dti,-0.03894,-0.23696433
low_risk,45,458360,0.0204,0,lowers_risk,home_ownership_RENT,-0.03543,0.0
low_risk,45,458360,0.0204,0,lowers_risk,emp_length_years_is_missing,-0.022975,0.0
low_risk,46,1322495,0.0204,0,increases_risk,total_bc_limit,0.019917,-0.43185824
low_risk,46,1322495,0.0204,0,increases_risk,bc_open_to_buy,0.008134,-0.21581155
low_risk,46,1322495,0.0204,0,increases_risk,bc_util,0.007931,-0.7935566
low_risk,46,1322495,0.0204,0,increases_risk,revol_bal,0.007045,-0.5216566
low_risk,46,1322495,0.0204,0,increases_risk,verification_status_Verified,0.006412,0.0
low_risk,46,1322495,0.0204,0,increases_risk,total_bal_ex_mort,0.005694,-0.8268743
low_risk,46,1322495,0.0204,0,increases_risk,purpose_credit_card,0.005655,0.0
low_risk,46,1322495,0.0204,0,increases_risk,pub_rec_bankruptcies,0.001413,-0.33798254
low_risk,46,1322495,0.0204,0,increases_risk,credit_history_years,0.000779,2.3391802
low_risk,46,1322495,0.0204,0,increases_risk,total_il_high_credit_limit,0.000682,-0.5477084
low_risk,46,1322495,0.0204,0,increases_risk,purpose_debt_consolidation,0.000286,1.0
low_risk,46,1322495,0.0204,0,increases_risk,purpose_wedding,0.000276,0.0
low_risk,46,1322495,0.0204,0,increases_risk,acc_now_delinq,5.8e-05,-0.06593545
low_risk,46,1322495,0.0204,0,increases_risk,purpose_car,0.0,0.0
low_risk,46,1322495,0.0204,0,increases_risk,home_ownership_OTHER,0.0,0.0
low_risk,46,1322495,0.0204,0,lowers_risk,int_rate_clean,-0.959123,-1.3497525
low_risk,46,1322495,0.0204,0,lowers_risk,fico_mean,-0.283345,2.2649462
low_risk,46,1322495,0.0204,0,lowers_risk,acc_open_past_24mths,-0.231891,-1.1682249
low_risk,46,1322495,0.0204,0,lowers_risk,avg_cur_bal,-0.212795,2.8992975
low_risk,46,1322495,0.0204,0,lowers_risk,term_months,-0.169881,-0.56801224
low_risk,46,1322495,0.0204,0,lowers_risk,dti,-0.122229,-0.6600827
low_risk,46,1322495,0.0204,0,lowers_risk,loan_amnt,-0.098912,-1.0016401
low_risk,46,1322495,0.0204,0,lowers_risk,inq_last_6mths,-0.057992,-0.7074305
low_risk,46,1322495,0.0204,0,lowers_risk,open_acc,-0.039234,-1.2262887
low_risk,46,1322495,0.0204,0,lowers_risk,installment,-0.037989,-1.0034084
low_risk,46,1322495,0.0204,0,lowers_risk,home_ownership_MORTGAGE,-0.031042,1.0
low_risk,46,1322495,0.0204,0,lowers_risk,revol_util_clean,-0.030937,-0.50713754
low_risk,46,1322495,0.0204,0,lowers_risk,emp_length_years_is_missing,-0.028057,0.0
low_risk,46,1322495,0.0204,0,lowers_risk,annual_inc,-0.028048,-0.15142745
low_risk,46,1322495,0.0204,0,lowers_risk,home_ownership_RENT,-0.027854,0.0
low_risk,47,1199599,0.0205,0,increases_risk,loan_amnt,0.072461,1.8395164
low_risk,47,1199599,0.0205,0,increases_risk,installment,0.04997,1.9474604
low_risk,47,1199599,0.0205,0,increases_risk,acc_open_past_24mths,0.035936,0.16569501
low_risk,47,1199599,0.0205,0,increases_risk,total_il_high_credit_limit,0.021035,-0.98293275
low_risk,47,1199599,0.0205,0,increases_risk,total_bal_ex_mort,0.006668,3.1745338
low_risk,47,1199599,0.0205,0,increases_risk,verification_status_Not Verified,0.004264,0.0
low_risk,47,1199599,0.0205,0,increases_risk,purpose_debt_consolidation,0.002078,0.0
low_risk,47,1199599,0.0205,0,increases_risk,open_acc,0.00118,0.08164338
low_risk,47,1199599,0.0205,0,increases_risk,bc_util,0.000778,-1.260922
low_risk,47,1199599,0.0205,0,increases_risk,purpose_wedding,0.000256,0.0
low_risk,47,1199599,0.0205,0,increases_risk,pub_rec_bankruptcies,9.2e-05,-0.33798254
low_risk,47,1199599,0.0205,0,increases_risk,acc_now_delinq,6.1e-05,-0.06593545
low_risk,47,1199599,0.0205,0,increases_risk,home_ownership_OTHER,0.0,0.0
low_risk,47,1199599,0.0205,0,increases_risk,home_ownership_NONE,0.0,0.0
low_risk,47,1199599,0.0205,0,increases_risk,home_ownership_ANY,0.0,0.0
low_risk,47,1199599,0.0205,0,lowers_risk,int_rate_clean,-0.974157,-1.3497525
low_risk,47,1199599,0.0205,0,lowers_risk,fico_mean,-0.333627,1.7787353
low_risk,47,1199599,0.0205,0,lowers_risk,dti,-0.206297,-1.3412567
low_risk,47,1199599,0.0205,0,lowers_risk,annual_inc,-0.178259,4.081365
low_risk,47,1199599,0.0205,0,lowers_risk,avg_cur_bal,-0.172505,1.6097144
low_risk,47,1199599,0.0205,0,lowers_risk,term_months,-0.16759,-0.56801224
low_risk,47,1199599,0.0205,0,lowers_risk,mort_acc,-0.071128,1.1386791
low_risk,47,1199599,0.0205,0,lowers_risk,revol_bal,-0.047664,7.130637
low_risk,47,1199599,0.0205,0,lowers_risk,home_ownership_MORTGAGE,-0.041545,1.0
low_risk,47,1199599,0.0205,0,lowers_risk,total_bc_limit,-0.040093,4.6878247
low_risk,47,1199599,0.0205,0,lowers_risk,inq_last_6mths,-0.0394,-0.7074305
low_risk,47,1199599,0.0205,0,lowers_risk,total_acc,-0.039363,0.99139446
low_risk,47,1199599,0.0205,0,lowers_risk,home_ownership_RENT,-0.037441,0.0
low_risk,47,1199599,0.0205,0,lowers_risk,revol_util_clean,-0.035513,-0.97062314
low_risk,47,1199599,0.0205,0,lowers_risk,tot_cur_bal,-0.03075,1.8670348
low_risk,48,976131,0.0208,0,increases_risk,acc_open_past_24mths,0.169029,1.166135
low_risk,48,976131,0.0208,0,increases_risk,revol_bal,0.142687,-0.74235815
low_risk,48,976131,0.0208,0,increases_risk,open_acc,0.016321,0.26849082
low_risk,48,976131,0.0208,0,increases_risk,verification_status_Verified,0.006854,0.0
low_risk,48,976131,0.0208,0,increases_risk,bc_util,0.004745,-2.3765683
low_risk,48,976131,0.0208,0,increases_risk,purpose_other,0.004029,1.0
low_risk,48,976131,0.0208,0,increases_risk,purpose_credit_card,0.003429,0.0
low_risk,48,976131,0.0208,0,increases_risk,dti,0.000788,0.1477944
low_risk,48,976131,0.0208,0,increases_risk,mths_since_last_delinq_is_missing,0.000427,1.0
low_risk,48,976131,0.0208,0,increases_risk,purpose_wedding,0.000237,0.0
low_risk,48,976131,0.0208,0,increases_risk,pub_rec_bankruptcies,0.000193,-0.33798254
low_risk,48,976131,0.0208,0,increases_risk,acc_now_delinq,7e-05,-0.06593545
low_risk,48,976131,0.0208,0,increases_risk,home_ownership_ANY,0.0,0.0
low_risk,48,976131,0.0208,0,increases_risk,application_type_Individual,0.0,1.0
low_risk,48,976131,0.0208,0,increases_risk,purpose_renewable_energy,0.0,0.0
low_risk,48,976131,0.0208,0,lowers_risk,int_rate_clean,-1.318684,-1.7229091
low_risk,48,976131,0.0208,0,lowers_risk,fico_mean,-0.429098,2.751157
low_risk,48,976131,0.0208,0,lowers_risk,term_months,-0.156983,-0.56801224
low_risk,48,976131,0.0208,0,lowers_risk,avg_cur_bal,-0.122807,0.68758607
low_risk,48,976131,0.0208,0,lowers_risk,loan_amnt,-0.098665,-0.9365303
low_risk,48,976131,0.0208,0,lowers_risk,annual_inc,-0.091901,0.13075872
low_risk,48,976131,0.0208,0,lowers_risk,mort_acc,-0.090877,1.6330218
low_risk,48,976131,0.0208,0,lowers_risk,total_acc,-0.060728,1.1596463
low_risk,48,976131,0.0208,0,lowers_risk,tot_cur_bal,-0.038519,0.97857106
low_risk,48,976131,0.0208,0,lowers_risk,installment,-0.038355,-0.9555376
low_risk,48,976131,0.0208,0,lowers_risk,home_ownership_MORTGAGE,-0.037287,1.0
low_risk,48,976131,0.0208,0,lowers_risk,revol_util_clean,-0.033627,-2.2608669
low_risk,48,976131,0.0208,0,lowers_risk,home_ownership_RENT,-0.033164,0.0
low_risk,48,976131,0.0208,0,lowers_risk,bc_open_to_buy,-0.032478,2.0914936
low_risk,48,976131,0.0208,0,lowers_risk,total_il_high_credit_limit,-0.026141,0.84746563
low_risk,49,1251300,0.0208,0,increases_risk,emp_length_years_is_missing,0.391903,1.0
low_risk,49,1251300,0.0208,0,increases_risk,revol_bal,0.030781,-0.61114824
low_risk,49,1251300,0.0208,0,increases_risk,bc_util,0.021372,-2.1730382
low_risk,49,1251300,0.0208,0,increases_risk,open_acc,0.015083,0.08164338
low_risk,49,1251300,0.0208,0,increases_risk,verification_status_Verified,0.012954,0.0
low_risk,49,1251300,0.0208,0,increases_risk,purpose_home_improvement,0.010256,1.0
low_risk,49,1251300,0.0208,0,increases_risk,purpose_credit_card,0.004681,0.0
low_risk,49,1251300,0.0208,0,increases_risk,purpose_debt_consolidation,0.001987,0.0
low_risk,49,1251300,0.0208,0,increases_risk,mths_since_last_delinq_is_missing,0.001709,1.0
low_risk,49,1251300,0.0208,0,increases_risk,emp_length_years,0.001665,0.0026238423
low_risk,49,1251300,0.0208,0,increases_risk,pub_rec_bankruptcies,0.000887,-0.33798254
low_risk,49,1251300,0.0208,0,increases_risk,purpose_wedding,0.000258,0.0
low_risk,49,1251300,0.0208,0,increases_risk,acc_now_delinq,4e-05,-0.06593545
low_risk,49,1251300,0.0208,0,increases_risk,home_ownership_ANY,0.0,0.0
low_risk,49,1251300,0.0208,0,increases_risk,application_type_Individual,0.0,1.0
low_risk,49,1251300,0.0208,0,lowers_risk,int_rate_clean,-1.284333,-1.7229091
low_risk,49,1251300,0.0208,0,lowers_risk,fico_mean,-0.443103,4.5339303
low_risk,49,1251300,0.0208,0,lowers_risk,acc_open_past_24mths,-0.183069,-1.5017049
low_risk,49,1251300,0.0208,0,lowers_risk,term_months,-0.164016,-0.56801224
low_risk,49,1251300,0.0208,0,lowers_risk,avg_cur_bal,-0.141666,1.1379187
low_risk,49,1251300,0.0208,0,lowers_risk,dti,-0.135134,-0.762375
low_risk,49,1251300,0.0208,0,lowers_risk,annual_inc,-0.08625,0.0713511
low_risk,49,1251300,0.0208,0,lowers_risk,total_bc_limit,-0.049104,1.5556114
low_risk,49,1251300,0.0208,0,lowers_risk,total_acc,-0.044796,0.7390169
low_risk,49,1251300,0.0208,0,lowers_risk,inq_last_6mths,-0.040812,-0.7074305
low_risk,49,1251300,0.0208,0,lowers_risk,bc_open_to_buy,-0.035421,2.9248421
low_risk,49,1251300,0.0208,0,lowers_risk,total_il_high_credit_limit,-0.032135,0.5481384
low_risk,49,1251300,0.0208,0,lowers_risk,mort_acc,-0.031505,0.6443364
low_risk,49,1251300,0.0208,0,lowers_risk,revol_util_clean,-0.031374,-2.0520895
low_risk,49,1251300,0.0208,0,lowers_risk,loan_amnt,-0.030345,-0.29135102
low_risk,50,1304180,0.021,0,increases_risk,fico_mean,0.061351,-0.16610827
low_risk,50,1304180,0.021,0,increases_risk,acc_open_past_24mths,0.030486,0.16569501
low_risk,50,1304180,0.021,0,increases_risk,revol_bal,0.010891,-0.439066
low_risk,50,1304180,0.021,0,increases_risk,inq_last_6mths,0.008607,0.32988
low_risk,50,1304180,0.021,0,increases_risk,bc_util,0.008598,-1.3513798
low_risk,50,1304180,0.021,0,increases_risk,mths_since_last_delinq,0.008544,-0.29589808
low_risk,50,1304180,0.021,0,increases_risk,verification_status_Verified,0.008165,0.0
low_risk,50,1304180,0.021,0,increases_risk,pub_rec_bankruptcies,0.0012,-0.33798254
low_risk,50,1304180,0.021,0,increases_risk,purpose_wedding,0.000237,0.0
low_risk,50,1304180,0.021,0,increases_risk,acc_now_delinq,5.7e-05,-0.06593545
low_risk,50,1304180,0.021,0,increases_risk,purpose_other,4.6e-05,0.0
low_risk,50,1304180,0.021,0,increases_risk,purpose_educational,0.0,0.0
low_risk,50,1304180,0.021,0,increases_risk,purpose_car,0.0,0.0
low_risk,50,1304180,0.021,0,increases_risk,home_ownership_OTHER,0.0,0.0
low_risk,50,1304180,0.021,0,increases_risk,purpose_house,0.0,0.0
low_risk,50,1304180,0.021,0,lowers_risk,int_rate_clean,-1.127167,-1.7229091
low_risk,50,1304180,0.021,0,lowers_risk,avg_cur_bal,-0.19849,2.1660686
low_risk,50,1304180,0.021,0,lowers_risk,dti,-0.156764,-1.0332173
low_risk,50,1304180,0.021,0,lowers_risk,installment,-0.155635,-1.5612117
low_risk,50,1304180,0.021,0,lowers_risk,term_months,-0.154813,-0.56801224
low_risk,50,1304180,0.021,0,lowers_risk,loan_amnt,-0.147419,-1.534357
low_risk,50,1304180,0.021,0,lowers_risk,annual_inc,-0.130058,0.17531443
low_risk,50,1304180,0.021,0,lowers_risk,mort_acc,-0.085483,1.1386791
low_risk,50,1304180,0.021,0,lowers_risk,open_acc,-0.043548,-1.0394412
low_risk,50,1304180,0.021,0,lowers_risk,total_acc,-0.037182,2.589786
low_risk,50,1304180,0.021,0,lowers_risk,revol_util_clean,-0.03295,-1.1334695
low_risk,50,1304180,0.021,0,lowers_risk,tot_cur_bal,-0.031661,0.9553357
low_risk,50,1304180,0.021,0,lowers_risk,home_ownership_RENT,-0.029434,0.0
low_risk,50,1304180,0.021,0,lowers_risk,home_ownership_MORTGAGE,-0.028621,1.0
low_risk,50,1304180,0.021,0,lowers_risk,emp_length_years_is_missing,-0.02537,0.0
low_risk,51,1296865,0.0211,0,increases_risk,inq_last_6mths,0.017933,0.32988
low_risk,51,1296865,0.0211,0,increases_risk,open_acc,0.014651,0.45533827
low_risk,51,1296865,0.0211,0,increases_risk,mort_acc,0.01005,-0.344349
low_risk,51,1296865,0.0211,0,increases_risk,verification_status_Verified,0.009517,0.0
low_risk,51,1296865,0.0211,0,increases_risk,bc_util,0.009049,-1.0046248
low_risk,51,1296865,0.0211,0,increases_risk,tot_cur_bal,0.007345,-0.3352267
low_risk,51,1296865,0.0211,0,increases_risk,purpose_credit_card,0.004822,0.0
low_risk,51,1296865,0.0211,0,increases_risk,loan_amnt,0.003845,0.18217507
low_risk,51,1296865,0.0211,0,increases_risk,installment,0.003145,0.2334283
low_risk,51,1296865,0.0211,0,increases_risk,purpose_wedding,0.000254,0.0
low_risk,51,1296865,0.0211,0,increases_risk,acc_now_delinq,9.2e-05,-0.06593545
low_risk,51,1296865,0.0211,0,increases_risk,pub_rec_bankruptcies,8.2e-05,-0.33798254
low_risk,51,1296865,0.0211,0,increases_risk,purpose_educational,0.0,0.0
low_risk,51,1296865,0.0211,0,increases_risk,home_ownership_OTHER,0.0,0.0
low_risk,51,1296865,0.0211,0,increases_risk,home_ownership_NONE,0.0,0.0
low_risk,51,1296865,0.0211,0,lowers_risk,int_rate_clean,-1.029976,-1.2938908
low_risk,51,1296865,0.0211,0,lowers_risk,fico_mean,-0.467757,2.9132273
low_risk,51,1296865,0.0211,0,lowers_risk,acc_open_past_24mths,-0.195013,-0.83474493
low_risk,51,1296865,0.0211,0,lowers_risk,term_months,-0.176483,-0.56801224
low_risk,51,1296865,0.0211,0,lowers_risk,annual_inc,-0.156992,0.46641174
low_risk,51,1296865,0.0211,0,lowers_risk,dti,-0.13479,-0.65194577
low_risk,51,1296865,0.0211,0,lowers_risk,home_ownership_MORTGAGE,-0.030873,1.0
low_risk,51,1296865,0.0211,0,lowers_risk,emp_length_years_is_missing,-0.028432,0.0
low_risk,51,1296865,0.0211,0,lowers_risk,home_ownership_RENT,-0.027896,0.0
low_risk,51,1296865,0.0211,0,lowers_risk,revol_util_clean,-0.02553,-1.1961026
low_risk,51,1296865,0.0211,0,lowers_risk,total_bc_limit,-0.023498,-0.09087082
low_risk,51,1296865,0.0211,0,lowers_risk,total_acc,-0.022534,0.4025134
low_risk,51,1296865,0.0211,0,lowers_risk,bc_open_to_buy,-0.022206,0.21853416
low_risk,51,1296865,0.0211,0,lowers_risk,total_il_high_credit_limit,-0.018998,1.1122844
low_risk,51,1296865,0.0211,0,lowers_risk,verification_status_Source Verified,-0.018364,0.0
low_risk,52,1236263,0.0212,0,increases_risk,dti,0.113341,0.7185392
low_risk,52,1236263,0.0212,0,increases_risk,revol_bal,0.02007,-0.6013531
low_risk,52,1236263,0.0212,0,increases_risk,bc_util,0.013824,-2.20696
low_risk,52,1236263,0.0212,0,increases_risk,verification_status_Verified,0.007144,0.0
low_risk,52,1236263,0.0212,0,increases_risk,open_acc,0.00569,0.08164338
low_risk,52,1236263,0.0212,0,increases_risk,purpose_credit_card,0.003397,0.0
low_risk,52,1236263,0.0212,0,increases_risk,total_bal_ex_mort,0.002562,-0.17886175
low_risk,52,1236263,0.0212,0,increases_risk,mths_since_last_delinq_is_missing,0.001768,1.0
low_risk,52,1236263,0.0212,0,increases_risk,purpose_debt_consolidation,0.001053,1.0
low_risk,52,1236263,0.0212,0,increases_risk,home_ownership_OWN,0.000513,0.0
low_risk,52,1236263,0.0212,0,increases_risk,purpose_wedding,0.000252,0.0
low_risk,52,1236263,0.0212,0,increases_risk,acc_now_delinq,7e-05,-0.06593545
low_risk,52,1236263,0.0212,0,increases_risk,tax_liens,5e-06,-0.12772587
low_risk,52,1236263,0.0212,0,increases_risk,purpose_educational,0.0,0.0
low_risk,52,1236263,0.0212,0,increases_risk,purpose_house,0.0,0.0
low_risk,52,1236263,0.0212,0,lowers_risk,int_rate_clean,-1.320518,-1.7229091
low_risk,52,1236263,0.0212,0,lowers_risk,fico_mean,-0.480188,3.8856492
low_risk,52,1236263,0.0212,0,lowers_risk,term_months,-0.16385,-0.56801224
low_risk,52,1236263,0.0212,0,lowers_risk,loan_amnt,-0.089684,-1.072669
low_risk,52,1236263,0.0212,0,lowers_risk,mort_acc,-0.052643,1.1386791
low_risk,52,1236263,0.0212,0,lowers_risk,installment,-0.045889,-1.0934949
low_risk,52,1236263,0.0212,0,lowers_risk,home_ownership_RENT,-0.044566,0.0
low_risk,52,1236263,0.0212,0,lowers_risk,revol_util_clean,-0.039503,-2.047914
low_risk,52,1236263,0.0212,0,lowers_risk,acc_open_past_24mths,-0.038104,-0.16778497
low_risk,52,1236263,0.0212,0,lowers_risk,annual_inc,-0.036157,-0.15142745
low_risk,52,1236263,0.0212,0,lowers_risk,avg_cur_bal,-0.033045,-6.66804e-05
low_risk,52,1236263,0.0212,0,lowers_risk,home_ownership_MORTGAGE,-0.031084,1.0
low_risk,52,1236263,0.0212,0,lowers_risk,emp_length_years_is_missing,-0.029713,0.0
low_risk,52,1236263,0.0212,0,lowers_risk,bc_open_to_buy,-0.022238,2.658554
low_risk,52,1236263,0.0212,0,lowers_risk,total_bc_limit,-0.018721,1.3412764
low_risk,53,467509,0.0212,0,increases_risk,acc_open_past_24mths,0.238241,1.833095
low_risk,53,467509,0.0212,0,increases_risk,loan_amnt,0.067433,1.1292273
low_risk,53,467509,0.0212,0,increases_risk,open_acc,0.054865,2.6975076
low_risk,53,467509,0.0212,0,increases_risk,installment,0.032678,1.1373196
low_risk,53,467509,0.0212,0,increases_risk,verification_status_Verified,0.01236,0.0
low_risk,53,467509,0.0212,0,increases_risk,bc_util,0.005447,-1.5322953
low_risk,53,467509,0.0212,0,increases_risk,purpose_debt_consolidation,0.004372,0.0
low_risk,53,467509,0.0212,0,increases_risk,purpose_wedding,0.000247,0.0
low_risk,53,467509,0.0212,0,increases_risk,acc_now_delinq,6.8e-05,-0.06593545
low_risk,53,467509,0.0212,0,increases_risk,mths_since_last_delinq_is_missing,2.2e-05,1.0
low_risk,53,467509,0.0212,0,increases_risk,purpose_house,0.0,0.0
low_risk,53,467509,0.0212,0,increases_risk,purpose_educational,0.0,0.0
low_risk,53,467509,0.0212,0,increases_risk,purpose_car,0.0,0.0
low_risk,53,467509,0.0212,0,increases_risk,purpose_renewable_energy,0.0,0.0
low_risk,53,467509,0.0212,0,increases_risk,home_ownership_OTHER,0.0,0.0
low_risk,53,467509,0.0212,0,lowers_risk,int_rate_clean,-1.279288,-1.7229091
low_risk,53,467509,0.0212,0,lowers_risk,fico_mean,-0.319596,1.7787353
low_risk,53,467509,0.0212,0,lowers_risk,term_months,-0.177225,-0.56801224
low_risk,53,467509,0.0212,0,lowers_risk,dti,-0.169028,-0.80189705
low_risk,53,467509,0.0212,0,lowers_risk,annual_inc,-0.140589,1.4080224
low_risk,53,467509,0.0212,0,lowers_risk,avg_cur_bal,-0.112155,0.41503328
low_risk,53,467509,0.0212,0,lowers_risk,mort_acc,-0.07616,1.1386791
low_risk,53,467509,0.0212,0,lowers_risk,revol_bal,-0.056382,0.5596342
low_risk,53,467509,0.0212,0,lowers_risk,total_acc,-0.054954,2.2532825
low_risk,53,467509,0.0212,0,lowers_risk,home_ownership_MORTGAGE,-0.042808,1.0
low_risk,53,467509,0.0212,0,lowers_risk,total_bc_limit,-0.038764,5.3064733
low_risk,53,467509,0.0212,0,lowers_risk,bc_open_to_buy,-0.036556,6.558222
low_risk,53,467509,0.0212,0,lowers_risk,tot_cur_bal,-0.035148,2.306563
low_risk,53,467509,0.0212,0,lowers_risk,inq_last_6mths,-0.034115,-0.7074305
low_risk,53,467509,0.0212,0,lowers_risk,home_ownership_RENT,-0.031844,0.0
low_risk,54,1238644,0.0215,0,increases_risk,revol_bal,0.149505,-0.69636565
low_risk,54,1238644,0.0215,0,increases_risk,avg_cur_bal,0.082815,-0.58829194
low_risk,54,1238644,0.0215,0,increases_risk,mort_acc,0.038744,-0.8386917
low_risk,54,1238644,0.0215,0,increases_risk,home_ownership_RENT,0.029593,1.0
low_risk,54,1238644,0.0215,0,increases_risk,home_ownership_MORTGAGE,0.019837,0.0
low_risk,54,1238644,0.0215,0,increases_risk,tot_cur_bal,0.019011,-0.5981993
low_risk,54,1238644,0.0215,0,increases_risk,open_acc,0.018914,0.26849082
low_risk,54,1238644,0.0215,0,increases_risk,tot_coll_amt,0.013764,-0.017374549
low_risk,54,1238644,0.0215,0,increases_risk,verification_status_Verified,0.011073,0.0
low_risk,54,1238644,0.0215,0,increases_risk,bc_util,0.010967,-2.2634962
low_risk,54,1238644,0.0215,0,increases_risk,credit_history_years,0.00683,-0.5644969
low_risk,54,1238644,0.0215,0,increases_risk,purpose_credit_card,0.003795,0.0
low_risk,54,1238644,0.0215,0,increases_risk,total_bal_ex_mort,0.003656,-0.08233612
low_risk,54,1238644,0.0215,0,increases_risk,purpose_debt_consolidation,0.000675,1.0
low_risk,54,1238644,0.0215,0,increases_risk,mths_since_last_delinq_is_missing,0.000349,1.0
low_risk,54,1238644,0.0215,0,lowers_risk,int_rate_clean,-1.265631,-1.7229091
low_risk,54,1238644,0.0215,0,lowers_risk,fico_mean,-0.43482,4.2097898
low_risk,54,1238644,0.0215,0,lowers_risk,acc_open_past_24mths,-0.265553,-1.5017049
low_risk,54,1238644,0.0215,0,lowers_risk,dti,-0.201887,-1.1715444
low_risk,54,1238644,0.0215,0,lowers_risk,term_months,-0.176632,-0.56801224
low_risk,54,1238644,0.0215,0,lowers_risk,annual_inc,-0.107748,0.21987014
low_risk,54,1238644,0.0215,0,lowers_risk,inq_last_6mths,-0.049619,-0.7074305
low_risk,54,1238644,0.0215,0,lowers_risk,loan_amnt,-0.037326,-0.14929318
low_risk,54,1238644,0.0215,0,lowers_risk,emp_length_years_is_missing,-0.033776,0.0
low_risk,54,1238644,0.0215,0,lowers_risk,bc_open_to_buy,-0.031275,1.7385653
low_risk,54,1238644,0.0215,0,lowers_risk,total_bc_limit,-0.030898,0.6593015
low_risk,54,1238644,0.0215,0,lowers_risk,revol_util_clean,-0.029847,-2.1439514
low_risk,54,1238644,0.0215,0,lowers_risk,verification_status_Source Verified,-0.024342,0.0
low_risk,54,1238644,0.0215,0,lowers_risk,verification_status_Not Verified,-0.019214,1.0
low_risk,54,1238644,0.0215,0,lowers_risk,total_acc,-0.019063,0.23426169
low_risk,55,1196345,0.0215,0,increases_risk,acc_open_past_24mths,0.09175,0.49917498
low_risk,55,1196345,0.0215,0,increases_risk,revol_bal,0.047049,-0.59169155
low_risk,55,1196345,0.0215,0,increases_risk,open_acc,0.040218,1.9501178
low_risk,55,1196345,0.0215,0,increases_risk,home_ownership_MORTGAGE,0.027548,0.0
low_risk,55,1196345,0.0215,0,increases_risk,bc_util,0.011629,-2.1428857
low_risk,55,1196345,0.0215,0,increases_risk,verification_status_Verified,0.009072,0.0
low_risk,55,1196345,0.0215,0,increases_risk,home_ownership_OWN,0.008352,1.0
low_risk,55,1196345,0.0215,0,increases_risk,purpose_credit_card,0.002805,0.0
low_risk,55,1196345,0.0215,0,increases_risk,total_bal_ex_mort,0.002331,0.2579707
low_risk,55,1196345,0.0215,0,increases_risk,installment,0.001014,-0.062040914
low_risk,55,1196345,0.0215,0,increases_risk,credit_history_years,0.000813,-0.43036854
low_risk,55,1196345,0.0215,0,increases_risk,emp_length_years,0.000408,-0.8375419
low_risk,55,1196345,0.0215,0,increases_risk,purpose_wedding,0.000278,0.0
low_risk,55,1196345,0.0215,0,increases_risk,acc_now_delinq,5.6e-05,-0.06593545
low_risk,55,1196345,0.0215,0,increases_risk,tax_liens,1.2e-05,-0.12772587
low_risk,55,1196345,0.0215,0,lowers_risk,int_rate_clean,-1.349812,-1.7229091
low_risk,55,1196345,0.0215,0,lowers_risk,fico_mean,-0.371845,2.5890868
low_risk,55,1196345,0.0215,0,lowers_risk,dti,-0.201742,-1.6097741
low_risk,55,1196345,0.0215,0,lowers_risk,term_months,-0.169482,-0.56801224
low_risk,55,1196345,0.0215,0,lowers_risk,annual_inc,-0.134908,0.29412964
low_risk,55,1196345,0.0215,0,lowers_risk,total_acc,-0.053758,0.82314277
low_risk,55,1196345,0.0215,0,lowers_risk,loan_amnt,-0.037497,-0.054587975
low_risk,55,1196345,0.0215,0,lowers_risk,inq_last_6mths,-0.033664,-0.7074305
low_risk,55,1196345,0.0215,0,lowers_risk,tot_cur_bal,-0.033614,0.6606391
low_risk,55,1196345,0.0215,0,lowers_risk,emp_length_years_is_missing,-0.030099,0.0
low_risk,55,1196345,0.0215,0,lowers_risk,revol_util_clean,-0.022196,-1.7681524
low_risk,55,1196345,0.0215,0,lowers_risk,total_bc_limit,-0.022017,-0.24675079
low_risk,55,1196345,0.0215,0,lowers_risk,home_ownership_RENT,-0.021009,0.0
low_risk,55,1196345,0.0215,0,lowers_risk,bc_open_to_buy,-0.018804,0.41163236
low_risk,55,1196345,0.0215,0,lowers_risk,verification_status_Not Verified,-0.017664,1.0
low_risk,56,1288688,0.0216,0,increases_risk,open_acc,0.083952,4.0054398
low_risk,56,1288688,0.0216,0,increases_risk,inq_last_6mths,0.076158,1.3671905
low_risk,56,1288688,0.0216,0,increases_risk,loan_amnt,0.072868,1.6027533
low_risk,56,1288688,0.0216,0,increases_risk,acc_open_past_24mths,0.064148,0.49917498
low_risk,56,1288688,0.0216,0,increases_risk,installment,0.041717,1.6170638
low_risk,56,1288688,0.0216,0,increases_risk,verification_status_Verified,0.012629,0.0
low_risk,56,1288688,0.0216,0,increases_risk,purpose_home_improvement,0.009366,1.0
low_risk,56,1288688,0.0216,0,increases_risk,emp_length_years,0.007275,-0.8375419
low_risk,56,1288688,0.0216,0,increases_risk,purpose_debt_consolidation,0.003256,0.0
low_risk,56,1288688,0.0216,0,increases_risk,purpose_credit_card,0.003065,0.0
low_risk,56,1288688,0.0216,0,increases_risk,bc_util,0.002271,-1.7923616
low_risk,56,1288688,0.0216,0,increases_risk,purpose_wedding,0.000244,0.0
low_risk,56,1288688,0.0216,0,increases_risk,acc_now_delinq,5.3e-05,-0.06593545
low_risk,56,1288688,0.0216,0,increases_risk,purpose_other,2.8e-05,0.0
low_risk,56,1288688,0.0216,0,increases_risk,pub_rec_bankruptcies,2.7e-05,-0.33798254
low_risk,56,1288688,0.0216,0,lowers_risk,int_rate_clean,-1.357948,-1.7229091
low_risk,56,1288688,0.0216,0,lowers_risk,fico_mean,-0.486586,2.9132273
low_risk,56,1288688,0.0216,0,lowers_risk,term_months,-0.183765,-0.56801224
low_risk,56,1288688,0.0216,0,lowers_risk,annual_inc,-0.146823,1.1109843
low_risk,56,1288688,0.0216,0,lowers_risk,total_acc,-0.064663,3.178667
low_risk,56,1288688,0.0216,0,lowers_risk,avg_cur_bal,-0.059374,0.0883061
low_risk,56,1288688,0.0216,0,lowers_risk,total_bc_limit,-0.054861,4.989842
low_risk,56,1288688,0.0216,0,lowers_risk,mort_acc,-0.047196,0.6443364
low_risk,56,1288688,0.0216,0,lowers_risk,tot_cur_bal,-0.039592,1.5597552
low_risk,56,1288688,0.0216,0,lowers_risk,home_ownership_RENT,-0.033744,0.0
low_risk,56,1288688,0.0216,0,lowers_risk,bc_open_to_buy,-0.030528,6.8063374
low_risk,56,1288688,0.0216,0,lowers_risk,home_ownership_MORTGAGE,-0.029276,1.0
low_risk,56,1288688,0.0216,0,lowers_risk,revol_util_clean,-0.028834,-1.6762904
low_risk,56,1288688,0.0216,0,lowers_risk,revol_bal,-0.028479,0.22504227
low_risk,56,1288688,0.0216,0,lowers_risk,emp_length_years_is_missing,-0.023825,0.0
low_risk,57,1319778,0.0217,0,increases_risk,loan_amnt,0.066915,1.0108457
low_risk,57,1319778,0.0217,0,increases_risk,revol_bal,0.03767,-0.45932406
low_risk,57,1319778,0.0217,0,increases_risk,installment,0.037134,1.1077687
low_risk,57,1319778,0.0217,0,increases_risk,open_acc,0.01548,0.45533827
low_risk,57,1319778,0.0217,0,increases_risk,verification_status_Verified,0.011108,0.0
low_risk,57,1319778,0.0217,0,increases_risk,bc_util,0.010694,-2.056197
low_risk,57,1319778,0.0217,0,increases_risk,purpose_debt_consolidation,0.002114,0.0
low_risk,57,1319778,0.0217,0,increases_risk,purpose_wedding,0.000258,0.0
low_risk,57,1319778,0.0217,0,increases_risk,acc_now_delinq,6.8e-05,-0.06593545
low_risk,57,1319778,0.0217,0,increases_risk,home_ownership_ANY,0.0,0.0
low_risk,57,1319778,0.0217,0,increases_risk,home_ownership_NONE,0.0,0.0
low_risk,57,1319778,0.0217,0,increases_risk,home_ownership_OTHER,0.0,0.0
low_risk,57,1319778,0.0217,0,increases_risk,purpose_car,0.0,0.0
low_risk,57,1319778,0.0217,0,increases_risk,application_type_Joint App,0.0,0.0
low_risk,57,1319778,0.0217,0,increases_risk,purpose_educational,0.0,0.0
low_risk,57,1319778,0.0217,0,lowers_risk,int_rate_clean,-0.927815,-1.2380291
low_risk,57,1319778,0.0217,0,lowers_risk,fico_mean,-0.473249,4.5339303
low_risk,57,1319778,0.0217,0,lowers_risk,term_months,-0.184139,-0.56801224
low_risk,57,1319778,0.0217,0,lowers_risk,dti,-0.158249,-0.7251778
low_risk,57,1319778,0.0217,0,lowers_risk,annual_inc,-0.153939,0.7693906
low_risk,57,1319778,0.0217,0,lowers_risk,acc_open_past_24mths,-0.08699,-0.5012649
low_risk,57,1319778,0.0217,0,lowers_risk,mort_acc,-0.084143,1.1386791
low_risk,57,1319778,0.0217,0,lowers_risk,avg_cur_bal,-0.052506,0.21236417
low_risk,57,1319778,0.0217,0,lowers_risk,total_bc_limit,-0.047619,2.6126723
low_risk,57,1319778,0.0217,0,lowers_risk,home_ownership_RENT,-0.037328,0.0
low_risk,57,1319778,0.0217,0,lowers_risk,inq_last_6mths,-0.036938,-0.7074305
low_risk,57,1319778,0.0217,0,lowers_risk,home_ownership_MORTGAGE,-0.036914,1.0
low_risk,57,1319778,0.0217,0,lowers_risk,bc_open_to_buy,-0.03431,4.2265916
low_risk,57,1319778,0.0217,0,lowers_risk,revol_util_clean,-0.024283,-1.910121
low_risk,57,1319778,0.0217,0,lowers_risk,total_acc,-0.024248,0.23426169
low_risk,58,1327990,0.0217,0,increases_risk,verification_status_Source Verified,0.03495,1.0
low_risk,58,1327990,0.0217,0,increases_risk,avg_cur_bal,0.021499,-0.48188257
low_risk,58,1327990,0.0217,0,increases_risk,tot_cur_bal,0.019586,-0.60948414
low_risk,58,1327990,0.0217,0,increases_risk,bc_util,0.013226,-1.4832975
low_risk,58,1327990,0.0217,0,increases_risk,verification_status_Verified,0.011368,0.0
low_risk,58,1327990,0.0217,0,increases_risk,verification_status_Not Verified,0.007053,0.0
low_risk,58,1327990,0.0217,0,increases_risk,purpose_credit_card,0.003618,0.0
low_risk,58,1327990,0.0217,0,increases_risk,total_bal_ex_mort,0.002408,-0.11967317
low_risk,58,1327990,0.0217,0,increases_risk,purpose_home_improvement,0.000276,0.0
low_risk,58,1327990,0.0217,0,increases_risk,purpose_wedding,0.000274,0.0
low_risk,58,1327990,0.0217,0,increases_risk,purpose_other,8.4e-05,0.0
low_risk,58,1327990,0.0217,0,increases_risk,acc_now_delinq,5.7e-05,-0.06593545
low_risk,58,1327990,0.0217,0,increases_risk,revol_bal,3e-06,-0.42820233
low_risk,58,1327990,0.0217,0,increases_risk,home_ownership_OTHER,0.0,0.0
low_risk,58,1327990,0.0217,0,increases_risk,home_ownership_ANY,0.0,0.0
low_risk,58,1327990,0.0217,0,lowers_risk,int_rate_clean,-1.227027,-1.7229091
low_risk,58,1327990,0.0217,0,lowers_risk,acc_open_past_24mths,-0.176421,-0.83474493
low_risk,58,1327990,0.0217,0,lowers_risk,dti,-0.167112,-1.8910781
low_risk,58,1327990,0.0217,0,lowers_risk,term_months,-0.142582,-0.56801224
low_risk,58,1327990,0.0217,0,lowers_risk,annual_inc,-0.125834,4.081365
low_risk,58,1327990,0.0217,0,lowers_risk,loan_amnt,-0.085614,-1.1200217
low_risk,58,1327990,0.0217,0,lowers_risk,fico_mean,-0.073755,0.8063135
low_risk,58,1327990,0.0217,0,lowers_risk,installment,-0.053133,-1.1414455
low_risk,58,1327990,0.0217,0,lowers_risk,total_acc,-0.041766,0.90726864
low_risk,58,1327990,0.0217,0,lowers_risk,bc_open_to_buy,-0.039916,0.9857042
low_risk,58,1327990,0.0217,0,lowers_risk,mths_since_last_delinq,-0.039428,0.9354663
low_risk,58,1327990,0.0217,0,lowers_risk,inq_last_6mths,-0.038993,-0.7074305
low_risk,58,1327990,0.0217,0,lowers_risk,mort_acc,-0.037277,0.6443364
low_risk,58,1327990,0.0217,0,lowers_risk,open_acc,-0.034966,-0.6657464
low_risk,58,1327990,0.0217,0,lowers_risk,emp_length_years_is_missing,-0.030899,0.0
low_risk,59,1210161,0.0218,0,increases_risk,open_acc,0.038318,1.9501178
low_risk,59,1210161,0.0218,0,increases_risk,revol_bal,0.028971,-0.59342796
low_risk,59,1210161,0.0218,0,increases_risk,bc_util,0.015755,-2.3162632
low_risk,59,1210161,0.0218,0,increases_risk,avg_cur_bal,0.011165,-0.4813654
low_risk,59,1210161,0.0218,0,increases_risk,verification_status_Verified,0.008959,0.0
low_risk,59,1210161,0.0218,0,increases_risk,purpose_major_purchase,0.007358,1.0
low_risk,59,1210161,0.0218,0,increases_risk,tot_cur_bal,0.006126,-0.108665094
low_risk,59,1210161,0.0218,0,increases_risk,emp_length_years,0.005537,-0.8375419
low_risk,59,1210161,0.0218,0,increases_risk,purpose_credit_card,0.003296,0.0
low_risk,59,1210161,0.0218,0,increases_risk,purpose_debt_consolidation,0.00261,0.0
low_risk,59,1210161,0.0218,0,increases_risk,credit_history_years,0.002388,-0.019212242
low_risk,59,1210161,0.0218,0,increases_risk,purpose_wedding,0.000268,0.0
low_risk,59,1210161,0.0218,0,increases_risk,acc_now_delinq,5.6e-05,-0.06593545
low_risk,59,1210161,0.0218,0,increases_risk,tax_liens,1.2e-05,-0.12772587
low_risk,59,1210161,0.0218,0,increases_risk,home_ownership_NONE,0.0,0.0
low_risk,59,1210161,0.0218,0,lowers_risk,int_rate_clean,-1.004571,-1.3497525
low_risk,59,1210161,0.0218,0,lowers_risk,fico_mean,-0.512673,4.6960006
low_risk,59,1210161,0.0218,0,lowers_risk,dti,-0.190175,-1.0239179
low_risk,59,1210161,0.0218,0,lowers_risk,term_months,-0.179374,-0.56801224
low_risk,59,1210161,0.0218,0,lowers_risk,annual_inc,-0.170491,0.6654272
low_risk,59,1210161,0.0218,0,lowers_risk,inq_last_6mths,-0.039809,-0.7074305
low_risk,59,1210161,0.0218,0,lowers_risk,loan_amnt,-0.039622,-0.32686546
low_risk,59,1210161,0.0218,0,lowers_risk,total_acc,-0.038798,0.654891
low_risk,59,1210161,0.0218,0,lowers_risk,home_ownership_MORTGAGE,-0.033556,1.0
low_risk,59,1210161,0.0218,0,lowers_risk,home_ownership_RENT,-0.03161,0.0
low_risk,59,1210161,0.0218,0,lowers_risk,bc_open_to_buy,-0.030287,13.707076
low_risk,59,1210161,0.0218,0,lowers_risk,revol_util_clean,-0.028493,-2.1940582
low_risk,59,1210161,0.0218,0,lowers_risk,acc_open_past_24mths,-0.027966,-0.16778497
low_risk,59,1210161,0.0218,0,lowers_risk,total_bc_limit,-0.02656,8.92094
low_risk,59,1210161,0.0218,0,lowers_risk,verification_status_Source Verified,-0.02268,0.0
low_risk,60,1288853,0.022,0,increases_risk,avg_cur_bal,0.204724,-0.7666537
low_risk,60,1288853,0.022,0,increases_risk,mths_since_last_delinq,0.024903,-1.0087932
low_risk,60,1288853,0.022,0,increases_risk,revol_bal,0.024214,-0.6119051
low_risk,60,1288853,0.022,0,increases_risk,tot_cur_bal,0.020013,-0.8440816
low_risk,60,1288853,0.022,0,increases_risk,total_acc,0.019344,-0.606997
low_risk,60,1288853,0.022,0,increases_risk,total_bal_ex_mort,0.010835,-0.8958652
low_risk,60,1288853,0.022,0,increases_risk,bc_util,0.010804,-2.3351085
low_risk,60,1288853,0.022,0,increases_risk,verification_status_Verified,0.010082,0.0
low_risk,60,1288853,0.022,0,increases_risk,purpose_major_purchase,0.007599,1.0
low_risk,60,1288853,0.022,0,increases_risk,mort_acc,0.006492,-0.344349
low_risk,60,1288853,0.022,0,increases_risk,purpose_credit_card,0.003915,0.0
low_risk,60,1288853,0.022,0,increases_risk,total_il_high_credit_limit,0.002353,-0.42674452
low_risk,60,1288853,0.022,0,increases_risk,purpose_wedding,0.000284,0.0
low_risk,60,1288853,0.022,0,increases_risk,acc_now_delinq,5.8e-05,-0.06593545
low_risk,60,1288853,0.022,0,increases_risk,pub_rec_bankruptcies,2e-06,-0.33798254
low_risk,60,1288853,0.022,0,lowers_risk,int_rate_clean,-1.206363,-1.7229091
low_risk,60,1288853,0.022,0,lowers_risk,fico_mean,-0.405836,3.5615087
low_risk,60,1288853,0.022,0,lowers_risk,dti,-0.181284,-1.263375
low_risk,60,1288853,0.022,0,lowers_risk,term_months,-0.16332,-0.56801224
low_risk,60,1288853,0.022,0,lowers_risk,acc_open_past_24mths,-0.15852,-0.83474493
low_risk,60,1288853,0.022,0,lowers_risk,loan_amnt,-0.099285,-1.1200217
low_risk,60,1288853,0.022,0,lowers_risk,annual_inc,-0.091135,0.21987014
low_risk,60,1288853,0.022,0,lowers_risk,installment,-0.05806,-1.1414455
low_risk,60,1288853,0.022,0,lowers_risk,inq_last_6mths,-0.051364,-0.7074305
low_risk,60,1288853,0.022,0,lowers_risk,emp_length_years_is_missing,-0.032274,0.0
low_risk,60,1288853,0.022,0,lowers_risk,revol_util_clean,-0.029067,-2.2191114
low_risk,60,1288853,0.022,0,lowers_risk,home_ownership_RENT,-0.028015,0.0
low_risk,60,1288853,0.022,0,lowers_risk,bc_open_to_buy,-0.027983,6.711112
low_risk,60,1288853,0.022,0,lowers_risk,open_acc,-0.027923,-0.2920515
low_risk,60,1288853,0.022,0,lowers_risk,verification_status_Source Verified,-0.027751,0.0
low_risk,61,447243,0.0223,0,increases_risk,revol_util_clean,0.036105,0.37807822
low_risk,61,447243,0.0223,0,increases_risk,credit_history_years,0.01532,-0.62004864
low_risk,61,447243,0.0223,0,increases_risk,bc_open_to_buy,0.010285,-0.28292015
low_risk,61,447243,0.0223,0,increases_risk,purpose_credit_card,0.006442,0.0
low_risk,61,447243,0.0223,0,increases_risk,verification_status_Not Verified,0.005035,0.0
low_risk,61,447243,0.0223,0,increases_risk,purpose_home_improvement,0.00409,1.0
low_risk,61,447243,0.0223,0,increases_risk,purpose_debt_consolidation,0.002743,0.0
low_risk,61,447243,0.0223,0,increases_risk,total_bal_ex_mort,0.001628,-0.24970302
low_risk,61,447243,0.0223,0,increases_risk,pub_rec_bankruptcies,0.001111,-0.33798254
low_risk,61,447243,0.0223,0,increases_risk,purpose_wedding,0.000289,0.0
low_risk,61,447243,0.0223,0,increases_risk,home_ownership_OWN,0.000265,0.0
low_risk,61,447243,0.0223,0,increases_risk,acc_now_delinq,2.1e-05,-0.06593545
low_risk,61,447243,0.0223,0,increases_risk,tax_liens,7e-06,-0.12772587
low_risk,61,447243,0.0223,0,increases_risk,purpose_educational,0.0,0.0
low_risk,61,447243,0.0223,0,increases_risk,purpose_house,0.0,0.0
low_risk,61,447243,0.0223,0,lowers_risk,int_rate_clean,-1.263829,-1.7229091
low_risk,61,447243,0.0223,0,lowers_risk,fico_mean,-0.185045,1.2925245
low_risk,61,447243,0.0223,0,lowers_risk,term_months,-0.146574,-0.56801224
low_risk,61,447243,0.0223,0,lowers_risk,avg_cur_bal,-0.133797,1.4202979
low_risk,61,447243,0.0223,0,lowers_risk,annual_inc,-0.129265,0.16046253
low_risk,61,447243,0.0223,0,lowers_risk,dti,-0.072273,-0.3671546
low_risk,61,447243,0.0223,0,lowers_risk,mort_acc,-0.064568,1.6330218
low_risk,61,447243,0.0223,0,lowers_risk,loan_amnt,-0.058095,-0.7648771
low_risk,61,447243,0.0223,0,lowers_risk,open_acc,-0.045723,-1.0394412
low_risk,61,447243,0.0223,0,lowers_risk,inq_last_6mths,-0.037532,-0.7074305
low_risk,61,447243,0.0223,0,lowers_risk,home_ownership_MORTGAGE,-0.033178,1.0
low_risk,61,447243,0.0223,0,lowers_risk,emp_length_years_is_missing,-0.02834,0.0
low_risk,61,447243,0.0223,0,lowers_risk,acc_open_past_24mths,-0.022355,-0.16778497
low_risk,61,447243,0.0223,0,lowers_risk,home_ownership_RENT,-0.022132,0.0
low_risk,61,447243,0.0223,0,lowers_risk,total_bc_limit,-0.021717,-0.09574207
low_risk,62,1339314,0.0225,0,increases_risk,bc_util,0.056869,1.369893
low_risk,62,1339314,0.0225,0,increases_risk,emp_length_years,0.053166,-1.3976524
low_risk,62,1339314,0.0225,0,increases_risk,revol_util_clean,0.051251,0.88331926
low_risk,62,1339314,0.0225,0,increases_risk,bc_open_to_buy,0.041624,-0.63506144
low_risk,62,1339314,0.0225,0,increases_risk,total_acc,0.0202,-0.69112283
low_risk,62,1339314,0.0225,0,increases_risk,inq_last_6mths,0.016571,0.32988
low_risk,62,1339314,0.0225,0,increases_risk,verification_status_Verified,0.009731,0.0
low_risk,62,1339314,0.0225,0,increases_risk,purpose_credit_card,0.005013,0.0
low_risk,62,1339314,0.0225,0,increases_risk,credit_history_years,0.002664,-0.5418376
low_risk,62,1339314,0.0225,0,increases_risk,purpose_wedding,0.000308,0.0
low_risk,62,1339314,0.0225,0,increases_risk,pub_rec_bankruptcies,0.000202,-0.33798254
low_risk,62,1339314,0.0225,0,increases_risk,acc_now_delinq,4.8e-05,-0.06593545
low_risk,62,1339314,0.0225,0,increases_risk,purpose_educational,0.0,0.0
low_risk,62,1339314,0.0225,0,increases_risk,purpose_car,0.0,0.0
low_risk,62,1339314,0.0225,0,increases_risk,home_ownership_OTHER,0.0,0.0
low_risk,62,1339314,0.0225,0,lowers_risk,int_rate_clean,-1.232248,-1.7229091
low_risk,62,1339314,0.0225,0,lowers_risk,avg_cur_bal,-0.23075,3.928934
low_risk,62,1339314,0.0225,0,lowers_risk,acc_open_past_24mths,-0.192633,-1.1682249
low_risk,62,1339314,0.0225,0,lowers_risk,annual_inc,-0.161833,0.5911677
low_risk,62,1339314,0.0225,0,lowers_risk,dti,-0.149539,-0.99834484
low_risk,62,1339314,0.0225,0,lowers_risk,term_months,-0.147278,-0.56801224
low_risk,62,1339314,0.0225,0,lowers_risk,fico_mean,-0.109106,0.96838385
low_risk,62,1339314,0.0225,0,lowers_risk,loan_amnt,-0.079131,-1.0016401
low_risk,62,1339314,0.0225,0,lowers_risk,tot_cur_bal,-0.039564,2.534596
low_risk,62,1339314,0.0225,0,lowers_risk,emp_length_years_is_missing,-0.030517,0.0
low_risk,62,1339314,0.0225,0,lowers_risk,home_ownership_MORTGAGE,-0.027721,1.0
low_risk,62,1339314,0.0225,0,lowers_risk,installment,-0.023112,-1.0215293
low_risk,62,1339314,0.0225,0,lowers_risk,verification_status_Source Verified,-0.022271,0.0
low_risk,62,1339314,0.0225,0,lowers_risk,home_ownership_RENT,-0.020618,0.0
low_risk,62,1339314,0.0225,0,lowers_risk,open_acc,-0.017532,-0.47889894
low_risk,63,456801,0.0225,0,increases_risk,loan_amnt,0.091267,1.2476088
low_risk,63,456801,0.0225,0,increases_risk,installment,0.047176,1.2572358
low_risk,63,456801,0.0225,0,increases_risk,open_acc,0.034375,0.82903314
low_risk,63,456801,0.0225,0,increases_risk,home_ownership_MORTGAGE,0.033879,0.0
low_risk,63,456801,0.0225,0,increases_risk,revol_bal,0.030342,-0.32606608
low_risk,63,456801,0.0225,0,increases_risk,bc_util,0.017863,-2.267265
low_risk,63,456801,0.0225,0,increases_risk,verification_status_Verified,0.013278,0.0
low_risk,63,456801,0.0225,0,increases_risk,home_ownership_OWN,0.011206,1.0
low_risk,63,456801,0.0225,0,increases_risk,purpose_debt_consolidation,0.00194,0.0
low_risk,63,456801,0.0225,0,increases_risk,inq_last_6mths,0.001754,0.32988
low_risk,63,456801,0.0225,0,increases_risk,total_il_high_credit_limit,0.000812,0.06740214
low_risk,63,456801,0.0225,0,increases_risk,purpose_wedding,0.000261,0.0
low_risk,63,456801,0.0225,0,increases_risk,acc_now_delinq,6.8e-05,-0.06593545
low_risk,63,456801,0.0225,0,increases_risk,mths_since_last_delinq_is_missing,5.2e-05,1.0
low_risk,63,456801,0.0225,0,increases_risk,purpose_house,0.0,0.0
low_risk,63,456801,0.0225,0,lowers_risk,int_rate_clean,-1.334308,-1.7229091
low_risk,63,456801,0.0225,0,lowers_risk,fico_mean,-0.460023,2.751157
low_risk,63,456801,0.0225,0,lowers_risk,term_months,-0.176132,-0.56801224
low_risk,63,456801,0.0225,0,lowers_risk,annual_inc,-0.130313,0.30898157
low_risk,63,456801,0.0225,0,lowers_risk,dti,-0.087443,-0.5543031
low_risk,63,456801,0.0225,0,lowers_risk,mort_acc,-0.087337,1.6330218
low_risk,63,456801,0.0225,0,lowers_risk,total_bc_limit,-0.037361,0.844409
low_risk,63,456801,0.0225,0,lowers_risk,home_ownership_RENT,-0.03378,0.0
low_risk,63,456801,0.0225,0,lowers_risk,emp_length_years_is_missing,-0.030153,0.0
low_risk,63,456801,0.0225,0,lowers_risk,acc_open_past_24mths,-0.029765,-0.16778497
low_risk,63,456801,0.0225,0,lowers_risk,avg_cur_bal,-0.026584,-0.15282811
low_risk,63,456801,0.0225,0,lowers_risk,bc_open_to_buy,-0.025965,2.003995
low_risk,63,456801,0.0225,0,lowers_risk,revol_util_clean,-0.018049,-1.5384973
low_risk,63,456801,0.0225,0,lowers_risk,verification_status_Source Verified,-0.016743,0.0
low_risk,63,456801,0.0225,0,lowers_risk,total_acc,-0.01537,0.15013582
low_risk,64,481195,0.0225,0,increases_risk,avg_cur_bal,0.06637,-0.54640055
low_risk,64,481195,0.0225,0,increases_risk,total_acc,0.057551,-1.4482557
low_risk,64,481195,0.0225,0,increases_risk,mort_acc,0.029115,-0.8386917
low_risk,64,481195,0.0225,0,increases_risk,home_ownership_RENT,0.025937,1.0
low_risk,64,481195,0.0225,0,increases_risk,home_ownership_MORTGAGE,0.020793,0.0
low_risk,64,481195,0.0225,0,increases_risk,total_bc_limit,0.011262,-0.39288825
low_risk,64,481195,0.0225,0,increases_risk,tot_cur_bal,0.008269,-0.720721
low_risk,64,481195,0.0225,0,increases_risk,bc_open_to_buy,0.007983,-0.17095324
low_risk,64,481195,0.0225,0,increases_risk,verification_status_Verified,0.006174,0.0
low_risk,64,481195,0.0225,0,increases_risk,purpose_credit_card,0.003398,0.0
low_risk,64,481195,0.0225,0,increases_risk,mths_since_last_delinq_is_missing,0.000822,1.0
low_risk,64,481195,0.0225,0,increases_risk,revol_bal,0.000711,-0.4697425
low_risk,64,481195,0.0225,0,increases_risk,purpose_wedding,0.000294,0.0
low_risk,64,481195,0.0225,0,increases_risk,acc_now_delinq,3.3e-05,-0.06593545
low_risk,64,481195,0.0225,0,increases_risk,home_ownership_NONE,0.0,0.0
low_risk,64,481195,0.0225,0,lowers_risk,int_rate_clean,-1.284113,-1.7229091
low_risk,64,481195,0.0225,0,lowers_risk,fico_mean,-0.303527,2.2649462
low_risk,64,481195,0.0225,0,lowers_risk,acc_open_past_24mths,-0.295396,-1.5017049
low_risk,64,481195,0.0225,0,lowers_risk,term_months,-0.192665,-0.56801224
low_risk,64,481195,0.0225,0,lowers_risk,dti,-0.121359,-0.6624075
low_risk,64,481195,0.0225,0,lowers_risk,loan_amnt,-0.069164,-0.7648771
low_risk,64,481195,0.0225,0,lowers_risk,inq_last_6mths,-0.051528,-0.7074305
low_risk,64,481195,0.0225,0,lowers_risk,open_acc,-0.040436,-1.0394412
low_risk,64,481195,0.0225,0,lowers_risk,emp_length_years_is_missing,-0.036418,0.0
low_risk,64,481195,0.0225,0,lowers_risk,revol_util_clean,-0.032438,-0.77437246
low_risk,64,481195,0.0225,0,lowers_risk,installment,-0.030478,-0.7816572
low_risk,64,481195,0.0225,0,lowers_risk,verification_status_Not Verified,-0.020797,1.0
low_risk,64,481195,0.0225,0,lowers_risk,verification_status_Source Verified,-0.019367,0.0
low_risk,64,481195,0.0225,0,lowers_risk,annual_inc,-0.012228,-0.25539076
low_risk,64,481195,0.0225,0,lowers_risk,purpose_small_business,-0.006116,0.0
low_risk,65,455740,0.0225,0,increases_risk,avg_cur_bal,0.151368,-0.7198491
low_risk,65,455740,0.0225,0,increases_risk,home_ownership_RENT,0.040619,1.0
low_risk,65,455740,0.0225,0,increases_risk,home_ownership_MORTGAGE,0.025497,0.0
low_risk,65,455740,0.0225,0,increases_risk,total_acc,0.021744,-0.69112283
low_risk,65,455740,0.0225,0,increases_risk,revol_bal,0.021643,-0.57940316
low_risk,65,455740,0.0225,0,increases_risk,inq_last_6mths,0.019351,0.32988
low_risk,65,455740,0.0225,0,increases_risk,tot_cur_bal,0.01305,-0.80553347
low_risk,65,455740,0.0225,0,increases_risk,verification_status_Verified,0.008812,0.0
low_risk,65,455740,0.0225,0,increases_risk,bc_util,0.007814,-1.9431247
low_risk,65,455740,0.0225,0,increases_risk,mort_acc,0.005418,-0.344349
low_risk,65,455740,0.0225,0,increases_risk,credit_history_years,0.004199,-0.041506052
low_risk,65,455740,0.0225,0,increases_risk,purpose_credit_card,0.002618,0.0
low_risk,65,455740,0.0225,0,increases_risk,total_bal_ex_mort,0.00238,-0.7683245
low_risk,65,455740,0.0225,0,increases_risk,mths_since_last_delinq_is_missing,0.001434,1.0
low_risk,65,455740,0.0225,0,increases_risk,purpose_wedding,0.000298,0.0
low_risk,65,455740,0.0225,0,lowers_risk,int_rate_clean,-1.337,-1.7229091
low_risk,65,455740,0.0225,0,lowers_risk,fico_mean,-0.427787,3.237368
low_risk,65,455740,0.0225,0,lowers_risk,acc_open_past_24mths,-0.193921,-0.83474493
low_risk,65,455740,0.0225,0,lowers_risk,term_months,-0.190422,-0.56801224
low_risk,65,455740,0.0225,0,lowers_risk,dti,-0.159206,-0.8309574
low_risk,65,455740,0.0225,0,lowers_risk,revol_util_clean,-0.039406,-1.780679
low_risk,65,455740,0.0225,0,lowers_risk,loan_amnt,-0.038569,-0.054587975
low_risk,65,455740,0.0225,0,lowers_risk,bc_open_to_buy,-0.036652,1.364603
low_risk,65,455740,0.0225,0,lowers_risk,emp_length_years_is_missing,-0.03624,0.0
low_risk,65,455740,0.0225,0,lowers_risk,open_acc,-0.034372,-0.6657464
low_risk,65,455740,0.0225,0,lowers_risk,verification_status_Not Verified,-0.024449,1.0
low_risk,65,455740,0.0225,0,lowers_risk,total_bc_limit,-0.023337,0.53264904
low_risk,65,455740,0.0225,0,lowers_risk,verification_status_Source Verified,-0.022909,0.0
low_risk,65,455740,0.0225,0,lowers_risk,annual_inc,-0.018511,-0.31361023
low_risk,65,455740,0.0225,0,lowers_risk,total_il_high_credit_limit,-0.010775,-0.29094568
low_risk,66,992325,0.0229,0,increases_risk,acc_open_past_24mths,0.032907,0.16569501
low_risk,66,992325,0.0229,0,increases_risk,total_acc,0.024675,-0.52287114
low_risk,66,992325,0.0229,0,increases_risk,bc_util,0.021251,-1.4832975
low_risk,66,992325,0.0229,0,increases_risk,tot_coll_amt,0.013783,-0.012754965
low_risk,66,992325,0.0229,0,increases_risk,inq_last_6mths,0.010946,0.32988
low_risk,66,992325,0.0229,0,increases_risk,mort_acc,0.009936,-0.344349
low_risk,66,992325,0.0229,0,increases_risk,verification_status_Verified,0.008648,0.0
low_risk,66,992325,0.0229,0,increases_risk,credit_history_years,0.003537,-0.3411933
low_risk,66,992325,0.0229,0,increases_risk,purpose_debt_consolidation,0.001912,0.0
low_risk,66,992325,0.0229,0,increases_risk,total_bal_ex_mort,0.000685,0.021458667
low_risk,66,992325,0.0229,0,increases_risk,mths_since_last_delinq_is_missing,0.000437,0.0
low_risk,66,992325,0.0229,0,increases_risk,home_ownership_OWN,0.000319,0.0
low_risk,66,992325,0.0229,0,increases_risk,purpose_wedding,0.000292,0.0
low_risk,66,992325,0.0229,0,increases_risk,pub_rec_bankruptcies,0.000193,-0.33798254
low_risk,66,992325,0.0229,0,increases_risk,acc_now_delinq,9.5e-05,-0.06593545
low_risk,66,992325,0.0229,0,lowers_risk,int_rate_clean,-1.299606,-1.7229091
low_risk,66,992325,0.0229,0,lowers_risk,avg_cur_bal,-0.177096,1.7193561
low_risk,66,992325,0.0229,0,lowers_risk,fico_mean,-0.174952,1.1304542
low_risk,66,992325,0.0229,0,lowers_risk,term_months,-0.162271,-0.56801224
low_risk,66,992325,0.0229,0,lowers_risk,dti,-0.127981,-0.70192957
low_risk,66,992325,0.0229,0,lowers_risk,loan_amnt,-0.087703,-1.0016401
low_risk,66,992325,0.0229,0,lowers_risk,revol_util_clean,-0.041886,-0.9747987
low_risk,66,992325,0.0229,0,lowers_risk,annual_inc,-0.039954,-0.013304748
low_risk,66,992325,0.0229,0,lowers_risk,home_ownership_MORTGAGE,-0.038737,1.0
low_risk,66,992325,0.0229,0,lowers_risk,bc_open_to_buy,-0.033151,1.0020163
low_risk,66,992325,0.0229,0,lowers_risk,installment,-0.031941,-1.0215293
low_risk,66,992325,0.0229,0,lowers_risk,tot_cur_bal,-0.03021,1.9912409
low_risk,66,992325,0.0229,0,lowers_risk,emp_length_years_is_missing,-0.028008,0.0
low_risk,66,992325,0.0229,0,lowers_risk,home_ownership_RENT,-0.024787,0.0
low_risk,66,992325,0.0229,0,lowers_risk,mths_since_last_delinq,-0.022119,1.71317
low_risk,67,1291951,0.0231,0,increases_risk,loan_amnt,0.060837,1.2476088
low_risk,67,1291951,0.0231,0,increases_risk,verification_status_Source Verified,0.0298,1.0
low_risk,67,1291951,0.0231,0,increases_risk,installment,0.025798,1.2572358
low_risk,67,1291951,0.0231,0,increases_risk,open_acc,0.019469,0.45533827
low_risk,67,1291951,0.0231,0,increases_risk,verification_status_Verified,0.014044,0.0
low_risk,67,1291951,0.0231,0,increases_risk,inq_last_6mths,0.012796,0.32988
low_risk,67,1291951,0.0231,0,increases_risk,total_il_high_credit_limit,0.005877,-0.6881984
low_risk,67,1291951,0.0231,0,increases_risk,purpose_credit_card,0.00446,0.0
low_risk,67,1291951,0.0231,0,increases_risk,verification_status_Not Verified,0.003035,0.0
low_risk,67,1291951,0.0231,0,increases_risk,total_bal_ex_mort,0.000941,0.09144085
low_risk,67,1291951,0.0231,0,increases_risk,purpose_wedding,0.000278,0.0
low_risk,67,1291951,0.0231,0,increases_risk,acc_now_delinq,6.7e-05,-0.06593545
low_risk,67,1291951,0.0231,0,increases_risk,home_ownership_ANY,0.0,0.0
low_risk,67,1291951,0.0231,0,increases_risk,home_ownership_NONE,0.0,0.0
low_risk,67,1291951,0.0231,0,increases_risk,home_ownership_OTHER,0.0,0.0
low_risk,67,1291951,0.0231,0,lowers_risk,int_rate_clean,-1.315961,-1.7229091
low_risk,67,1291951,0.0231,0,lowers_risk,avg_cur_bal,-0.183175,1.6078396
low_risk,67,1291951,0.0231,0,lowers_risk,annual_inc,-0.15736,1.0664287
low_risk,67,1291951,0.0231,0,lowers_risk,term_months,-0.144334,-0.56801224
low_risk,67,1291951,0.0231,0,lowers_risk,dti,-0.142779,-0.810034
low_risk,67,1291951,0.0231,0,lowers_risk,fico_mean,-0.112358,0.8063135
low_risk,67,1291951,0.0231,0,lowers_risk,tot_cur_bal,-0.049469,2.366702
low_risk,67,1291951,0.0231,0,lowers_risk,revol_bal,-0.047154,1.2571794
low_risk,67,1291951,0.0231,0,lowers_risk,revol_util_clean,-0.040848,-0.39022225
low_risk,67,1291951,0.0231,0,lowers_risk,home_ownership_MORTGAGE,-0.035529,1.0
low_risk,67,1291951,0.0231,0,lowers_risk,home_ownership_RENT,-0.034211,0.0
low_risk,67,1291951,0.0231,0,lowers_risk,bc_open_to_buy,-0.02634,2.6407394
low_risk,67,1291951,0.0231,0,lowers_risk,emp_length_years_is_missing,-0.026133,0.0
low_risk,67,1291951,0.0231,0,lowers_risk,total_bc_limit,-0.024282,3.4018147
low_risk,67,1291951,0.0231,0,lowers_risk,acc_open_past_24mths,-0.020088,-0.16778497
low_risk,68,1241971,0.0231,0,increases_risk,emp_length_years,0.040749,-1.3976524
low_risk,68,1241971,0.0231,0,increases_risk,total_il_high_credit_limit,0.028119,-0.9092491
low_risk,68,1241971,0.0231,0,increases_risk,verification_status_Verified,0.011263,0.0
low_risk,68,1241971,0.0231,0,increases_risk,total_acc,0.011068,-0.43874526
low_risk,68,1241971,0.0231,0,increases_risk,annual_inc,0.010495,-0.36389878
low_risk,68,1241971,0.0231,0,increases_risk,inq_last_6mths,0.009578,0.32988
low_risk,68,1241971,0.0231,0,increases_risk,purpose_home_improvement,0.009277,1.0
low_risk,68,1241971,0.0231,0,increases_risk,tot_cur_bal,0.007864,-0.14394426
low_risk,68,1241971,0.0231,0,increases_risk,credit_history_years,0.004987,-0.46435747
low_risk,68,1241971,0.0231,0,increases_risk,bc_util,0.003965,-1.7245183
low_risk,68,1241971,0.0231,0,increases_risk,purpose_credit_card,0.003484,0.0
low_risk,68,1241971,0.0231,0,increases_risk,mths_since_last_delinq_is_missing,0.002829,1.0
low_risk,68,1241971,0.0231,0,increases_risk,pub_rec_bankruptcies,0.00045,-0.33798254
low_risk,68,1241971,0.0231,0,increases_risk,purpose_wedding,0.000282,0.0
low_risk,68,1241971,0.0231,0,increases_risk,acc_now_delinq,2.1e-05,-0.06593545
low_risk,68,1241971,0.0231,0,lowers_risk,int_rate_clean,-0.988124,-1.3497525
low_risk,68,1241971,0.0231,0,lowers_risk,fico_mean,-0.41449,2.751157
low_risk,68,1241971,0.0231,0,lowers_risk,dti,-0.195297,-1.3319575
low_risk,68,1241971,0.0231,0,lowers_risk,term_months,-0.17202,-0.56801224
low_risk,68,1241971,0.0231,0,lowers_risk,installment,-0.152905,-1.4460348
low_risk,68,1241971,0.0231,0,lowers_risk,loan_amnt,-0.121964,-1.4278136
low_risk,68,1241971,0.0231,0,lowers_risk,acc_open_past_24mths,-0.091808,-0.5012649
low_risk,68,1241971,0.0231,0,lowers_risk,revol_util_clean,-0.043738,-1.734748
low_risk,68,1241971,0.0231,0,lowers_risk,home_ownership_MORTGAGE,-0.032371,1.0
low_risk,68,1241971,0.0231,0,lowers_risk,bc_open_to_buy,-0.030167,0.9210281
low_risk,68,1241971,0.0231,0,lowers_risk,emp_length_years_is_missing,-0.029555,0.0
low_risk,68,1241971,0.0231,0,lowers_risk,home_ownership_RENT,-0.027524,0.0
low_risk,68,1241971,0.0231,0,lowers_risk,avg_cur_bal,-0.024888,-0.09917091
low_risk,68,1241971,0.0231,0,lowers_risk,verification_status_Source Verified,-0.01592,0.0
low_risk,68,1241971,0.0231,0,lowers_risk,verification_status_Not Verified,-0.015724,1.0
low_risk,69,984080,0.0232,0,increases_risk,loan_amnt,0.043709,0.65570116
low_risk,69,984080,0.0232,0,increases_risk,home_ownership_MORTGAGE,0.040364,0.0
low_risk,69,984080,0.0232,0,increases_risk,installment,0.017924,0.7361919
low_risk,69,984080,0.0232,0,increases_risk,verification_status_Verified,0.01239,0.0
low_risk,69,984080,0.0232,0,increases_risk,credit_history_years,0.005982,-0.40807474
low_risk,69,984080,0.0232,0,increases_risk,home_ownership_OWN,0.005825,1.0
low_risk,69,984080,0.0232,0,increases_risk,purpose_debt_consolidation,0.002589,0.0
low_risk,69,984080,0.0232,0,increases_risk,pub_rec_bankruptcies,0.000699,-0.33798254
low_risk,69,984080,0.0232,0,increases_risk,purpose_wedding,0.000288,0.0
low_risk,69,984080,0.0232,0,increases_risk,acc_now_delinq,8.9e-05,-0.06593545
low_risk,69,984080,0.0232,0,increases_risk,purpose_educational,0.0,0.0
low_risk,69,984080,0.0232,0,increases_risk,purpose_house,0.0,0.0
low_risk,69,984080,0.0232,0,increases_risk,purpose_car,0.0,0.0
low_risk,69,984080,0.0232,0,increases_risk,purpose_renewable_energy,0.0,0.0
low_risk,69,984080,0.0232,0,increases_risk,home_ownership_OTHER,0.0,0.0
low_risk,69,984080,0.0232,0,lowers_risk,int_rate_clean,-0.89352,-1.2380291
low_risk,69,984080,0.0232,0,lowers_risk,fico_mean,-0.292786,1.7787353
low_risk,69,984080,0.0232,0,lowers_risk,avg_cur_bal,-0.222399,3.3081913
low_risk,69,984080,0.0232,0,lowers_risk,term_months,-0.178124,-0.56801224
low_risk,69,984080,0.0232,0,lowers_risk,dti,-0.165917,-0.7356395
low_risk,69,984080,0.0232,0,lowers_risk,annual_inc,-0.154144,1.5565414
low_risk,69,984080,0.0232,0,lowers_risk,acc_open_past_24mths,-0.090995,-0.5012649
low_risk,69,984080,0.0232,0,lowers_risk,inq_last_6mths,-0.045499,-0.7074305
low_risk,69,984080,0.0232,0,lowers_risk,mort_acc,-0.045352,0.6443364
low_risk,69,984080,0.0232,0,lowers_risk,total_bc_limit,-0.033235,0.55213404
low_risk,69,984080,0.0232,0,lowers_risk,open_acc,-0.031075,-0.85259384
low_risk,69,984080,0.0232,0,lowers_risk,bc_open_to_buy,-0.029618,0.28972077
low_risk,69,984080,0.0232,0,lowers_risk,home_ownership_RENT,-0.028792,0.0
low_risk,69,984080,0.0232,0,lowers_risk,emp_length_years_is_missing,-0.025148,0.0
low_risk,69,984080,0.0232,0,lowers_risk,mths_since_last_delinq,-0.022999,-0.10147212
low_risk,70,474353,0.0233,0,increases_risk,avg_cur_bal,0.075587,-0.5800171
low_risk,70,474353,0.0233,0,increases_risk,total_acc,0.062026,-1.195878
low_risk,70,474353,0.0233,0,increases_risk,home_ownership_RENT,0.042575,1.0
low_risk,70,474353,0.0233,0,increases_risk,home_ownership_MORTGAGE,0.0239,0.0
low_risk,70,474353,0.0233,0,increases_risk,tot_cur_bal,0.009772,-0.767052
low_risk,70,474353,0.0233,0,increases_risk,bc_open_to_buy,0.008337,-0.24256913
low_risk,70,474353,0.0233,0,increases_risk,total_bc_limit,0.007459,-0.3587895
low_risk,70,474353,0.0233,0,increases_risk,verification_status_Verified,0.006437,0.0
low_risk,70,474353,0.0233,0,increases_risk,revol_bal,0.005644,-0.39400852
low_risk,70,474353,0.0233,0,increases_risk,purpose_credit_card,0.003224,0.0
low_risk,70,474353,0.0233,0,increases_risk,mths_since_last_delinq_is_missing,0.00059,1.0
low_risk,70,474353,0.0233,0,increases_risk,pub_rec_bankruptcies,0.000298,-0.33798254
low_risk,70,474353,0.0233,0,increases_risk,purpose_wedding,0.000296,0.0
low_risk,70,474353,0.0233,0,increases_risk,acc_now_delinq,5.6e-05,-0.06593545
low_risk,70,474353,0.0233,0,increases_risk,application_type_Joint App,0.0,0.0
low_risk,70,474353,0.0233,0,lowers_risk,int_rate_clean,-1.193096,-1.4614761
low_risk,70,474353,0.0233,0,lowers_risk,fico_mean,-0.409623,2.751157
low_risk,70,474353,0.0233,0,lowers_risk,acc_open_past_24mths,-0.273712,-1.1682249
low_risk,70,474353,0.0233,0,lowers_risk,term_months,-0.196615,-0.56801224
low_risk,70,474353,0.0233,0,lowers_risk,dti,-0.149718,-0.74145156
low_risk,70,474353,0.0233,0,lowers_risk,inq_last_6mths,-0.052942,-0.7074305
low_risk,70,474353,0.0233,0,lowers_risk,open_acc,-0.043506,-1.2262887
low_risk,70,474353,0.0233,0,lowers_risk,loan_amnt,-0.033703,-0.35054177
low_risk,70,474353,0.0233,0,lowers_risk,emp_length_years_is_missing,-0.031494,0.0
low_risk,70,474353,0.0233,0,lowers_risk,verification_status_Not Verified,-0.019639,1.0
low_risk,70,474353,0.0233,0,lowers_risk,verification_status_Source Verified,-0.018534,0.0
low_risk,70,474353,0.0233,0,lowers_risk,bc_util,-0.012247,-0.1754281
low_risk,70,474353,0.0233,0,lowers_risk,emp_length_years,-0.011806,1.1228448
low_risk,70,474353,0.0233,0,lowers_risk,total_il_high_credit_limit,-0.011194,-0.19677806
low_risk,70,474353,0.0233,0,lowers_risk,annual_inc,-0.01013,-0.31479838
low_risk,71,1338404,0.0233,0,increases_risk,acc_open_past_24mths,0.086669,0.49917498
low_risk,71,1338404,0.0233,0,increases_risk,loan_amnt,0.058138,0.89246416
low_risk,71,1338404,0.0233,0,increases_risk,home_ownership_MORTGAGE,0.034518,0.0
low_risk,71,1338404,0.0233,0,increases_risk,open_acc,0.028572,0.6421857
low_risk,71,1338404,0.0233,0,increases_risk,installment,0.026343,0.89744747
low_risk,71,1338404,0.0233,0,increases_risk,verification_status_Verified,0.011292,0.0
low_risk,71,1338404,0.0233,0,increases_risk,emp_length_years,0.008976,-1.1175971
low_risk,71,1338404,0.0233,0,increases_risk,credit_history_years,0.00365,0.51474273
low_risk,71,1338404,0.0233,0,increases_risk,home_ownership_OWN,0.003307,1.0
low_risk,71,1338404,0.0233,0,increases_risk,purpose_debt_consolidation,0.002454,0.0
low_risk,71,1338404,0.0233,0,increases_risk,purpose_wedding,0.000278,0.0
low_risk,71,1338404,0.0233,0,increases_risk,acc_now_delinq,4.7e-05,-0.06593545
low_risk,71,1338404,0.0233,0,increases_risk,tax_liens,1.2e-05,-0.12772587
low_risk,71,1338404,0.0233,0,increases_risk,home_ownership_NONE,0.0,0.0
low_risk,71,1338404,0.0233,0,increases_risk,home_ownership_ANY,0.0,0.0
low_risk,71,1338404,0.0233,0,lowers_risk,int_rate_clean,-1.322268,-1.7229091
low_risk,71,1338404,0.0233,0,lowers_risk,fico_mean,-0.25632,1.616665
low_risk,71,1338404,0.0233,0,lowers_risk,term_months,-0.177914,-0.56801224
low_risk,71,1338404,0.0233,0,lowers_risk,avg_cur_bal,-0.147155,0.87654996
low_risk,71,1338404,0.0233,0,lowers_risk,annual_inc,-0.139765,0.41294488
low_risk,71,1338404,0.0233,0,lowers_risk,dti,-0.070602,-0.41481352
low_risk,71,1338404,0.0233,0,lowers_risk,total_acc,-0.046146,1.0755204
low_risk,71,1338404,0.0233,0,lowers_risk,tot_cur_bal,-0.0409,1.7388141
low_risk,71,1338404,0.0233,0,lowers_risk,revol_bal,-0.037219,1.0597636
low_risk,71,1338404,0.0233,0,lowers_risk,bc_open_to_buy,-0.032674,1.556628
low_risk,71,1338404,0.0233,0,lowers_risk,home_ownership_RENT,-0.032601,0.0
low_risk,71,1338404,0.0233,0,lowers_risk,inq_last_6mths,-0.032126,-0.7074305
low_risk,71,1338404,0.0233,0,lowers_risk,total_bc_limit,-0.031463,2.4567924
low_risk,71,1338404,0.0233,0,lowers_risk,emp_length_years_is_missing,-0.024874,0.0
low_risk,71,1338404,0.0233,0,lowers_risk,total_il_high_credit_limit,-0.021188,0.7053546
low_risk,72,1195524,0.0235,0,increases_risk,verification_status_Source Verified,0.031611,1.0
low_risk,72,1195524,0.0235,0,increases_risk,tot_coll_amt,0.023689,0.00036885552
low_risk,72,1195524,0.0235,0,increases_risk,mths_since_last_delinq,0.019484,-0.5551327
low_risk,72,1195524,0.0235,0,increases_risk,verification_status_Verified,0.013839,0.0
low_risk,72,1195524,0.0235,0,increases_risk,verification_status_Not Verified,0.003946,0.0
low_risk,72,1195524,0.0235,0,increases_risk,open_acc,0.003237,0.08164338
low_risk,72,1195524,0.0235,0,increases_risk,purpose_debt_consolidation,0.001773,0.0
low_risk,72,1195524,0.0235,0,increases_risk,mths_since_last_delinq_is_missing,0.000772,0.0
low_risk,72,1195524,0.0235,0,increases_risk,purpose_wedding,0.000267,0.0
low_risk,72,1195524,0.0235,0,increases_risk,acc_now_delinq,5.6e-05,-0.06593545
low_risk,72,1195524,0.0235,0,increases_risk,purpose_renewable_energy,0.0,0.0
low_risk,72,1195524,0.0235,0,increases_risk,purpose_house,0.0,0.0
low_risk,72,1195524,0.0235,0,increases_risk,purpose_educational,0.0,0.0
low_risk,72,1195524,0.0235,0,increases_risk,purpose_car,0.0,0.0
low_risk,72,1195524,0.0235,0,increases_risk,home_ownership_OTHER,0.0,0.0
low_risk,72,1195524,0.0235,0,lowers_risk,int_rate_clean,-1.281221,-1.7229091
low_risk,72,1195524,0.0235,0,lowers_risk,dti,-0.179231,-1.4505235
low_risk,72,1195524,0.0235,0,lowers_risk,term_months,-0.154171,-0.56801224
low_risk,72,1195524,0.0235,0,lowers_risk,annual_inc,-0.150862,2.1506176
low_risk,72,1195524,0.0235,0,lowers_risk,acc_open_past_24mths,-0.104077,-0.5012649
low_risk,72,1195524,0.0235,0,lowers_risk,avg_cur_bal,-0.091499,0.4776118
low_risk,72,1195524,0.0235,0,lowers_risk,inq_last_6mths,-0.03594,-0.7074305
low_risk,72,1195524,0.0235,0,lowers_risk,loan_amnt,-0.035604,-0.5281141
low_risk,72,1195524,0.0235,0,lowers_risk,fico_mean,-0.033946,0.48217294
low_risk,72,1195524,0.0235,0,lowers_risk,revol_util_clean,-0.033686,-0.64493054
low_risk,72,1195524,0.0235,0,lowers_risk,home_ownership_MORTGAGE,-0.033142,1.0
low_risk,72,1195524,0.0235,0,lowers_risk,emp_length_years_is_missing,-0.028987,0.0
low_risk,72,1195524,0.0235,0,lowers_risk,home_ownership_RENT,-0.027319,0.0
low_risk,72,1195524,0.0235,0,lowers_risk,tot_cur_bal,-0.02631,0.5845682
low_risk,72,1195524,0.0235,0,lowers_risk,total_bc_limit,-0.018445,0.3085716
low_risk,73,1196813,0.0238,0,increases_risk,acc_open_past_24mths,0.214328,1.499615
low_risk,73,1196813,0.0238,0,increases_risk,home_ownership_MORTGAGE,0.036682,0.0
low_risk,73,1196813,0.0238,0,increases_risk,open_acc,0.03643,1.0158806
low_risk,73,1196813,0.0238,0,increases_risk,verification_status_Verified,0.008639,0.0
low_risk,73,1196813,0.0238,0,increases_risk,inq_last_6mths,0.007309,0.32988
low_risk,73,1196813,0.0238,0,increases_risk,purpose_credit_card,0.004682,0.0
low_risk,73,1196813,0.0238,0,increases_risk,home_ownership_OWN,0.003304,1.0
low_risk,73,1196813,0.0238,0,increases_risk,bc_util,0.002497,-1.5021428
low_risk,73,1196813,0.0238,0,increases_risk,total_il_high_credit_limit,0.00135,-0.49951932
low_risk,73,1196813,0.0238,0,increases_risk,total_bal_ex_mort,0.000735,-0.2205603
low_risk,73,1196813,0.0238,0,increases_risk,purpose_wedding,0.000244,0.0
low_risk,73,1196813,0.0238,0,increases_risk,acc_now_delinq,7e-05,-0.06593545
low_risk,73,1196813,0.0238,0,increases_risk,home_ownership_ANY,0.0,0.0
low_risk,73,1196813,0.0238,0,increases_risk,application_type_Joint App,0.0,0.0
low_risk,73,1196813,0.0238,0,increases_risk,home_ownership_NONE,0.0,0.0
low_risk,73,1196813,0.0238,0,lowers_risk,int_rate_clean,-1.243402,-1.7229091
low_risk,73,1196813,0.0238,0,lowers_risk,dti,-0.209793,-1.2587254
low_risk,73,1196813,0.0238,0,lowers_risk,fico_mean,-0.200449,1.2925245
low_risk,73,1196813,0.0238,0,lowers_risk,annual_inc,-0.1581,0.7396867
low_risk,73,1196813,0.0238,0,lowers_risk,term_months,-0.15472,-0.56801224
low_risk,73,1196813,0.0238,0,lowers_risk,avg_cur_bal,-0.13251,0.7439585
low_risk,73,1196813,0.0238,0,lowers_risk,mort_acc,-0.070711,1.1386791
low_risk,73,1196813,0.0238,0,lowers_risk,total_acc,-0.063687,2.4215343
low_risk,73,1196813,0.0238,0,lowers_risk,tot_cur_bal,-0.041887,1.5340033
low_risk,73,1196813,0.0238,0,lowers_risk,revol_util_clean,-0.037327,-1.2796135
low_risk,73,1196813,0.0238,0,lowers_risk,mths_since_last_delinq,-0.034691,2.7501085
low_risk,73,1196813,0.0238,0,lowers_risk,home_ownership_RENT,-0.030066,0.0
low_risk,73,1196813,0.0238,0,lowers_risk,loan_amnt,-0.029338,-0.5133164
low_risk,73,1196813,0.0238,0,lowers_risk,bc_open_to_buy,-0.026201,4.0246935
low_risk,73,1196813,0.0238,0,lowers_risk,emp_length_years_is_missing,-0.025614,0.0
low_risk,74,450194,0.0241,0,increases_risk,open_acc,0.025286,0.45533827
low_risk,74,450194,0.0241,0,increases_risk,verification_status_Source Verified,0.019934,1.0
low_risk,74,450194,0.0241,0,increases_risk,bc_util,0.016134,-1.1516187
low_risk,74,450194,0.0241,0,increases_risk,emp_length_years,0.012212,0.5627343
low_risk,74,450194,0.0241,0,increases_risk,verification_status_Verified,0.008547,0.0
low_risk,74,450194,0.0241,0,increases_risk,verification_status_Not Verified,0.00574,0.0
low_risk,74,450194,0.0241,0,increases_risk,purpose_credit_card,0.003546,0.0
low_risk,74,450194,0.0241,0,increases_risk,installment,0.000605,0.057915047
low_risk,74,450194,0.0241,0,increases_risk,purpose_wedding,0.000271,0.0
low_risk,74,450194,0.0241,0,increases_risk,acc_now_delinq,9.5e-05,-0.06593545
low_risk,74,450194,0.0241,0,increases_risk,mths_since_last_delinq_is_missing,3.1e-05,1.0
low_risk,74,450194,0.0241,0,increases_risk,tax_liens,8e-06,-0.12772587
low_risk,74,450194,0.0241,0,increases_risk,purpose_educational,0.0,0.0
low_risk,74,450194,0.0241,0,increases_risk,purpose_house,0.0,0.0
low_risk,74,450194,0.0241,0,increases_risk,purpose_renewable_energy,0.0,0.0
low_risk,74,450194,0.0241,0,lowers_risk,int_rate_clean,-1.323054,-1.7229091
low_risk,74,450194,0.0241,0,lowers_risk,fico_mean,-0.328582,2.102876
low_risk,74,450194,0.0241,0,lowers_risk,term_months,-0.166642,-0.56801224
low_risk,74,450194,0.0241,0,lowers_risk,annual_inc,-0.062725,0.0713511
low_risk,74,450194,0.0241,0,lowers_risk,avg_cur_bal,-0.053757,0.18734568
low_risk,74,450194,0.0241,0,lowers_risk,inq_last_6mths,-0.036943,-0.7074305
low_risk,74,450194,0.0241,0,lowers_risk,revol_util_clean,-0.036571,-1.1334695
low_risk,74,450194,0.0241,0,lowers_risk,home_ownership_MORTGAGE,-0.032061,1.0
low_risk,74,450194,0.0241,0,lowers_risk,tot_cur_bal,-0.031856,0.56960833
low_risk,74,450194,0.0241,0,lowers_risk,bc_open_to_buy,-0.031321,1.3857086
low_risk,74,450194,0.0241,0,lowers_risk,emp_length_years_is_missing,-0.030475,0.0
low_risk,74,450194,0.0241,0,lowers_risk,total_bc_limit,-0.027546,1.0343877
low_risk,74,450194,0.0241,0,lowers_risk,dti,-0.027392,-0.12304785
low_risk,74,450194,0.0241,0,lowers_risk,home_ownership_RENT,-0.02696,0.0
low_risk,74,450194,0.0241,0,lowers_risk,acc_open_past_24mths,-0.024888,-0.16778497
low_risk,75,986350,0.0242,0,increases_risk,revol_util_clean,0.036276,0.9793568
low_risk,75,986350,0.0242,0,increases_risk,mort_acc,0.018331,-0.344349
low_risk,75,986350,0.0242,0,increases_risk,bc_open_to_buy,0.012251,-0.30745986
low_risk,75,986350,0.0242,0,increases_risk,mths_since_last_delinq,0.009839,-0.6199413
low_risk,75,986350,0.0242,0,increases_risk,delinq_2yrs,0.009833,0.79144996
low_risk,75,986350,0.0242,0,increases_risk,verification_status_Verified,0.00747,0.0
low_risk,75,986350,0.0242,0,increases_risk,total_acc,0.006369,-0.52287114
low_risk,75,986350,0.0242,0,increases_risk,purpose_debt_consolidation,0.001706,0.0
low_risk,75,986350,0.0242,0,increases_risk,mths_since_last_delinq_is_missing,0.001476,0.0
low_risk,75,986350,0.0242,0,increases_risk,total_bal_ex_mort,0.001189,0.6123532
low_risk,75,986350,0.0242,0,increases_risk,purpose_wedding,0.000289,0.0
low_risk,75,986350,0.0242,0,increases_risk,home_ownership_OWN,0.000126,0.0
low_risk,75,986350,0.0242,0,increases_risk,acc_now_delinq,3e-05,-0.06593545
low_risk,75,986350,0.0242,0,increases_risk,purpose_house,0.0,0.0
low_risk,75,986350,0.0242,0,increases_risk,purpose_educational,0.0,0.0
low_risk,75,986350,0.0242,0,lowers_risk,int_rate_clean,-1.187454,-1.7229091
low_risk,75,986350,0.0242,0,lowers_risk,acc_open_past_24mths,-0.26848,-1.5017049
low_risk,75,986350,0.0242,0,lowers_risk,avg_cur_bal,-0.203288,2.827216
low_risk,75,986350,0.0242,0,lowers_risk,term_months,-0.162004,-0.56801224
low_risk,75,986350,0.0242,0,lowers_risk,annual_inc,-0.121381,0.72483486
low_risk,75,986350,0.0242,0,lowers_risk,fico_mean,-0.058977,0.48217294
low_risk,75,986350,0.0242,0,lowers_risk,inq_last_6mths,-0.040792,-0.7074305
low_risk,75,986350,0.0242,0,lowers_risk,emp_length_years_is_missing,-0.028434,0.0
low_risk,75,986350,0.0242,0,lowers_risk,home_ownership_RENT,-0.026542,0.0
low_risk,75,986350,0.0242,0,lowers_risk,total_il_high_credit_limit,-0.0263,1.3106406
low_risk,75,986350,0.0242,0,lowers_risk,home_ownership_MORTGAGE,-0.023171,1.0
low_risk,75,986350,0.0242,0,lowers_risk,bc_util,-0.021814,0.54823446
low_risk,75,986350,0.0242,0,lowers_risk,tot_cur_bal,-0.021707,2.116825
low_risk,75,986350,0.0242,0,lowers_risk,total_bc_limit,-0.018991,0.0016829154
low_risk,75,986350,0.0242,0,lowers_risk,open_acc,-0.018763,-0.6657464
